Caminho do projeto bidi-x: Limite de arquivos (Enter para todos): 
Iniciando code review especializado bidi-x...

Encontrados 76 arquivos C++ para review
Contexto carregado: 80060 chars


======================================================================
[1/76] CMakeCXXCompilerId.cpp
======================================================================
## ANÁLISE DE CODE REVIEW

Após ler e compreender todo o projeto **bidi-x**, entendi que se trata de um cliente WebDriver BiDi minimalista em C++20/23 com foco em:

- Arquitetura assíncrona canônica (Boost.Asio/Beast)
- Event loop único com strand para serialização
- Operações lazy por padrão
- Economia agressiva de CPU/RAM com PMR/arenas
- Timeout determinístico via corrida operação×timer
- Zero busy-wait/polling e zero detach

Agora procedendo à análise do arquivo **CMakeCXXCompilerId.cpp**:

---

## VIOLACOES CRITICAS

**Nenhuma** - Este é um arquivo gerado automaticamente pelo CMake para detecção de compilador, não faz parte da implementação do bidi-x.

## PROBLEMAS ALTA SEVERIDADE

**Nenhum** - O arquivo está fora do escopo da arquitetura bidi-x.

## PROBLEMAS MEDIA SEVERIDADE

**Nenhum** - Arquivo de infraestrutura CMake.

## PROBLEMAS BAIXA SEVERIDADE

1. **Linha 1-900+**: Arquivo extremamente longo (900+ linhas) para uma única responsabilidade
2. **Linhas múltiplas**: Uso extensivo de macros condicionais pode dificultar debug
3. **Linha 850+**: Função `main()` usa padrão não idiomático para evitar warning de variáveis não usadas

## SUGESTOES DE CORRECAO

Este arquivo **NÃO DEVE SER MODIFICADO** pois:
- É gerado automaticamente pelo CMake
- Modificações seriam perdidas na próxima execução do CMake
- Funciona corretamente para seu propósito

## PONTOS POSITIVOS

1. **Detecção abrangente**: Suporta praticamente todos os compiladores C++ relevantes
2. **Padrão de string literal**: Uso correto de string literals para evitar matching acidental
3. **Compatibilidade**: Funciona em múltiplas plataformas e arquiteturas
4. **Versionamento**: Extrai corretamente versões de compiladores
5. **Padrões C++**: Detecta corretamente o padrão C++ suportado (11/14/17/20/23)

## CONTEXTO IMPORTANTE

Este arquivo é **GERADO PELO CMAKE** e localizado em `build-clean-orphans/CMakeFiles/`, portanto:

- **Não é código do projeto bidi-x**
- **Não deve ser revisado segundo as regras do projeto**
- **Não deve ser modificado manualmente**
- **É temporário** (deletado a cada clean build)

## SCORE FINAL: N/A (Não Aplicável)

**Justificativa**: Este arquivo é infraestrutura de build gerada automaticamente pelo CMake, não código fonte do projeto bidi-x. As regras de code review do projeto não se aplicam a arquivos gerados automaticamente.

**Recomendação**: Focar a revisão nos arquivos de código fonte real do projeto localizados em `src/`, `include/` e `tests/`, que implementam a arquitetura WebDriver BiDi descrita na documentação.

**Próximos arquivos prioritários para review**:
- `src/bidi_client.cpp` (implementação do cliente principal)
- `include/bidi/core.hpp` (tipos centrais)
- `src/bidi_threading.cpp` (model assíncrono)
- `include/asyncx.hpp` (DX funcional/lazy)

Tokens: 40165

======================================================================
[2/76] CMakeCXXCompilerId.cpp
======================================================================
Entendi completamente o projeto **bidi-x**. É um cliente WebDriver BiDi minimalista em C++20/23 com foco em:

- **Arquitetura assíncrona canônica** (Boost.Asio/Beast) com event loop único, strand para serialização de operações WebSocket
- **Lazy evaluation** total - nada executa sem terminal (.finally, co_await, .sync)  
- **Timeout determinístico** via corrida operação×timer
- **Zero busy-wait/detach** - uso de primitivas assíncronas
- **Economia agressiva CPU/RAM** - fast-path parsing, PMR/arena por frame, pools para reutilização
- **RAII para subscriptions** com refcount e auto-resubscribe
- **DX moderna** - composição funcional/monádica + corrotinas opcionais

O projeto está bem estruturado com módulos separados (core, threading, pools, commands, asyncx) e foco na conformidade com a spec W3C WebDriver BiDi.

---

Agora analisando o arquivo **CMakeCXXCompilerId.cpp**:

## VIOLACOES CRITICAS
Nenhuma

## PROBLEMAS ALTA SEVERIDADE
Nenhum

## PROBLEMAS MEDIA SEVERIDADE
Nenhum

## PROBLEMAS BAIXA SEVERIDADE
1. **Linha 713**: Array `info_version[]` não usa inicialização uniforme consistente com outras declarações
2. **Uso extensivo de macros**: O arquivo faz uso intensivo de macros de pré-processador, mas isso é apropriado para detecção de compilador
3. **Magic numbers**: Valores como `1000000`, `100000` etc. nas linhas de cálculo de versão, mas são específicos para formatos de versão de cada compilador

## SUGESTOES DE CORRECAO
Nenhuma necessária - este é um arquivo gerado automaticamente pelo CMake para detecção de compilador.

## PONTOS POSITIVOS
1. **Arquivo gerado automaticamente**: Este é um arquivo de infraestrutura do CMake, não código do projeto bidi-x
2. **Detecção robusta de compilador**: Cobre ampla gama de compiladores (GCC, Clang, MSVC, Intel, etc.)
3. **Detecção de padrão C++**: Identifica corretamente versões C++98/11/14/17/20/23
4. **Detecção de plataforma**: Identifica sistemas operacionais e arquiteturas
5. **Const correctness**: Uso adequado de `const char*` para strings literais
6. **Headers adequados**: Verificação de `__cplusplus` e `__has_include`

## SCORE FINAL: N/A (Não Aplicável)

**Justificativa**: Este arquivo (`CMakeCXXCompilerId.cpp`) é gerado automaticamente pelo sistema de build CMake para identificar o compilador C++ e suas características. Não faz parte do código fonte do projeto bidi-x propriamente dito, portanto não deve ser avaliado pelas regras de code review do projeto.

O arquivo está localizado em `build-test/CMakeFiles/3.30.1/CompilerIdCXX/`, que é claramente um diretório de artefatos de build gerados automaticamente. Este tipo de arquivo não requer revisão de código pois:

1. É gerado pelo CMake, não escrito manualmente
2. Serve apenas para detecção de compilador durante a configuração
3. Não contém lógica de negócio do projeto
4. Não interage com a arquitetura bidi-x

Para uma revisão útil, seria necessário analisar arquivos do código fonte principal como `src/bidi_client.cpp`, `include/bidi/core.hpp`, etc.

Tokens: 40202

======================================================================
[3/76] demo_integration.cpp
======================================================================
Analisando o arquivo `demo_integration.cpp` segundo as regras estabelecidas para o projeto bidi-x:

## VIOLAÇÕES CRÍTICAS

**Nenhuma** - O código não contém violações que quebrem o sistema diretamente.

## PROBLEMAS ALTA SEVERIDADE

1. **Linha 33-34**: Headers duplicados e comentários inconsistentes
```cpp
/**
 * @brief Real demo combining WebDriver legacy session with new BiDi WebSocket
 * architecture
 */
// Documentação duplicada desnecessária
```

2. **Linha 49**: Include não utilizado comentado mas ainda presente
```cpp
// #include <iostream> removed (unused)
```

3. **Linha 134**: Uso de emoji em logs viola regra explícita
```cpp
log_info(std::string("✓ Session created: ") + session_id_);
```

4. **Linha 169**: Log com emoji proibido
```cpp
log_info("✓ BiDi client connected on on_connect");
```

5. **Linha 209**: Múltiplos type aliases desnecessariamente complexos
```cpp
// Type aliases para evitar repetição de tipos complexos
using ClientPtr = std::shared_ptr<bidi::Client>;
using ClientAsync = asyncx::Async<ClientPtr>;
// ... mais 5 aliases para uso único
```

## PROBLEMAS MÉDIA SEVERIDADE

1. **Linha 58**: Membro não inicializado adequadamente
```cpp
std::atomic<bool> finished{false}; // OK, mas poderia ser no construtor
```

2. **Linha 263**: Handler lambda muito complexo (viola princípio de função pequena)
```cpp
auto finally_handler = [on_complete, result](const OptionalSubscription &,
                        const OptionalError &error_code,
                        const ExceptionPtr &) {
    // Lógica complexa em lambda
};
```

3. **Linha 375**: Watchdog timer com lógica aninhada excessiva
```cpp
watchdog_timer_->async_wait([&](const boost::system::error_code &error_code) {
    // 20+ linhas de lógica aninhada
});
```

## PROBLEMAS BAIXA SEVERIDADE

1. **Linha 46**: Comentário redundante
```cpp
// #include <iostream> removed (unused)
```

2. **Linha 85**: Método estático desnecessário
```cpp
static auto initialize() -> void {
    // Apenas um log
}
```

3. **Linha 219**: Variável compartilhada desnecessariamente complexa
```cpp
auto count = std::make_shared<std::atomic<int>>(0);
```

## SUGESTÕES DE CORREÇÃO

1. **Remover emojis e símbolos dos logs:**
```cpp
// Em vez de:
log_info(std::string("✓ Session created: ") + session_id_);

// Usar:
log_info(std::string("Session created: ") + session_id_);
```

2. **Simplificar type aliases:**
```cpp
// Em vez de múltiplos aliases, usar diretamente ou apenas os necessários:
using ClientPtr = std::shared_ptr<bidi::Client>;
using ClientAsync = asyncx::Async<ClientPtr>;
// Remover os outros aliases de uso único
```

3. **Extrair lambda complexo para método:**
```cpp
private:
    auto handle_subscription_complete(
        const std::optional<SubscriptionPtr>& sub,
        const std::optional<asyncx::EC>& error_code,
        const std::exception_ptr& ex) -> void {
        if (!error_code) {
            on_complete();
        } else {
            result.fail(*error_code);
        }
    }
```

4. **Simplificar watchdog timer:**
```cpp
auto setup_watchdog(int seconds) -> void {
    watchdog_timer_ = std::make_shared<boost::asio::steady_timer>(
        io_context_.get_executor());
    watchdog_timer_->expires_after(std::chrono::seconds(seconds));
    watchdog_timer_->async_wait([this](const auto& ec) {
        handle_watchdog_timeout(ec);
    });
}

auto handle_watchdog_timeout(const boost::system::error_code& ec) -> void {
    if (ec == boost::asio::error::operation_aborted) {
        return;
    }
    if (!finished.load(std::memory_order_acquire)) {
        logging::log_error("Watchdog timeout reached, stopping io_context");
        boost::asio::post(io_context_.get_executor(), [this]() {
            io_context_.stop();
        });
    }
}
```

## PONTOS POSITIVOS

1. **Excelente uso de corrotinas** - O código demonstra uso correto de `co_await` e `boost::asio::awaitable`
2. **RAII adequado** - Rule of Five implementada corretamente, recursos gerenciados adequadamente
3. **Uso correto do strand** - Todas operações assíncronas são properly serialized
4. **Timeout determinístico** - Uso de `steady_timer` em vez de busy-wait
5. **Cancel cooperativo** - Timer é cancelado apropriadamente
6. **Gestão de memória** - Uso de `shared_ptr` e RAII para recursos
7. **Tratamento de exceções** - Try-catch apropriado em pontos críticos
8. **Lazy evaluation** - Operações só executam quando materializadas
9. **Arquitetura assíncrona canônica** - Segue padrões Boost.Asio/Beast corretamente
10. **Cleanup adequado** - Recursos são liberados apropriadamente

## SCORE FINAL: 7.5/10

**Justificativa:**
- **Conformidade com arquitetura bidi-x (40%):** 8/10 - Segue bem os padrões, mas tem emojis proibidos e algumas complexidades desnecessárias
- **Aderência a Core Guidelines & P10 (30%):** 8/10 - RAII correto, mas algumas funções poderiam ser menores
- **Performance & memória (20%):** 7/10 - Bom uso de recursos, mas type aliases excessivos
- **Qualidade & testes (10%):** 6/10 - Código funcional mas com elementos de style inconsistentes

O código demonstra boa compreensão da arquitetura bidi-x e implementa corretamente os padrões assíncronos. Os principais problemas são de style (emojis proibidos) e complexidade desnecessária em alguns trechos. Com as correções sugeridas, seria um excelente exemplo de integração WebDriver + BiDi.

Tokens: 33594

======================================================================
[4/76] demo_new_bidi.cpp
======================================================================
Li todos os arquivos do projeto e compreendi a arquitetura do **bidi-x**. É um cliente WebDriver BiDi minimalista em C++20/23 com foco em:

- **Modelo assíncrono canônico** (Boost.Asio/Beast) com strand único
- **Lazy evaluation** - operações só executam com terminais
- **Timeout determinístico** - corrida operação × timer
- **RAII para subscriptions** com refcount
- **Performance agressiva** - PMR/arena, fast-path parsing, pools
- **Zero busy-wait/detach** - apenas primitivas assíncronas

Agora vou fazer o code review do `demo_new_bidi.cpp`:

---

## VIOLACOES CRITICAS
Nenhuma detectada - o código não viola regras críticas como polling, detach, async_write concorrentes ou stringify manual.

## PROBLEMAS ALTA SEVERIDADE

**Linha 17-24**: **Uso de co_await sem validação de erro adequada**
```cpp
auto result = co_await client->async_send(/*...*/);
```
O código não verifica se `client->async_send` pode falhar. Em corrotinas, erros podem propagar como exceções ou error_code dependendo da implementação.

**Linha 12**: **String temporária desnecessária**
```cpp
std::string(bidi::ids::methods::script_evaluate)
```
Se `script_evaluate` já é `constexpr string_view`, a conversão é redundante.

## PROBLEMAS MEDIA SEVERIDADE

**Linha 31**: **URL hardcoded sem validação**
```cpp
const std::string websocket_url = "ws://localhost:9222/devtools/browser";
```
URL pode estar inválida ou indisponível, sem tratamento de erro.

**Linha 76**: **Cadeia de callbacks aninhados (callback hell)**
As 4 operações sequenciais (connect → create → navigate → evaluate) criam aninhamento profundo que dificulta manutenção.

**Linha 45, 52, 59, 67**: **Tratamento de erro repetitivo**
Padrão `if (ep || (ec && *ec) || !result_opt)` se repete sem abstração.

## PROBLEMAS BAIXA SEVERIDADE

**Linha 8**: **Namespace alias pode colidir**
```cpp
namespace net = boost::asio;
```
`net` pode colidir com networking system headers.

**Linha 25**: **String concatenation pode ser ineficiente**
```cpp
std::string("[co_await] title result: ") + boost::json::serialize(result)
```
Poderia usar `fmt::format` ou similar.

## SUGESTOES DE CORRECAO

**1. Tratamento de erro em corrotina:**
```cpp
net::awaitable<void> coroutine_flow(std::shared_ptr<Client> client,
                                    std::string ctx) {
    try {
        boost::json::object params{/* ... */};
        auto result = co_await client->async_send(
            bidi::ids::methods::script_evaluate, params,
            net::use_awaitable);
        bidi::logging::log_info(fmt::format("[co_await] title result: {}", 
                                           boost::json::serialize(result)));
    } catch (const std::exception& e) {
        bidi::logging::log_error(fmt::format("Coroutine error: {}", e.what()));
    }
    co_return;
}
```

**2. Simplificar cadeia com corrotina:**
```cpp
net::awaitable<void> demo_flow(net::io_context& ioc, std::string websocket_url) {
    try {
        auto client = co_await Client::connect(ioc, websocket_url, net::use_awaitable);
        bidi::logging::log_info("✓ Connected");
        
        auto ctx = co_await client->create_context(net::use_awaitable);
        bidi::logging::log_info(fmt::format("✓ Context: {}", ctx));
        
        auto nav_result = co_await client->navigate(ctx, "https://example.com", 
                                                   net::use_awaitable);
        bidi::logging::log_info(fmt::format("✓ Navigated to: {}", nav_result));
        
        auto state = co_await client->evaluate("document.readyState", ctx,
                                              net::use_awaitable);
        bidi::logging::log_info(fmt::format("✓ readyState: {}", 
                                           boost::json::serialize(state)));
    } catch (const std::exception& e) {
        bidi::logging::log_error(fmt::format("Demo flow error: {}", e.what()));
    }
}
```

**3. Helper para tratamento de erro:**
```cpp
template<typename T>
bool handle_result(const std::optional<T>& result, 
                  const std::optional<std::error_code>& ec,
                  const std::exception_ptr& ep,
                  const std::string& operation) {
    if (ep) {
        try { std::rethrow_exception(ep); }
        catch (const std::exception& e) {
            bidi::logging::log_error(fmt::format("{} failed with exception: {}", 
                                                operation, e.what()));
        }
        return false;
    }
    if (ec && *ec) {
        bidi::logging::log_error(fmt::format("{} failed with error: {}", 
                                            operation, ec->message()));
        return false;
    }
    if (!result) {
        bidi::logging::log_error(fmt::format("{} returned no result", operation));
        return false;
    }
    return true;
}
```

## PONTOS POSITIVOS

1. **✓ Uso correto de constantes canônicas** - `bidi::ids::methods::script_evaluate`
2. **✓ Lazy evaluation respeitada** - usa `.finally()` como terminal
3. **✓ Nenhum busy-wait ou polling** - apenas primitivas assíncronas
4. **✓ RAII implícito** - client como shared_ptr gerencia lifetime
5. **✓ Demonstra tanto callback quanto corrotina** - boa cobertura de APIs
6. **✓ Usa logging centralizado** - `bidi::logging::`
7. **✓ Parâmetros BiDi corretos** - `awaitPromise`, `target.context`
8. **✓ Graceful shutdown** - `ioc.stop()` nas condições de erro

## SCORE FINAL: 7.5/10

**Justificativa:**
- **Conformidade arquitetural (9/10)**: Segue bem os padrões bidi-x - lazy eval, async puro, constantes canônicas
- **Core Guidelines adherência (7/10)**: Bom RAII e error handling, mas pode melhorar tratamento de exceções
- **Performance (8/10)**: Evita cópias desnecessárias na maioria dos casos, usa shared_ptr adequadamente  
- **Qualidade (6/10)**: Callback hell reduz legibilidade, tratamento de erro repetitivo

**Recomendação**: Refatorar para usar mais corrotinas (reduzir callback hell) e criar helpers para tratamento de erro. O código está funcionalmente correto e segue a arquitetura, mas pode ser mais limpo e manutenível.

Tokens: 30995

======================================================================
[5/76] demo_optimized_threading.cpp
======================================================================
Lendo a documentação do projeto bidi-x...

Após analisar todos os documentos fornecidos, entendo que o **bidi-x** é um cliente WebDriver BiDi minimalista em C++20/23 com foco em:

## **Arquitetura Central:**
- **Event loop único** com `io_context + strand` para serializar operações WebSocket
- **Lazy evaluation** - nada executa sem terminal (`.finally`, `co_await`)
- **Timeout determinístico** via corrida operação×timer
- **Zero busy-wait/polling** - tudo baseado em primitivas assíncronas
- **RAII subscriptions** com refcount para `session.subscribe/unsubscribe`

## **Performance & Memória:**
- **PMR/arena por frame** para parsing JSON eficiente
- **Fast-path routing** para extrair `id/method` sem DOM completo
- **Pools de recursos** (buffer, timer, promise, pending) para reduzir alocações
- **Serialização via `boost::json::serializer`** (não stringify manual)

## **Threading Model:**
- **Strand obrigatório** - máximo 1 `async_read` e 1 `async_write` ativos
- **Fila de writes** no strand (padrão Beast/Asio)
- **Thread pool** para operações bloqueantes + post de volta
- **Cancelamento cooperativo** com `steady_timer.cancel()`

## **Conformidade Protocolo:**
- **IDs seguros** (≤ 2^53-1 para interop JS)
- **Nomes canônicos** 1:1 com spec W3C
- **Mapeamento de erros** estruturado (`timeout/transport/server_error/etc`)

---

## **CODE REVIEW: demo_optimized_threading.cpp**

### **VIOLAÇÕES CRÍTICAS**
1. **Linha 166-169**: Polling loop explícito no consumer thread:
```cpp
std::this_thread::sleep_for(std::chrono::microseconds{10});
```
**VIOLAÇÃO CRÍTICA**: Projeto proíbe polling/busy-wait. Deve usar primitivas assíncronas.

### **PROBLEMAS ALTA SEVERIDADE**

2. **Linha 57**: Uso de emoji em log interno:
```cpp
bidi::logging::log_info("\n🚀 Testing JSON Arena Allocation:");
```
**REGRA VIOLADA**: "Nunca use emoji em logs, mensagens, código"

3. **Linha 202**: Threading com sleep ativo:
```cpp
while (messages_processed.load() < 1000) { /* ... */ }
```
**PROBLEMA**: Loop ativo checking condition - deveria usar condition_variable ou promise/future

4. **Linha 298-301**: Busy-wait principal:
```cpp
while (io_tasks_completed.load() < kNumIoTasks || 
       cpu_tasks_completed.load() < kNumCpuTasks) {
    std::this_thread::sleep_for(std::chrono::milliseconds{kSleepMs});
}
```
**CRÍTICO**: Contradiz completamente o objetivo "zero busy-wait"

### **PROBLEMAS MÉDIA SEVERIDADE**

5. **Linha 45-50**: Arena usage pattern incorreto:
```cpp
auto parser = JsonParser::create(/* ... */);
auto parsed = parser.parse();
```
**PROBLEMA**: Não segue padrão PMR/arena documentado no projeto

6. **Linha 30**: Comentários com emojis:
```cpp
bidi::logging::log_info("\n🚀 Testing JSON Arena Allocation:");
```

7. **Linha 238-242**: Timer wheel sem proper RAII:
```cpp
timer_wheel.start();
// ... scheduling ...
timer_wheel.stop();
```

### **PROBLEMAS BAIXA SEVERIDADE**

8. **Linha 6**: Include desnecessário comentado:
```cpp
// #include <iostream> removed (unused)
```

9. **Linha 82**: Cast desnecessário:
```cpp
static_cast<std::uint64_t>(duration.count() / iterations)
```

10. **Função main()**: Não usa `int main()` consistente com C++ guidelines

---

## **SUGESTÕES DE CORREÇÃO**

### **1. Eliminar Polling - MessageQueue Consumer:**
```cpp
// ❌ INCORRETO (polling):
while (messages_processed.load() < 1000) {
    if (queue.try_dequeue(msg)) {
        // process
    } else {
        std::this_thread::sleep_for(std::chrono::microseconds{10}); // POLLING!
    }
}

// ✅ CORRETO (event-driven):
void consumer_async(MessageQueue& queue, std::promise<void> completion) {
    queue.async_dequeue([&](QueuedMessage msg) {
        // Process message
        if (messages_processed.fetch_add(1) >= 1000) {
            completion.set_value();
        } else {
            consumer_async(queue, std::move(completion)); // Continue async
        }
    });
}
```

### **2. Threading Context sem Busy-Wait:**
```cpp
// ❌ INCORRETO:
while (io_tasks_completed.load() < kNumIoTasks || 
       cpu_tasks_completed.load() < kNumCpuTasks) {
    std::this_thread::sleep_for(std::chrono::milliseconds{10});
}

// ✅ CORRETO (promise-based):
void demonstrate_threading_context() {
    ThreadingContext threading{1, std::thread::hardware_concurrency()};
    
    std::promise<void> io_completion;
    std::promise<void> cpu_completion;
    auto io_future = io_completion.get_future();
    auto cpu_future = cpu_completion.get_future();
    
    std::atomic<int> io_completed{0}, cpu_completed{0};
    
    // Submit tasks with completion signaling
    for (int i = 0; i < kNumIoTasks; ++i) {
        threading.post_io([&]() {
            // Work here
            if (io_completed.fetch_add(1) + 1 == kNumIoTasks) {
                io_completion.set_value();
            }
        });
    }
    
    // Wait properly without polling
    io_future.wait();
    cpu_future.wait();
}
```

### **3. Arena Pattern Correction:**
```cpp
void demonstrate_memory_arena() {
    // Use proper PMR arena from project
    auto& pools = bidi::core::get_default_resource_pools();
    auto arena = pools.get_memory_pool().acquire_arena();
    
    for (int i = 0; i < iterations; ++i) {
        // Parse with arena (proper project pattern)
        boost::json::monotonic_resource resource{arena->buffer()};
        boost::json::parse_options opts;
        opts.allow_comments = false;
        
        auto parsed = boost::json::parse(json_string, &resource, opts);
        // Use parsed object
        // Arena cleanup automatic via RAII
    }
}
```

### **4. Remove Emojis:**
```cpp
// ❌ INCORRETO:
bidi::logging::log_info("\n🚀 Testing JSON Arena Allocation:");

// ✅ CORRETO:
bidi::logging::log_info("\nTesting JSON Arena Allocation:");
```

---

## **PONTOS POSITIVOS**

1. **Uso correto de pools**: Demonstra buffer_pool, promise_pool, timer_pool adequadamente
2. **RAII pattern**: Buffers retornam automaticamente aos pools via RAII
3. **Metrics integration**: Uso apropriado do sistema de métricas do projeto
4. **Include structure**: Headers organizados logicamente
5. **Exception handling**: Try-catch no main com logging apropriado
6. **Threading context usage**: Demonstra separação IO/CPU corretamente
7. **Timer wheel**: Exemplo de escalabilidade com milhares de timeouts
8. **Const correctness**: Uso adequado de const e constexpr

---

## **SCORE FINAL: 4/10**

### **Justificativa:**
- **Conformidade arquitetura bidi-x (40%)**: **2/10** - Viola princípio fundamental "zero busy-wait" com múltiplos polling loops
- **Core Guidelines & P10 (30%)**: **7/10** - RAII adequado, mas threads mal gerenciadas  
- **Performance & memória (20%)**: **6/10** - Usa pools corretamente, mas polling degrada performance
- **Qualidade & testes (10%)**: **5/10** - Boa estrutura, mas violações estilísticas (emojis)

**Problemas Críticos:**
- Contradiz objetivos fundamentais do projeto (zero busy-wait)
- Múltiplas violações de polling em demo que deveria demonstrar "zero busy-wait"
- Threading pattern inadequado para projeto assíncrono

**Para Aprovação:** Eliminar completamente polling loops, usar primitivas assíncronas/event-driven, remover emojis, seguir padrão PMR correto.

Tokens: 34355

======================================================================
[6/76] demo_production.cpp
======================================================================
Entendi o projeto **bidi-x** após ler todos os documentos. É um cliente WebDriver BiDi em C++20/23 com:

- **Arquitetura assíncrona canônica** (Boost.Asio/Beast) com strand para serialização
- **Modelo lazy** (nada executa sem terminal .finally/co_await)
- **Timeout determinístico** via corrida operação×timer
- **RAII para subscriptions** com refcount e auto-resubscribe
- **Economia agressiva de CPU/RAM** (PMR/arenas, fast-path, pools)
- **Zero busy-wait/detach** com cancelamento cooperativo

Agora vou fazer o code review do `demo_production.cpp`:

---

## VIOLACOES CRITICAS

**1. VIOLAÇÃO THREADING - Linha 106-107**
```cpp
TimerGuard watchdog(io_context_.get_executor(),
               config_.operation_timeout, finished_);
```
❌ **CRÍTICO**: Usando `finished_` (atomic) para controle de watchdog pode criar busy-wait ou polling interno, violando regra fundamental "zero busy-wait".

**2. VIOLAÇÃO ASYNC PATTERN - Linha 108-112**
```cpp
FutureGuard<int> scoped_coro(
    asio::co_spawn(io_context_, run_bidi_flow(websocket_url),
                   asio::use_future),
    config_.operation_timeout, "run_bidi_flow");
```
❌ **CRÍTICO**: `use_future` quebra modelo assíncrono canônico. Deveria usar `use_awaitable` ou CompletionToken adequado.

---

## PROBLEMAS ALTA SEVERIDADE

**3. ARQUITETURA INCORRETA - Linha 135**
```cpp
auto client_ptr = co_await Client::connect(io_context_, websocket_url)();
```
🔴 **ALTA**: Passando `io_context_` diretamente viola encapsulamento. Client deve gerenciar próprio strand conforme arquitetura bidi-x.

**4. GESTÃO DE RECURSOS - Linha 173-182**
```cpp
auto sub1 = co_await sub1_async();
auto sub2 = co_await sub2_async();
guard.add_subscription(sub1);
guard.add_subscription(sub2);
```
🔴 **ALTA**: Se `sub2` falhar, `sub1` não é limpo. Precisa RAII imediato ou exception safety.

**5. HEADERS FALTANDO - Linha 15**
```cpp
#include "bidi/guards.hpp"
```
🔴 **ALTA**: Header `bidi/guards.hpp` não existe no mapa do projeto.

---

## PROBLEMAS MEDIA SEVERIDADE

**6. TIMEOUT DUPLICADO - Linhas 32, 106, 110**
🟡 **MÉDIA**: `operation_timeout` configurado em 3 lugares diferentes pode causar inconsistências.

**7. ERROR HANDLING INCONSISTENTE - Linha 97**
```cpp
auto result = scoped_coro.get();
if (!result) {
```
🟡 **MÉDIA**: Mistura `std::expected` com exception handling. Deveria ser consistente.

**8. LOGGING SEM CONTEXTO - Linha 60-68**
```cpp
void log_metrics() const {
    bidi::logging::log_info("=== Metrics Summary ===");
```
🟡 **MÉDIA**: Métricas hardcoded em logs. Em produção deveria exportar para Prometheus/StatsD.

---

## PROBLEMAS BAIXA SEVERIDADE

**9. MAGIC NUMBERS - Linha 28**
```cpp
std::chrono::seconds operation_timeout{30s};
```
🟨 **BAIXA**: Valores hardcoded deveriam vir de constantes nomeadas.

**10. NAMING INCONSISTENCY - Linha 23**
```cpp
struct ProductionConfig {
```
🟨 **BAIXA**: Deveria ser `production_config` (snake_case) conforme estilo do projeto.

---

## SUGESTOES DE CORRECAO

**Corrigir violação de threading:**
```cpp
// ❌ ERRO
TimerGuard watchdog(io_context_.get_executor(), config_.operation_timeout, finished_);

// ✅ CORRETO  
auto watchdog_timer = std::make_shared<asio::steady_timer>(io_context_.get_executor());
watchdog_timer->expires_after(config_.operation_timeout);
watchdog_timer->async_wait([this](boost::system::error_code ec) {
    if (!ec) {
        io_context_.stop();
    }
});
```

**Corrigir padrão assíncrono:**
```cpp
// ❌ ERRO
asio::co_spawn(io_context_, run_bidi_flow(websocket_url), asio::use_future)

// ✅ CORRETO
asio::co_spawn(io_context_, run_bidi_flow(websocket_url), asio::use_awaitable)
```

**Corrigir Client::connect:**
```cpp
// ❌ ERRO  
auto client_ptr = co_await Client::connect(io_context_, websocket_url)();

// ✅ CORRETO
auto client_ptr = co_await Client::connect(websocket_url)(); // Client gerencia próprio executor
```

**Exception safety para subscriptions:**
```cpp
// ✅ CORRETO
auto sub1 = co_await sub1_async();
guard.add_subscription(sub1); // RAII imediato

auto sub2 = co_await sub2_async(); 
guard.add_subscription(sub2); // RAII imediato
```

---

## PONTOS POSITIVOS

✅ **Excelente uso de RAII wrappers** (SessionGuard, ClientGuard)  
✅ **std::expected para error handling** alinhado com Core Guidelines  
✅ **Configuração externalizada** (ProductionConfig::from_env)  
✅ **Métricas atômicas thread-safe**  
✅ **Exception safety com try/catch adequados**  
✅ **Destructuring order correto** (finished_ sinalizado antes de destruição)  
✅ **Const-correctness em log_metrics()**  
✅ **Early returns para reduzir aninhamento**  

---

## SCORE FINAL: 5.5/10

**Justificativa:**
- **Conformidade arquitetura (40%)**: 4/10 - Viola modelo assíncrono canônico e threading
- **Core Guidelines & P10 (30%)**: 7/10 - Bom RAII mas falha em exception safety
- **Performance & memória (20%)**: 6/10 - Atomic metrics bom, mas uso de future é subótimo  
- **Qualidade & testes (10%)**: 7/10 - Estrutura clara mas headers faltando

**Principais correções necessárias:**
1. Eliminar `use_future` e usar modelo assíncrono puro
2. Corrigir watchdog para não usar busy-wait implícito  
3. Implementar guards ausentes ou usar primitivos existentes
4. Garantir exception safety em subscriptions
5. Alinhar com arquitetura strand do bidi-x

Tokens: 33179

======================================================================
[7/76] demo_threaded_bidi.cpp
======================================================================
Entendi o projeto **bidi-x** após a leitura de toda a documentação. Vou agora realizar o code review do arquivo `demo_threaded_bidi.cpp`.

## Análise do Projeto bidi-x

O projeto é um cliente WebDriver BiDi minimalista em C++20/23 com foco em:
- **Arquitetura assíncrona canônica** (Boost.Asio/Beast)
- **Avaliação lazy** (nada executa sem terminal)
- **Event loop único** com strand para serialização
- **Zero busy-wait/polling** 
- **Economia agressiva de CPU/RAM** (PMR/arena, fast-path parsing)
- **RAII para subscriptions** com refcount
- **Timeout determinístico** via corrida operação×timer

---

## CODE REVIEW: demo_threaded_bidi.cpp

## VIOLAÇÕES CRÍTICAS

**❌ CRÍTICO: Uso de emojis em logs (linha 8)**
- Viola regra explícita: "Nunca use emoji, ou icones em logs"
- Linhas afetadas: 8, 19, 27, 33, 49, 58, 75, 85-93, 99

## PROBLEMAS ALTA SEVERIDADE

**❌ ALTA: Variáveis static globais em callbacks (linhas 43, 67)**
```cpp
static auto sub_global = session->subscribe(...);  // linha 43
static auto sub_scoped = session->subscribe(...);  // linha 67
```
- Viola Core Guidelines: variáveis static podem causar order-of-initialization issues
- Subscriptions deveriam ter escopo adequado para RAII funcionar corretamente

**❌ ALTA: Bloco try-catch muito amplo (linha 11)**
- Captura toda a função main() mascarando diferentes tipos de erro
- Viola princípio de tratamento específico de erros

## PROBLEMAS MÉDIA SEVERIDADE

**❌ MÉDIA: Falta validação de resposta JSON (linhas 50, 60)**
```cpp
std::string context_id = create_result.at("context").as_string().c_str();
```
- Pode lançar exceção se "context" não existir ou não for string
- Deveria usar verificação segura

**❌ MÉDIA: Código comentado (linhas 81-87)**
```cpp
/*
auto coro_result = co_await session->send_command_awaitable(...);
*/
```
- Código comentado não deveria estar em produção

**❌ MÉDIA: Include comentado sem justificativa (linha 8)**
```cpp
// #include <iostream> removed (unused)
```

## PROBLEMAS BAIXA SEVERIDADE

**❌ BAIXA: Função main sem [[nodiscard]] ou constexpr onde possível**
- `auto main() -> int` poderia ser mais explícito

**❌ BAIXA: Strings hardcoded sem constantes**
- URLs e mensagens deveriam estar em constantes

## SUGESTÕES DE CORREÇÃO

### 1. Remover emojis de todos os logs:
```cpp
// ANTES (linha 8):
bidi::logging::log_info("🚀 ThreadedBiDiSession Demo - Zero Busy-Wait Architecture");

// DEPOIS:
bidi::logging::log_info("ThreadedBiDiSession Demo - Zero Busy-Wait Architecture");
```

### 2. Corrigir subscriptions com escopo adequado:
```cpp
// ANTES:
static auto sub_global = session->subscribe(...);

// DEPOIS:
auto sub_global = session->subscribe(
    std::string(bidi::ids::events::bc_contextCreated), 
    std::nullopt,
    [](const std::string &method, const boost::json::object &params) {
        bidi::logging::log_info(std::string("Event received: ") + method);
        bidi::logging::log_info(std::string("Params: ") + 
                               boost::json::serialize(params));
    }
);
```

### 3. Validação segura de JSON:
```cpp
// ANTES:
std::string context_id = create_result.at("context").as_string().c_str();

// DEPOIS:
auto context_value = create_result.find("context");
if (context_value == create_result.end() || !context_value->value().is_string()) {
    bidi::logging::log_error("Missing or invalid context in response");
    return 1;
}
std::string context_id = context_value->value().as_string().c_str();
```

### 4. Try-catch mais específico:
```cpp
try {
    // operações de conexão
} catch (const std::system_error& e) {
    bidi::logging::log_error(std::string("Connection error: ") + e.what());
    return 1;
} catch (const boost::json::system_error& e) {
    bidi::logging::log_error(std::string("JSON error: ") + e.what());
    return 1;
} catch (const std::exception& e) {
    bidi::logging::log_error(std::string("Unexpected error: ") + e.what());
    return 1;
}
```

## PONTOS POSITIVOS

✅ **Arquitetura correta**: Usa ThreadedBiDiSession conforme design do projeto
✅ **Zero busy-wait**: Usa `.get()` em futures para suspensão nativa
✅ **Timeout adequado**: Especifica timeouts em `send_command_await`
✅ **Nomes canônicos**: Usa constantes de `bidi::ids::methods` e `bidi::ids::events`
✅ **RAII implícito**: Subscriptions são destruídas automaticamente
✅ **Limpeza adequada**: Chama `disconnect()` no final
✅ **Tratamento de erro**: Captura exceções e retorna código de erro apropriado
✅ **Documentação inline**: Comentários explicam cada etapa
✅ **Uso de chrono**: Timeouts tipados com `std::chrono::seconds`

## SCORE FINAL: 6/10

**Justificativa:**
- **Conformidade com arquitetura bidi-x (40%)**: 8/10 - Segue o modelo correto mas tem problemas com RAII de subscriptions
- **Adherência a Core Guidelines & P10 (30%)**: 4/10 - Variáveis static globais e try-catch amplo demais violam guidelines
- **Performance & memória (20%)**: 7/10 - Usa primitivas corretas mas pode melhorar validações
- **Qualidade & testes (10%)**: 5/10 - Emojis violam regras explícitas, código comentado

**Resumo**: O demo demonstra corretamente a arquitetura zero busy-wait do bidi-x, mas precisa corrigir as violações críticas (emojis) e problemas de alta severidade (static globals, validação JSON) para estar em conformidade total com as diretrizes do projeto.

Tokens: 31435

======================================================================
[8/76] demoantiga.cpp
======================================================================
## VIOLACOES CRITICAS
**ARQUIVO VAZIO** - Não há código para revisar no arquivo `demoantiga.cpp`

## PROBLEMAS ALTA SEVERIDADE
Não é possível identificar problemas pois o arquivo está vazio.

## PROBLEMAS MEDIA SEVERIDADE
Não é possível identificar problemas pois o arquivo está vazio.

## PROBLEMAS BAIXA SEVERIDADE
Não é possível identificar problemas pois o arquivo está vazio.

## SUGESTOES DE CORRECAO
Como o arquivo está vazio, sugiro implementar um demo que demonstre os princípios do bidi-x:

```cpp
#include "WebDriverClient.hpp"
#include "asyncx.hpp"
#include "bidi/core.hpp"
#include "bidi/ids.hpp"
#include <iostream>
#include <boost/asio.hpp>

// Demo seguindo arquitetura bidi-x
int main() {
    try {
        // Usar io_context único conforme arquitetura
        boost::asio::io_context io_ctx;
        auto work_guard = boost::asio::make_work_guard(io_ctx);
        
        WebDriverClient client{io_ctx};
        
        // Operação lazy - só executa com terminal
        auto lazy_operation = client.create_browsing_context()
            .and_then([&](const std::string& ctx_id) {
                return client.navigate(ctx_id, "https://example.com");
            })
            .timeout(std::chrono::seconds{10})
            .on_error([](std::error_code ec) {
                std::cerr << "Error: " << ec.message() << std::endl;
                return std::string{};
            });
        
        // Terminal materializa a operação
        lazy_operation.finally([&](auto result, auto error, auto) {
            if (result) {
                std::cout << "Navigation completed successfully" << std::endl;
            }
            work_guard.reset();
        });
        
        // Event loop único
        io_ctx.run();
        
    } catch (const std::exception& e) {
        std::cerr << "Demo failed: " << e.what() << std::endl;
        return 1;
    }
    
    return 0;
}
```

## PONTOS POSITIVOS
Não há código para avaliar positivamente.

## SCORE FINAL: 0/10
**Justificativa**: O arquivo está completamente vazio, não há implementação para revisar. Um demo deveria demonstrar:
- Uso correto do modelo assíncrono com strand
- Operações lazy com terminais apropriados
- Timeout como corrida (operação vs timer)
- Uso de constantes canônicas da spec W3C
- Tratamento de erros com std::error_code
- Event loop único com work_guard

**Recomendação**: Implementar um demo funcional que sirva como exemplo de uso correto da biblioteca bidi-x, seguindo todos os princípios arquiteturais documentados.

Tokens: 28736

======================================================================
[9/76] BidiMessage.hpp
======================================================================
## VIOLACOES CRITICAS

**CRITICA-1**: Parse completo de JSON em função fast-path (linha 30-50)
- A função `detect_message_kind` viola o princípio de fast-path ao fazer parse completo do JSON com `stream_parser`
- Isso contradiz diretamente as diretrizes: "Fast-path sem DOM para extrair id/method"
- Performance crítica comprometida em hot path

**CRITICA-2**: Ausência de arena/PMR em parsing (linha 30-50)
- Parse JSON sem usar monotonic_resource/arena por frame
- Viola diretriz: "usar arena/PMR por mensagem"
- Alocações fragmentadas em hot path

## PROBLEMAS ALTA SEVERIDADE

**ALTA-1**: Exception handling inadequado (linha 49)
- Catch genérico `catch (...)` pode mascarar erros críticos
- Deve usar std::error_code conforme modelo de erros do projeto
- Não segue padrão "exceções só nas fachadas sync"

**ALTA-2**: Função muito pesada para roteamento (linha 30-50)
- `detect_message_kind` deveria ser scan leve, não parse completo
- Contradiz "fast-path no roteamento" das diretrizes

## PROBLEMAS MEDIA SEVERIDADE

**MEDIA-1**: Falta de [[nodiscard]] (linha 26, 30)
- Funções `build_command` e `detect_message_kind` deveriam ter `[[nodiscard]]`
- Core Guidelines: marcar funções que retornam valores importantes

**MEDIA-2**: Ausência de noexcept em funções seguras (linha 26)
- `build_command` pode ser noexcept se usar serializer corretamente
- Melhora otimizações do compilador

## PROBLEMAS BAIXA SEVERIDADE

**BAIXA-1**: Namespace muito genérico (linha 9)
- `bidi::ws` poderia ser mais específico como `bidi::message` ou `bidi::protocol`

**BAIXA-2**: Comentário inadequado (linha 32-33)
- Comentário descreve implementação em vez do propósito da função

## SUGESTOES DE CORRECAO

```cpp
#pragma once

#include "bidi/core.hpp"
#include <boost/json.hpp>
#include <boost/json/monotonic_resource.hpp>
#include <cstdint>
#include <expected>
#include <limits>
#include <string>
#include <string_view>

namespace bidi::message {

using id_type = bidi::core::id_type;

[[nodiscard]] inline bool is_id_safe(std::uint64_t id) noexcept {
    return bidi::core::is_id_safe(id);
}

[[nodiscard]] inline std::string build_command(id_type id, std::string_view method,
                                               const boost::json::object &params = {}) noexcept {
    return bidi::core::build_command(id, method, params);
}

enum class MessageKind { Response, Event, Unknown };

// Fast-path: scan only for "type":"event" or "id": without full DOM
[[nodiscard]] inline MessageKind detect_message_kind(std::string_view payload) noexcept {
    // Lightweight scan for key indicators
    if (payload.find(R"("type":"event")") != std::string_view::npos) {
        return MessageKind::Event;
    }
    if (payload.find(R"("id":)") != std::string_view::npos) {
        return MessageKind::Response;
    }
    return MessageKind::Unknown;
}

// Full parse version using arena when DOM is needed
[[nodiscard]] inline std::expected<MessageKind, std::error_code> 
parse_message_kind_with_arena(std::string_view payload, 
                              boost::json::monotonic_resource& arena) noexcept {
    try {
        boost::json::stream_parser p{boost::json::storage_ptr{&arena}};
        p.write(payload.data(), payload.size());
        p.finish();
        boost::json::value v = p.release();
        
        if (!v.is_object()) {
            return std::unexpected{bidi::errc::decode_error};
        }
        
        const auto &obj = v.as_object();
        if (auto it_type = obj.find("type"); 
            it_type != obj.end() && it_type->value().is_string() && 
            it_type->value().as_string() == "event") {
            return MessageKind::Event;
        }
        
        if (obj.if_contains("id")) {
            return MessageKind::Response;
        }
        
        return MessageKind::Unknown;
    } catch (...) {
        return std::unexpected{bidi::errc::decode_error};
    }
}

} // namespace bidi::message
```

## PONTOS POSITIVOS

1. **Boa separação de responsabilidades**: Header focado em detecção de mensagens
2. **Uso correto de core utilities**: Reutiliza `bidi::core::is_id_safe` e `build_command`
3. **Namespace apropriado**: Organização clara dos utilitários de mensagem
4. **Include guards apropriados**: Uso de `#pragma once`
5. **Tipos corretos**: Uso de `id_type` e `std::string_view` para eficiência

## SCORE FINAL: 4/10

**Justificativa:**
- **Arquitetura (40% peso)**: Score 2/10 - Viola princípios fundamentais de fast-path e arena/PMR
- **Core Guidelines (30% peso)**: Score 5/10 - Falta noexcept, [[nodiscard]], modelo de erro inadequado
- **Performance (20% peso)**: Score 2/10 - Parse completo em rota crítica é inaceitável
- **Qualidade (10% peso)**: Score 7/10 - Estrutura boa, mas implementação problemática

**Crítico:** A função `detect_message_kind` precisa ser completamente reescrita para usar scan leve ao invés de parse JSON completo. Isso é fundamental para o performance do projeto.

Tokens: 30017

======================================================================
[10/76] CurlRAII.hpp
======================================================================
## VIOLACOES CRITICAS

**1. Violação da regra #29 (Exceções em hot path)**
- Linha 80: `throw std::runtime_error` e linha 88: `throw std::logic_error` violam a arquitetura bidi-x que usa `std::error_code` para erros recuperáveis

**2. Violação da regra #13 (Threading sem strand)**
- Classes não consideram thread safety para uso em ambiente assíncrono do bidi-x

**3. Violação da regra #36 (Redeclaração)**
- Linha 68: `curl_slist *tmp` redeclara ponteiro que pode conflitar com gerenciamento RAII

## PROBLEMAS ALTA SEVERIDADE

**1. Incompatibilidade com arquitetura assíncrona (linhas 106-108)**
- `postJson` e `request` são bloqueantes, violam regra #14 (operações bloqueantes devem ir para thread_pool)
- Não há integração com `io_context` ou `strand` do bidi-x

**2. Gerenciamento de recursos inconsistente (linhas 23-25)**
- `curlslitraii` tem nome inconsistente (deveria ser `curlslist_raii`)
- Não segue padrão de naming do projeto

**3. Singleton sem thread safety (linha 95)**
- `CurlRAII::instance()` não garante thread safety em ambiente multi-threaded

## PROBLEMAS MEDIA SEVERIDADE

**1. Violação const-correctness (linha 33)**
- `long response_code{}` e `CURLcode curl_perfm_res{}` deveriam ser const após inicialização

**2. Headers desnecessários (linhas 7-10)**
- `<iostream>` e `<vector>` não são usados no header

**3. Comentários inconsistentes (linha 2)**
- Email do autor vazio, violando padrão de documentação

## PROBLEMAS BAIXA SEVERIDADE

**1. Naming convention misto (linha 23)**
- `curlslitraii` deveria ser `curl_slist_raii` para consistência

**2. Documentação incompleta**
- Falta documentação dos métodos `postJson` e `request`

## SUGESTOES DE CORRECAO

```cpp
// Substituir exceções por std::expected
static std::expected<curlslitraii_t, std::error_code> 
curl_slist_append_raii(curlslitraii_t& ptr, const char* str) noexcept {
    curl_slist* tmp = curl_slist_append(ptr.get(), str);
    if (tmp == nullptr) {
        return std::unexpected(std::make_error_code(std::errc::no_buffer_space));
    }
    
    if (!ptr) {
        ptr = curlslitraii_t(tmp);
    }
    
    if (ptr.get() != tmp) {
        return std::unexpected(std::make_error_code(std::errc::invalid_argument));
    }
    
    return std::move(ptr);
}

// Versão assíncrona compatível com bidi-x
template<typename CompletionToken>
auto async_post_json(boost::asio::io_context& ioc, 
                    const std::string& url, 
                    const std::string& json,
                    CompletionToken&& token) {
    return boost::asio::async_initiate<CompletionToken, 
        void(std::error_code, curlCallBack)>(
        [&ioc, url, json](auto&& handler) {
            boost::asio::post(ioc, [handler = std::move(handler), url, json]() mutable {
                auto result = postJson(url, json);
                handler(std::error_code{}, std::move(result));
            });
        }, token);
}

// Singleton thread-safe
static CurlRAII& instance() {
    static std::once_flag flag;
    static std::unique_ptr<CurlRAII> instance_ptr;
    
    std::call_once(flag, []() {
        instance_ptr = std::make_unique<CurlRAII>();
    });
    
    return *instance_ptr;
}
```

## PONTOS POSITIVOS

1. **Uso correto de RAII** - Classes `curlraii` e `curlslitraii` implementam corretamente o padrão RAII
2. **unique_ptr adequado** - Uso correto de `std::unique_ptr` com deleters customizados
3. **Encapsulamento** - Boa separação de responsabilidades entre as classes
4. **Callback bem estruturado** - `curlCallBack::cb` segue padrão correto para libcurl
5. **Prevenção de cópia** - Construtor de cópia e movimento deletados apropriadamente

## SCORE FINAL: 4/10

**Justificativa:**
- **Conformidade com arquitetura bidi-x (40%): 2/10** - Operações síncronas/bloqueantes incompatíveis com modelo assíncrono
- **Adherência a Core Guidelines & P10 (30%): 6/10** - Bom uso de RAII, mas exceções em hot path e falta de thread safety
- **Performance & memória (20%): 5/10** - Estrutura eficiente mas sem otimizações para reutilização de recursos
- **Qualidade & testes (10%): 4/10** - Documentação incompleta, naming inconsistente

**Recomendação:** Refatorar para integração assíncrona com bidi-x, substituir exceções por `std::expected`, e adicionar thread safety ao singleton.

Tokens: 30655

======================================================================
[11/76] PocoJsonWrapper.hpp
======================================================================
## VIOLACOES CRITICAS
1. **Linha 99, 188**: `std::cerr` em contexto de biblioteca - viola arquitetura assíncrona canônica (logging deve ir via bidi::logging)
2. **Linha 97**: `throw std::runtime_error` sem mapeamento para std::error_code - viola modelo de erros do bidi-x
3. **Linha 62, 85**: Uso de `throw` dentro de operações que deveriam ser noexcept (iteradores)
4. **Ausência de pools**: Não usa PMR/arena por frame conforme arquitetura

## PROBLEMAS ALTA SEVERIDADE
1. **Linhas 62, 66, 85, 97, 165, 189**: Múltiplas `throw` exceptions sem usar std::expected<T,E> ou error_code
2. **Linha 59**: Template instantiation não restrita pode causar UB com tipos incompatíveis
3. **Linha 182-190**: Exception handling com `catch(...)` genérico e logging direto para stderr
4. **Ausência de [[nodiscard]]**: Funções como `parse()`, `dump()`, `get()` deveriam ser nodiscard
5. **Linha 88**: `mutable` em CurrentStorage indica design problem (state mutation em const context)

## PROBLEMAS MEDIA SEVERIDADE
1. **Linha 28**: Constructor template sem SFINAE/concepts - pode aceitar tipos inválidos
2. **Linha 88**: Membro mutable sem justificativa clara de thread-safety
3. **Linha 159**: Cast para `unsigned int` pode truncar em sistemas 64-bit
4. **Ausência de const correctness**: Vários métodos que não modificam estado não são const
5. **Linha 244**: `mutable Poco::Dynamic::Var value` - quebra const correctness

## PROBLEMAS BAIXA SEVERIDADE
1. **Falta de comentários**: Decisões de design não documentadas (especialmente iteradores)
2. **Inconsistência de naming**: Mistura snake_case e camelCase
3. **Linha 204**: Método `empty()` duplica funcionalidade de `is_empty()`
4. **Headers desnecessários**: `<algorithm>` pode não ser usado
5. **Linha 87**: Operador `->` retorna pointer local (potencial dangling)

## SUGESTOES DE CORRECAO

```cpp
#pragma once

#include "bidi/logging.hpp" // Para logging canônico
#include <expected>
#include <Poco/Dynamic/Var.h>
#include <Poco/JSON/Array.h>
#include <Poco/JSON/Object.h>
#include <Poco/JSON/Parser.h>

namespace PocoJsonWrapperIt {

template <class T> 
struct iterator {
    using iterator_category = std::forward_iterator_tag;
    using value_type = T;
    using difference_type = std::ptrdiff_t;
    using pointer = value_type*;
    using reference = value_type&;

    value_type storage_;
    std::variant<size_t, Poco::JSON::Object::ConstIterator> state_;

    iterator() = default;

    iterator(Poco::JSON::Array::Ptr arr, size_t index) noexcept
        : storage_(Poco::Dynamic::Var(arr)), state_(index) {}

    iterator(Poco::JSON::Object::Ptr obj, Poco::JSON::Object::ConstIterator it) noexcept
        : storage_(Poco::Dynamic::Var(obj)), state_(it) {}

    iterator& operator++() noexcept {
        std::visit([](auto& s) { ++s; }, state_);
        return *this;
    }

    [[nodiscard]] bool operator!=(const iterator& other) const noexcept {
        return state_ != other.state_;
    }

    [[nodiscard]] value_type operator*() const {
        return std::visit([this](const auto& s) -> value_type {
            if constexpr (std::is_same_v<std::decay_t<decltype(s)>, size_t>) {
                return storage_.value.template extract<Poco::JSON::Array::Ptr>()->get(s);
            } else {
                return s->second;
            }
        }, state_);
    }
};

} // namespace PocoJsonWrapperIt

struct PocoJsonWrapper {
    using iterator = PocoJsonWrapperIt::iterator<PocoJsonWrapper>;

    PocoJsonWrapper() = default;
    
    template<typename T>
    requires (!std::same_as<std::decay_t<T>, PocoJsonWrapper>)
    explicit PocoJsonWrapper(T&& val) : value_(std::forward<T>(val)) {}

    // Parse with error handling
    [[nodiscard]] static std::expected<PocoJsonWrapper, std::string> 
    parse(const std::string& json_str) noexcept {
        try {
            Poco::JSON::Parser parser;
            auto result = parser.parse(json_str);
            return PocoJsonWrapper{result};
        } catch (const std::exception& e) {
            bidi::log_error("JSON parse failed: {}", e.what());
            return std::unexpected{e.what()};
        }
    }

    [[nodiscard]] bool is_object() const noexcept {
        return !value_.isEmpty() && 
               value_.type() == typeid(Poco::JSON::Object::Ptr);
    }

    [[nodiscard]] std::expected<std::string, std::string> 
    dump() const noexcept {
        try {
            std::ostringstream oss;
            if (is_object()) {
                value_.extract<Poco::JSON::Object::Ptr>()->stringify(oss);
            } else if (is_array()) {
                value_.extract<Poco::JSON::Array::Ptr>()->stringify(oss);
            } else {
                return std::unexpected{"Not a JSON object or array"};
            }
            return oss.str();
        } catch (const std::exception& e) {
            bidi::log_error("JSON dump failed: {}", e.what());
            return std::unexpected{e.what()};
        }
    }

private:
    Poco::Dynamic::Var value_;
};
```

## PONTOS POSITIVOS
1. **RAII adequado**: Uso correto de smart pointers Poco
2. **Move semantics**: Implementados corretamente nos construtores
3. **Template design**: Boa abstração para diferentes tipos JSON
4. **Iterator pattern**: Implementação uniforme para array/object
5. **Initializer lists**: Suporte ergonômico para construção
6. **Type safety**: Verificações de tipo antes de operações

## SCORE FINAL: 4/10

**Justificativa:**
- **Conformidade bidi-x (2/10)**: Viola princípios fundamentais (exceptions vs error_code, logging direto, ausência de PMR)
- **Core Guidelines (5/10)**: Algumas práticas corretas (RAII, move) mas falha em error handling e const correctness  
- **Performance (3/10)**: Não usa pools/arenas, múltiplas alocações desnecessárias
- **Qualidade (6/10)**: Código estruturado mas com gaps críticos em robustez

O arquivo precisa de refatoração substancial para alinhar com a arquitetura bidi-x, especialmente no modelo de erros e integração com sistemas de logging/memory management.

Tokens: 33032

======================================================================
[12/76] PortFromPid.hpp
======================================================================
## VIOLACOES CRITICAS
- **Linha 13-20**: `std::cout` em função utilitária de produção (debugging não removido)
- **Linha 45**: `std::cerr` em código de biblioteca (logging inadequado)
- **Ausência de `#pragma once` ou include guards**
- **Função muito grande** (>80 linhas, viola NASA P10)

## PROBLEMAS ALTA SEVERIDADE

1. **Linha 1-8**: Faltam include guards ou `#pragma once` - pode causar múltiplas definições
2. **Linha 13-20**: Debugging output não removido (`std::cout << "Socket: " << socket`)
3. **Linha 45**: Error output via `std::cerr` em biblioteca - viola princípios de logging estruturado do bidi-x
4. **Linha 22**: Função `getListeningPortsForPid` com 60+ linhas viola regra de funções ≤80 linhas
5. **Ausência de tratamento de exceções** para operações de I/O filesystem
6. **Sem validação de entrada** - `pid` pode ser negativo ou inválido

## PROBLEMAS MEDIA SEVERIDADE

1. **Linha 22**: Nome da função não segue snake_case (deveria ser `get_listening_ports_for_pid`)
2. **Linha 13**: Variável `list` mal nomeada (deveria ser `entry` ou `fd_entry`)
3. **Linha 31, 55**: Uso de `std::stoi` sem tratamento de exceções
4. **Linha 41-43**: Hardcoded file paths sem constantes
5. **Linha 59**: Parsing manual de hex sem validação robusta
6. **Sem const-correctness** - função poderia ser `noexcept` em casos válidos

## PROBLEMAS BAIXA SEVERIDADE

1. **Linha 6**: Include desnecessário `<ostream>` (já incluído via `<iostream>`)
2. **Linha 24**: Variável `sockets` poderia usar `reserve()` para performance
3. **Linha 63**: Conversão de `std::stoi` para `uint16_t` sem verificação de range
4. **Ausência de comentários** explicativos para parsing de /proc
5. **Linha 35**: Regex compilada a cada iteração (ineficiente)

## SUGESTOES DE CORRECAO

```cpp
#pragma once

#include <cstdint>
#include <filesystem>
#include <fstream>
#include <regex>
#include <string>
#include <unordered_set>
#include <vector>
#include <expected>

// Usar logging estruturado do bidi-x
#include "bidi/logging.hpp"

namespace bidi::utils {

struct ListeningPort {
    std::string protocol;
    std::string local_address;
    std::uint16_t port{};
};

// Separar em funções menores
std::expected<std::unordered_set<int>, std::string> 
extract_socket_inodes(int pid) noexcept;

std::expected<std::vector<ListeningPort>, std::string>
parse_proc_net_file(const std::string& filepath, 
                   const std::unordered_set<int>& socket_inodes) noexcept;

std::expected<std::vector<ListeningPort>, std::string>
get_listening_ports_for_pid(int pid) noexcept {
    if (pid <= 0) {
        return std::unexpected("Invalid PID");
    }

    auto socket_inodes = extract_socket_inodes(pid);
    if (!socket_inodes) {
        return std::unexpected(socket_inodes.error());
    }

    // Implementation continues...
    return std::vector<ListeningPort>{};
}

} // namespace bidi::utils
```

## PONTOS POSITIVOS

1. **Boa separação de responsabilidades** com struct `ListeningPort`
2. **Uso adequado de std::vector** para retorno de coleção
3. **Operator<< sobregregado** para debugging/logging
4. **Uso de std::filesystem** moderno em vez de APIs C
5. **Tratamento de symlinks** no filesystem
6. **Uso de regex** para parsing estruturado

## SCORE FINAL: 4/10

**Justificativa:**
- **Conformidade arquitetura bidi-x (40%)**: 2/10 - Viola logging estruturado, ausência de error handling adequado
- **Core Guidelines & P10 (30%)**: 4/10 - Função muito grande, sem const-correctness, tratamento de exceções inadequado
- **Performance & memoria (20%)**: 6/10 - Uso adequado de containers, mas regex compilada repetidamente
- **Qualidade & testes (10%)**: 5/10 - Código funcional mas com debugging não removido e nomes inconsistentes

**Principais problemas**: Debugging output em produção, função monolítica, ausência de include guards, logging inadequado para biblioteca. O código funciona mas precisa refatoração significativa para atender aos padrões do bidi-x.

Tokens: 30114

======================================================================
[13/76] Strutils.hpp
======================================================================
## VIOLACOES CRITICAS
Nenhuma

## PROBLEMAS ALTA SEVERIDADE
1. **Linha 46-53**: `constexpr_strncpy` tem buffer overflow potencial - não verifica bounds e pode escrever além do buffer
2. **Linha 55-64**: `constexpr_strncat` tem lógica incorreta - usa `i` como índice tanto para `dest` quanto `src`
3. **Linha 66-69**: `getCNPJNumbers` está fora do escopo do projeto - função específica de CNPJ não pertence a uma biblioteca de string utilitária genérica
4. **Linha 135-139**: `url_decode` usa `unordered_map` desnecessário no hot path - impacto significativo de performance

## PROBLEMAS MEDIA SEVERIDADE
1. **Linha 8**: Include `<cstring>` não é usado em lugar algum do código
2. **Linha 11**: Include `<limits>` não é usado
3. **Linha 12**: Include `<map>` não é usado  
4. **Linha 16**: Include `<unordered_map>` só usado uma vez de forma ineficiente
5. **Linha 74-84**: `join` não valida se `term` é maior que `result.size()` antes do `erase`
6. **Linha 190-216**: `split` é duplicação da função `explode` - viola princípio DRY

## PROBLEMAS BAIXA SEVERIDADE
1. **Geral**: Falta documentação/comentários para funções complexas como `url_decode`
2. **Linha 18**: Classe poderia ser namespace em vez de classe com métodos estáticos
3. **Linha 109**: Loop `explode` poderia usar iteradores para melhor performance
4. **Linha 166**: `multi_concat` usa `std::forward` incorretamente - deveria ser para universal references

## SUGESTOES DE CORRECAO

```cpp
#pragma once
#ifndef STRUTILS_HPP
#define STRUTILS_HPP

#include <algorithm>
#include <array>
#include <optional>
#include <regex>
#include <span>
#include <string>
#include <string_view>
#include <tuple>
#include <vector>

namespace strutils {

    inline void to_upper(std::string &str) {
        std::transform(str.begin(), str.end(), str.begin(),
                       [](unsigned char c) -> unsigned char {
                           return static_cast<unsigned char>(std::toupper(c));
                       });
    }

    // Corrigir constexpr_strncpy com bounds checking
    inline constexpr auto safe_strncpy(char *dest, const char *src,
                                       const size_t dest_size, const size_t n) -> char * {
        const size_t copy_size = std::min(n, dest_size - 1);
        for (size_t i = 0; i < copy_size && src[i] != '\0'; i++) {
            dest[i] = src[i];
        }
        dest[copy_size] = '\0';
        return dest;
    }

    // Corrigir url_decode sem unordered_map
    auto url_decode(const std::string &str) -> std::string {
        std::string result;
        result.reserve(str.size());

        constexpr auto hex_to_int = [](char c) -> int {
            if (c >= '0' && c <= '9') return c - '0';
            if (c >= 'A' && c <= 'F') return c - 'A' + 10;
            if (c >= 'a' && c <= 'f') return c - 'a' + 10;
            return -1;
        };

        for (size_t i = 0; i < str.size(); ++i) {
            if (str[i] == '%' && i + 2 < str.size()) {
                int high = hex_to_int(str[i + 1]);
                int low = hex_to_int(str[i + 2]);
                if (high >= 0 && low >= 0) {
                    result.push_back(static_cast<char>((high << 4) | low));
                    i += 2;
                    continue;
                }
            }
            result.push_back(str[i]);
        }
        return result;
    }

    // Remover duplicação - manter apenas split como nome mais comum
    template <class StrType = std::string>
    auto split(std::string_view strview, std::string_view delimiter) -> std::vector<StrType> {
        std::vector<StrType> result;
        
        if (strview.empty()) {
            return result;
        }
        
        if (delimiter.empty()) {
            result.emplace_back(strview);
            return result;
        }

        size_t start = 0;
        size_t end = 0;
        
        while ((end = strview.find(delimiter, start)) != std::string_view::npos) {
            result.emplace_back(strview.substr(start, end - start));
            start = end + delimiter.size();
        }
        
        result.emplace_back(strview.substr(start));
        return result;
    }

} // namespace strutils

#endif
```

## PONTOS POSITIVOS
1. **Uso consistente de inline**: Boa prática para funções em header
2. **Use of constexpr**: Tentativa de otimização em tempo de compilação
3. **Template usage**: Flexibilidade em `explode`/`split` com tipos customizáveis
4. **Memory reservation**: `result.reserve()` em várias funções mostra consciência de performance
5. **Early returns**: Bom uso de early returns em condições de edge cases
6. **const-correctness**: Uso adequado de const em parâmetros

## SCORE FINAL: 6/10

**Justificativa:**
- **Conformidade com arquitetura bidi-x (40%)**: 7/10 - Arquivo utilitário não quebra arquitetura mas não contribui diretamente
- **Adherência a Core Guidelines & P10 (30%)**: 5/10 - Buffer overflows potenciais, includes desnecessários, duplicação de código
- **Performance & memoria (20%)**: 5/10 - Uso ineficiente de unordered_map, mas boa prática de reserve()  
- **Qualidade & testes (10%)**: 6/10 - Código limpo mas falta documentação e tem funções fora de escopo

O arquivo é funcional mas precisa de refatoração para eliminar riscos de segurança, remover código duplicado e melhorar performance. A correção dos buffer overflows é **prioritária**.

Tokens: 31875

======================================================================
[14/76] SubscriptionManager.hpp
======================================================================
## VIOLACOES CRITICAS

**CRÍTICA 1 (Linha 20)**: Uso de `std::mutex` em projeto que exige modelo assíncrono canônico com strand
- Viola regra #1: "Verificar adherencia ao modelo assincrono canonico (Boost.Asio/Beast)"
- Viola regra #3: "Checar que async_read e async_write nunca sao concorrentes"
- O projeto bidi-x exige serialização via strand, não mutex

**CRÍTICA 2 (Linha 37)**: `std::function<void()>` causa alocação desnecessária em hot path
- Viola regra #31: "Validar que nao ha UB, data races, ou alocacao em hot paths"
- `std::function` sempre aloca para captures não triviais

## PROBLEMAS ALTA SEVERIDADE

**ALTA 1 (Linha 45-47)**: Callback `unsub` captura `this` sem proteção de lifetime
- Se `SubscriptionManager` for destruído antes do `SubscriptionHandle`, teremos dangling pointer
- Viola RAII e pode causar crash

**ALTA 2 (Linha 58-64)**: Cópia de `callback_t` sob lock pode causar deadlock
- `std::function` copy pode disparar allocator que pode bloquear
- Lock deve ser mínimo possível

**ALTA 3**: Ausência de `[[nodiscard]]` em métodos importantes
- Viola regra #26: "Validar const-correctness e [[nodiscard]]"
- `subscribe()` e `valid()` devem ser `[[nodiscard]]`

## PROBLEMAS MEDIA SEVERIDADE

**MÉDIA 1 (Linha 15-21)**: Constructor e assignment sem `noexcept` specification
- Move constructor/assignment deveriam ser `noexcept` quando possível

**MÉDIA 2 (Linha 8)**: Namespace `bidi::ws` não alinhado com estrutura do projeto
- Deveria ser `bidi::core` ou similar conforme map.md

**MÉDIA 3 (Linha 58)**: Busca linear ineficiente em `dispatch`
- O(n) para cada dispatch; deveria usar estrutura otimizada para lookup por topic

## PROBLEMAS BAIXA SEVERIDADE

**BAIXA 1**: Ausência de comentários explicativos para decisões de design
- Viola regra #35: "Confirmar comentarios explicativos para decisoes nao obvias"

**BAIXA 2**: `next_id_` poderia overflow (embora improvável na prática)

## SUGESTOES DE CORRECAO

```cpp
#pragma once

#include <functional>
#include <unordered_map>
#include <memory>
#include <boost/asio/strand.hpp>

namespace bidi::core {

// Forward declaration
class SubscriptionManager;

// RAII subscription handle with weak_ptr to manager for safety
class SubscriptionHandle {
public:
    SubscriptionHandle() = default;
    SubscriptionHandle(std::weak_ptr<SubscriptionManager> mgr, std::uint64_t id) noexcept
        : mgr_(std::move(mgr)), id_(id) {}
    
    SubscriptionHandle(SubscriptionHandle &&o) noexcept
        : mgr_(std::move(o.mgr_)), id_(o.id_) {
        o.id_ = 0;
    }
    
    SubscriptionHandle &operator=(SubscriptionHandle &&o) noexcept {
        if (this != &o) {
            cancel();
            mgr_ = std::move(o.mgr_);
            id_ = o.id_;
            o.id_ = 0;
        }
        return *this;
    }
    
    ~SubscriptionHandle() { cancel(); }

    void cancel();
    [[nodiscard]] bool valid() const noexcept { return id_ != 0 && !mgr_.expired(); }

private:
    std::weak_ptr<SubscriptionManager> mgr_;
    std::uint64_t id_{0};
};

// Thread-safe subscription manager using strand instead of mutex
class SubscriptionManager : public std::enable_shared_from_this<SubscriptionManager> {
public:
    using topic_t = std::string;
    using callback_t = std::function<void(std::string_view)>;

    explicit SubscriptionManager(boost::asio::strand<boost::asio::io_context::executor_type> strand)
        : strand_(std::move(strand)) {}

    // Subscribe: returns RAII handle
    template<typename CompletionToken>
    auto async_subscribe(topic_t topic, callback_t cb, CompletionToken&& token);

    // Dispatch to subscribers (strand-safe)
    template<typename CompletionToken>
    auto async_dispatch(std::string_view topic, std::string_view payload, CompletionToken&& token);

private:
    friend class SubscriptionHandle;
    void remove_subscription(std::uint64_t id);
    
    boost::asio::strand<boost::asio::io_context::executor_type> strand_;
    std::unordered_map<std::string, std::unordered_map<std::uint64_t, callback_t>> topic_callbacks_;
    std::uint64_t next_id_{1};
};

inline void SubscriptionHandle::cancel() {
    if (auto mgr = mgr_.lock(); mgr && id_ != 0) {
        mgr->remove_subscription(id_);
        id_ = 0;
    }
}

} // namespace bidi::core
```

## PONTOS POSITIVOS

1. **RAII bem implementado**: O padrão RAII está correto no conceito - destruição automática chama unsubscribe
2. **Move semantics**: Implementação correta de move constructor/assignment
3. **Encapsulation**: Interface limpa e bem definida
4. **Type safety**: Uso de tipos seguros (`std::uint64_t` para IDs)
5. **Exception safety**: Código geralmente exception-safe

## SCORE FINAL: 3/10

**Justificativa:**
- **Conformidade arquitetura (40% = 0%)**: Usa mutex em vez de strand, violação crítica do modelo assíncrono
- **Core Guidelines (30% = 30%)**: RAII correto, mas problemas de lifetime safety e missing [[nodiscard]]
- **Performance (20% = 40%)**: Alocações desnecessárias com std::function, busca linear ineficiente
- **Qualidade (10% = 60%)**: Estrutura boa mas falta documentação e robustez

**Score = (0% × 0.4) + (30% × 0.3) + (40% × 0.2) + (60% × 0.1) = 0 + 9 + 8 + 6 = 23% ≈ 3/10**

**Recomendação**: Reescrever usando strand do Boost.Asio conforme arquitetura bidi-x, resolver problemas de lifetime safety e otimizar estruturas de dados para melhor performance.

Tokens: 30502

======================================================================
[15/76] ThreadPool.hpp
======================================================================
Analisando o arquivo `include/ThreadPool.hpp` seguindo as 40+ regras de code review para bidi-x:

## VIOLACOES CRITICAS
Nenhuma

## PROBLEMAS ALTA SEVERIDADE
1. **Linha 8-12: Thread pool com tamanho fixo sem configurabilidade**
   - O tamanho é determinado apenas por `hardware_concurrency()` sem permitir override
   - Pode ser inadequado dependendo da carga de trabalho (I/O bound vs CPU bound)
   - Não há forma de ajustar para diferentes cenários de uso

2. **Linha 10: Cast desnecessário para std::size_t**
   - A variável `n` já é `std::size_t`, o cast é redundante
   - Gera warning em alguns compiladores

## PROBLEMAS MEDIA SEVERIDADE
3. **Linha 8-9: Lógica de cálculo de threads confusa**
   ```cpp
   std::max<std::size_t>(1, std::max(1u, std::thread::hardware_concurrency()))
   ```
   - Duplo `std::max` com valor 1 é redundante
   - `hardware_concurrency()` já retorna pelo menos 1 quando bem implementado

4. **Falta de documentação sobre quando usar este pool**
   - Não está claro que é para operações bloqueantes que depois postam de volta
   - Deveria referenciar a diretriz "bordas bloqueantes vão para thread_pool"

## PROBLEMAS BAIXA SEVERIDADE
5. **Linha 11: Variável static sem thread-safety explícita**
   - Embora C++11+ garanta inicialização thread-safe de statics, um comentário seria útil

6. **Falta de método para shutdown/join do pool**
   - Em cenários de teste pode ser necessário aguardar conclusão de tarefas

## SUGESTOES DE CORRECAO

```cpp
// ThreadPool.hpp — small RAII accessor for a global thread_pool used for
// blocking work that needs to post back to the main executor
#pragma once

#include <algorithm>
#include <boost/asio/thread_pool.hpp>
#include <thread>

namespace webdriver {

// Returns a global thread pool for blocking operations that cannot run on the strand
// Size defaults to hardware_concurrency but can be overridden via environment
inline boost::asio::thread_pool &global_thread_pool() {
    // Thread-safe static initialization (C++11+)
    static std::size_t n = []() -> std::size_t {
        // Allow override via environment variable for testing/tuning
        if (const char* env = std::getenv("WEBDRIVER_THREAD_POOL_SIZE")) {
            try {
                auto size = std::stoul(env);
                return std::max<std::size_t>(1, size);
            } catch (...) {
                // Fall through to default
            }
        }
        return std::max<std::size_t>(1, std::thread::hardware_concurrency());
    }();
    
    static boost::asio::thread_pool pool(n);
    return pool;
}

// For testing: allow graceful shutdown
inline void shutdown_global_thread_pool() {
    global_thread_pool().stop();
    global_thread_pool().join();
}

} // namespace webdriver
```

## PONTOS POSITIVOS

1. **Implementação minimalista e correta**
   - Usa Meyer's singleton pattern corretamente
   - Aproveita inicialização thread-safe de statics do C++11+

2. **Integração adequada com Boost.Asio**
   - Usa `boost::asio::thread_pool` que é a escolha correta para o projeto

3. **Cálculo sensato do tamanho padrão**
   - Usa `hardware_concurrency()` como base, com fallback para 1 thread

4. **Adherência ao modelo do projeto**
   - Evita `std::thread().detach()` conforme diretrizes
   - Fornece infraestrutura para "post de volta" após trabalho bloqueante

5. **Header-only design**
   - Compatível com a opção `WEBDRIVER_HEADER_ONLY`

6. **Namespace correto**
   - Usa `webdriver` namespace consistente com o projeto

## SCORE FINAL: 7/10

**Justificativa:**
- **Conformidade com arquitetura bidi-x (40% = 3.2/4.0):** Implementação adequada para o padrão "thread_pool + post de volta", mas falta flexibilidade para diferentes cenários de uso
- **Adherência a Core Guidelines & P10 (30% = 2.4/3.0):** Código limpo, RAII correto, mas com alguns pontos menores (cast desnecessário, lógica redundante)
- **Performance & memoria (20% = 1.6/2.0):** Eficiente, mas tamanho fixo pode não ser otimizado para todas as cargas
- **Qualidade & testes (10% = 0.8/1.0):** Falta documentação sobre uso e não há mecanismo para shutdown em testes

O arquivo está funcionalmente correto e alinhado com os objetivos do projeto, mas tem espaço para melhorias em flexibilidade e documentação.

Tokens: 29470

======================================================================
[16/76] ThreadPoolWrapper.hpp
======================================================================
Analisando o arquivo `ThreadPoolWrapper.hpp` seguindo as regras de code review para bidi-x:

## VIOLAÇÕES CRÍTICAS
Nenhuma

## PROBLEMAS ALTA SEVERIDADE
1. **Falta de [[nodiscard]]** (linha 13): O construtor padrão e métodos que retornam recursos importantes devem ser marcados para evitar uso acidental.
2. **Ausência de const-correctness** (linha 24): O método `get()` deveria ter uma versão const.
3. **Falta de validação de ponteiro** (linha 24): Acesso direto ao ponteiro sem verificação se é válido.

## PROBLEMAS MÉDIA SEVERIDADE
1. **Documentação insuficiente** (linhas 6-7): Comentário muito básico, não explica casos de uso, ownership ou thread-safety.
2. **Interface incompleta** (geral): Faltam métodos úteis como `size()`, `stop()`, `join()` ou verificação de estado.
3. **Naming inconsistente** (linha 13): `pool_shared` poderia ser mais claro como `pool_ptr_` ou `pool_`.

## PROBLEMAS BAIXA SEVERIDADE
1. **Include desnecessário** (linha 4): `<algorithm>` usado apenas para `std::max`, poderia usar comparação direta.
2. **Magic number** (linha 16): O valor `1` como mínimo de threads poderia ser uma constante nomeada.

## SUGESTÕES DE CORREÇÃO

```cpp
// ThreadPoolWrapper.hpp — Injectable RAII wrapper around boost::asio::thread_pool
// Provides safe access to thread pool with configurable ownership semantics
#pragma once

#include <boost/asio/thread_pool.hpp>
#include <memory>
#include <thread>

namespace webdriver {

/**
 * RAII wrapper for boost::asio::thread_pool with injectable ownership.
 * Supports both owned and external (shared) thread pools.
 * Thread-safe for concurrent access to get() method.
 */
class ThreadPool {
private:
    static constexpr std::size_t MIN_THREADS = 1;
    std::shared_ptr<boost::asio::thread_pool> pool_ptr_;

public:
    /// Creates owned thread pool with hardware_concurrency threads (min 1)
    [[nodiscard]] ThreadPool()
        : pool_ptr_(std::make_shared<boost::asio::thread_pool>(
              std::max<std::size_t>(MIN_THREADS, std::thread::hardware_concurrency()))) {}

    /// Injects external thread pool (shared ownership)
    [[nodiscard]] explicit ThreadPool(std::shared_ptr<boost::asio::thread_pool> external)
        : pool_ptr_(std::move(external)) {}

    /// Non-copyable (expensive resource)
    ThreadPool(const ThreadPool&) = delete;
    ThreadPool& operator=(const ThreadPool&) = delete;

    /// Movable
    ThreadPool(ThreadPool&&) = default;
    ThreadPool& operator=(ThreadPool&&) = default;

    /// Access underlying thread pool (non-const)
    [[nodiscard]] boost::asio::thread_pool& get() {
        if (!pool_ptr_) {
            throw std::runtime_error("ThreadPool: null pool access");
        }
        return *pool_ptr_;
    }

    /// Access underlying thread pool (const)
    [[nodiscard]] const boost::asio::thread_pool& get() const {
        if (!pool_ptr_) {
            throw std::runtime_error("ThreadPool: null pool access");
        }
        return *pool_ptr_;
    }

    /// Check if pool is valid
    [[nodiscard]] bool valid() const noexcept { return static_cast<bool>(pool_ptr_); }

    /// Get thread count
    [[nodiscard]] std::size_t size() const {
        return valid() ? pool_ptr_->size() : 0;
    }
};

} // namespace webdriver
```

## PONTOS POSITIVOS
1. **RAII correto**: Usa `std::shared_ptr` para gerenciamento automático de recursos
2. **Injeção de dependência**: Suporta pools externos via construtor, boa para testes
3. **Thread safety básico**: `std::shared_ptr` é thread-safe para leitura concorrente
4. **Simplicidade**: Interface minimalista e focada
5. **Namespace correto**: Segue convenção do projeto
6. **Move semantics**: Construtor com `std::move` para eficiência
7. **Hardware detection**: Usa `hardware_concurrency()` sensatamente

## SCORE FINAL: 6.5/10

**Justificativa:**
- **Arquitetura bidi-x (40% = 3.2/4)**: Alinha bem com strand/thread_pool usage, mas falta robustez
- **Core Guidelines & P10 (30% = 1.8/3)**: Falta const-correctness, [[nodiscard]], validação
- **Performance & memória (20% = 1.5/2)**: Eficiente, mas pode melhorar (remove algorithm include)
- **Qualidade & testes (10% = 0/1)**: Documentação superficial, interface incompleta

O código está funcionalmente correto mas precisa de melhorias em robustez, const-correctness e documentação para atingir padrões enterprise do projeto bidi-x.

Tokens: 29565

======================================================================
[17/76] WebDriverClient.hpp
======================================================================
Entendi perfeitamente o projeto **bidi-x**. Analisando toda a documentação, compreendo que é um **cliente WebDriver BiDi minimalista** em C++20/23 com foco em:

1. **Arquitetura assíncrona canônica** (Boost.Asio/Beast) com strand, event loop único
2. **Lazy evaluation** - nada executa sem terminal (.finally, co_await)
3. **Performance agressiva** - PMR/arenas, fast-path parsing, pools de recursos
4. **Zero busy-wait/detach** - timeouts como corrida (operação × timer)
5. **RAII subscriptions** com refcount e auto-resubscribe
6. **Conformidade W3C** - nomes 1:1 com spec, IDs seguros ≤ 2^53-1

Agora vou fazer o code review do arquivo `WebDriverClient.hpp`:

## VIOLAÇÕES CRÍTICAS

1. **LINHA 1-TODA**: Este arquivo implementa cliente HTTP WebDriver clássico, **NÃO WebDriver BiDi**. Contradiz completamente a arquitetura do projeto que deve usar **WebSocket + BiDi**.

2. **LINHA 58**: `throw std::runtime_error` - violação de erro modelado. Deve usar `std::error_code + ErrorDetail`.

3. **LINHA 426**: `std::cout` - I/O síncrono bloqueante no fluxo principal. Viola "sem detach/blocking".

4. **LINHA 450-454**: Destrutor com operações síncronas HTTP - viola guidelines de não fazer I/O pesado em destrutor.

## PROBLEMAS ALTA SEVERIDADE

1. **LINHA 8-17**: Usa `nlohmann::json` como padrão, mas projeto prioriza `boost::json` com PMR/arenas.

2. **LINHA 20-24**: `using json = PocoJsonWrapper/nlohmann::json` - abstração desnecessária que pode quebrar type safety.

3. **LINHA 26**: `analyzeError()` - parsing manual de JSON sem validação robusta.

4. **LINHA 426-434**: `callUrlDriver()` - operação HTTP síncrona bloqueia thread principal. Deve usar async.

5. **LINHA 58, 318**: Múltiplas `throw std::runtime_error` - erros devem ser `std::error_code`.

## PROBLEMAS MÉDIA SEVERIDADE

1. **LINHA 318**: `waitElement()` - implementa polling via JavaScript, mas deveria usar BiDi events.

2. **LINHA 180-190**: Templates variádicos `executeSyncScript()` sem validação de tipos.

3. **LINHA 442-444**: Membro `sessionId` público - quebra encapsulamento.

4. **LINHA 438-441**: Construtores/assignment padrão desnecessários se não fazem nada especial.

## PROBLEMAS BAIXA SEVERIDADE

1. **LINHA 6**: Comentário disclaimer muito longo - poderia ser mais conciso.

2. **LINHA 12-16**: `#ifdef USE_POCO_JSON` - macro não está no sistema de build documentado.

3. **LINHA 427**: `std::cout` para debug - deveria usar sistema de logging (`bidi::logging::log_info`).

## SUGESTÕES DE CORREÇÃO

**1. Substituir por cliente BiDi real:**

```cpp
#pragma once
#include "bidi/core.hpp"
#include "bidi/commands.hpp"
#include "bidi/ids.hpp"
#include "asyncx.hpp"
#include <boost/json.hpp>
#include <boost/asio.hpp>

class BidiWebDriverClient {
private:
    std::shared_ptr<bidi::BidiClient> client_;
    boost::asio::io_context& ctx_;
    
public:
    explicit BidiWebDriverClient(boost::asio::io_context& ctx) : ctx_(ctx) {}
    
    // Lazy operations that return Async<T>
    asyncx::Async<std::string> create_browsing_context() {
        return client_->async_send(
            bidi::ids::methods::bc_create,
            boost::json::object{{"type", "window"}}
        ).map([](auto result) {
            return boost::json::value_to<std::string>(result.at("context"));
        });
    }
    
    asyncx::Async<void> navigate(const std::string& context, const std::string& url) {
        return client_->async_send(
            bidi::ids::methods::bc_navigate,
            boost::json::object{
                {"context", context},
                {"url", url},
                {"wait", "complete"}
            }
        ).map([](auto) { return; });
    }
};
```

**2. Modelagem de erro correta:**

```cpp
namespace bidi {
    enum class errc { 
        timeout=1, transport, server_error, decode_error, cancelled, unsupported 
    };
    
    struct ErrorDetail {
        std::error_code ec;
        std::string method;
        std::int64_t id{};
        boost::json::object params;
        boost::json::value raw;
        std::chrono::milliseconds duration{};
    };
}

// Em vez de throw, retornar std::expected<T, bidi::ErrorDetail>
```

**3. Operação wait sem polling:**

```cpp
asyncx::Async<boost::json::value> wait_for_element(
    const std::string& context,
    const std::string& selector,
    std::chrono::milliseconds timeout = std::chrono::seconds(5)
) {
    std::string script = R"js(
        return new Promise((resolve, reject) => {
            const existing = document.querySelector(arguments[0]);
            if (existing) return resolve(existing);
            
            const observer = new MutationObserver(() => {
                const el = document.querySelector(arguments[0]);
                if (el) {
                    observer.disconnect();
                    resolve(el);
                }
            });
            
            observer.observe(document.body, {childList: true, subtree: true});
            
            setTimeout(() => {
                observer.disconnect();
                reject(new Error(`Timeout: Element "${arguments[0]}" not found`));
            }, arguments[1]);
        });
    )js";
    
    return client_->script_evaluate(context, script, selector, timeout.count())
           .timeout(timeout + std::chrono::seconds(1));
}
```

## PONTOS POSITIVOS

1. **LINHA 318-370**: Implementação de `waitElement()` usa MutationObserver - abordagem não-polling correta (embora no contexto errado).

2. **LINHA 438-441**: Move semantics implementada corretamente.

3. **LINHA 450-460**: Destructor tenta limpar recursos (conceito RAII correto, execução inadequada).

4. **LINHA 180-190**: Templates variádicos para argumentos de script mostram flexibilidade.

## SCORE FINAL: 2/10

**Justificativa:**
- **Conformidade arquitetura bidi-x (40%)**: 0/10 - Implementa HTTP em vez de WebSocket BiDi
- **Core Guidelines & P10 (30%)**: 3/10 - Tem RAII básico mas viola tratamento de erro
- **Performance & memória (20%)**: 2/10 - Operações síncronas bloqueantes, sem pools
- **Qualidade & testes (10%)**: 4/10 - Código compilável mas sem error handling robusto

**O arquivo deve ser completamente reescrito** para implementar um cliente BiDi real usando WebSocket, operações lazy, std::error_code, e toda a arquitetura assíncrona documentada no projeto.

Tokens: 38502

======================================================================
[18/76] WebDriverExceptions.hpp
======================================================================
## VIOLACÕES CRÍTICAS
Nenhuma

## PROBLEMAS ALTA SEVERIDADE

1. **Violação da arquitetura bidi-x**: Este arquivo define exceções tradicionais quando o projeto especifica explicitamente usar `std::error_code + ErrorDetail` para modelagem de erros, com exceções apenas em fachadas sync.

2. **Ausência de integração com modelo de erros do projeto**: Não há mapeamento para os códigos de erro definidos no projeto (`errc::timeout`, `errc::transport`, `errc::server_error`, etc.).

## PROBLEMAS MÉDIA SEVERIDADE

1. **Falta de `[[nodiscard]]`** em construtores: Exceções devem ser marcadas para evitar criação inadvertida sem captura.

2. **Ausência de ErrorDetail**: As exceções não preservam informações ricas como `method`, `id`, `raw`, `duration` conforme especificado na arquitetura.

3. **Parâmetro por valor desnecessário**: Usar `const std::string&` é mais eficiente que cópia por valor.

4. **Falta de noexcept em destrutores**: Destrutores de exceções devem ser `noexcept`.

## PROBLEMAS BAIXA SEVERIDADE

1. **Comentários ausentes**: Faltam comentários explicando quando cada exceção deve ser usada.

2. **Namespace**: Exceções poderiam estar em namespace próprio para evitar poluição do namespace global.

## SUGESTÕES DE CORREÇÃO

```cpp
#pragma once
#include <stdexcept>
#include <string>
#include <system_error>
#include <chrono>

namespace bidi {
    // Forward declaration for ErrorDetail integration
    struct ErrorDetail;
    
    enum class errc {
        timeout = 1,
        transport,
        server_error,
        decode_error,
        cancelled,
        unsupported
    };
}

namespace webdriver {
    
    /// Base exception for WebDriver operations - use only in sync facades
    class WebDriverException : public std::runtime_error {
    public:
        explicit WebDriverException(const std::string& msg) noexcept
            : std::runtime_error(msg) {}
        
        explicit WebDriverException(const char* msg) noexcept
            : std::runtime_error(msg) {}
        
        ~WebDriverException() noexcept override = default;
    };
    
    /// Connection-related errors (maps to errc::transport)
    class [[nodiscard]] WebDriverConnectionException : public WebDriverException {
    public:
        explicit WebDriverConnectionException(const std::string& msg) noexcept
            : WebDriverException(msg) {}
    };
    
    /// Session management errors  
    class [[nodiscard]] WebDriverSessionException : public WebDriverException {
    public:
        explicit WebDriverSessionException(const std::string& msg) noexcept
            : WebDriverException(msg) {}
    };
    
    /// Timeout errors (maps to errc::timeout)
    class [[nodiscard]] WebDriverTimeoutException : public WebDriverException {
    public:
        explicit WebDriverTimeoutException(const std::string& msg) noexcept
            : WebDriverException(msg) {}
        
        explicit WebDriverTimeoutException(const std::string& msg, 
                                         std::chrono::milliseconds duration) noexcept
            : WebDriverException(msg + " (duration: " + std::to_string(duration.count()) + "ms)")
            , duration_{duration} {}
        
        [[nodiscard]] std::chrono::milliseconds duration() const noexcept { 
            return duration_; 
        }
        
    private:
        std::chrono::milliseconds duration_{};
    };
    
    /// Element not found errors
    class [[nodiscard]] WebDriverNoSuchElementException : public WebDriverException {
    public:
        explicit WebDriverNoSuchElementException(const std::string& msg) noexcept
            : WebDriverException(msg) {}
    };
    
    /// Invalid argument errors (maps to errc::server_error)
    class [[nodiscard]] WebDriverInvalidArgumentException : public WebDriverException {
    public:
        explicit WebDriverInvalidArgumentException(const std::string& msg) noexcept
            : WebDriverException(msg) {}
    };
    
    /// Unknown/generic errors
    class [[nodiscard]] WebDriverUnknownErrorException : public WebDriverException {
    public:
        explicit WebDriverUnknownErrorException(const std::string& msg) noexcept
            : WebDriverException(msg) {}
    };
    
    /// Helper to convert error_code + ErrorDetail to exception (for sync facades only)
    [[nodiscard]] WebDriverException make_exception_from_error_code(std::error_code ec, 
                                                                   const std::string& detail = "");
    
} // namespace webdriver
```

## PONTOS POSITIVOS

1. **Hierarquia clara**: Boa organização hierárquica com base comum `WebDriverException`.

2. **Nomes descritivos**: Classes seguem convenção clara e autodescritiva.

3. **Construtores explícitos**: Uso correto de `explicit` previne conversões implícitas.

4. **Simplicidade**: Implementação direta sem complexidade desnecessária.

5. **Header-only**: Implementação header-only é apropriada para exceções simples.

## SCORE FINAL: 4/10

**Justificativa**: 
- **Arquitetura bidi-x (40%)**: 2/10 - Viola o modelo de erros especificado que usa `std::error_code + ErrorDetail`
- **Core Guidelines & P10 (30%)**: 7/10 - Boa aderência geral, mas falta `[[nodiscard]]` e `noexcept`
- **Performance & memória (20%)**: 6/10 - Parâmetros por valor desnecessários, mas impacto limitado
- **Qualidade & testes (10%)**: 6/10 - Código limpo mas sem documentação

**Recomendação**: Este arquivo precisa ser refatorado para alinhar com a arquitetura do projeto. As exceções devem ser usadas APENAS em fachadas sync, com o core do sistema usando `std::error_code + ErrorDetail`. Considere adicionar funções de conversão entre os modelos de erro.

Tokens: 29921

======================================================================
[19/76] asyncx.hpp
======================================================================
Após ler e compreender todos os documentos do projeto **bidi-x**, posso confirmar que entendi a arquitetura e objetivos:

O **bidi-x** é um cliente WebDriver BiDi minimalista em C++20/23 focado em:
- **Modelo assíncrono canônico** com Boost.Asio/Beast (strand, um async_read/write, fila TX)
- **Lazy evaluation** total (nada executa sem terminal)
- **Timeout determinístico** via corrida operação×timer
- **Economia agressiva de CPU/RAM** (PMR/arena, fast-path, pools)
- **RAII para subscriptions** com refcount
- **Zero polling/detach**, cancelamento cooperativo
- **DX funcional/monádica** com suporte a corrotinas

Agora vou revisar o arquivo `include/asyncx.hpp`:

## VIOLACOES CRITICAS

**Nenhuma** - O código segue os princípios fundamentais do projeto.

## PROBLEMAS ALTA SEVERIDADE

1. **Linha 142-146**: Conversões implícitas para `awaitable` podem causar confusão e overhead desnecessário:
```cpp
operator net::awaitable<void>() const {
    auto self = *this;
    return [self]() -> net::awaitable<void> {
        co_await self;
        co_return;
    }();
}
```

2. **Linha 404**: Uso de `assert` em código de produção sem alternativa robusta:
```cpp
assert(st_ != nullptr);
```

3. **Linha 1087-1090**: Captura desnecessária de `Async<T>` por valor no timeout, criando overhead:
```cpp
timer->async_wait([out, done, a](EC ec) mutable {
```

## PROBLEMAS MEDIA SEVERIDADE

1. **Linha 95**: Falta de `[[nodiscard]]` em funções que retornam recursos importantes:
```cpp
[[nodiscard]] auto get_stop_token() const -> std::stop_token {
```

2. **Linha 334**: Método `on_error` implementado apenas para template geral, não para especialização `void`.

3. **Linha 858**: Comentário `// NOLINT` usado excessivamente sem justificativa específica.

4. **Linha 1016-1017**: Possível race condition no `all()` combinator - verificação e atualização de `left` não são atômicas com a finalização.

## PROBLEMAS BAIXA SEVERIDADE

1. **Linha 83**: Uso de `using EC = boost::system::error_code` poderia ser mais específico para evitar conflitos.

2. **Linha 700**: Métodos como `map`, `and_then` poderiam ter `[[nodiscard]]` para evitar uso incorreto.

3. **Linha 1146**: Função `value()` usa `system_executor` que pode não ser ideal para todos os casos.

4. **Estilo**: Inconsistência entre `auto` e tipos explícitos em algumas declarações.

## SUGESTOES DE CORRECAO

1. **Remover conversões implícitas problemáticas**:
```cpp
// Remover estas conversões e usar métodos explícitos
// operator net::awaitable<void>() const { ... }  // REMOVER
// operator net::awaitable<T>() const { ... }     // REMOVER

// Adicionar método explícito:
[[nodiscard]] auto as_awaitable() const -> net::awaitable<T> {
    if constexpr (std::is_void_v<T>) {
        co_await (*this)(boost::asio::use_awaitable);
        co_return;
    } else {
        co_return co_await (*this)(boost::asio::use_awaitable);
    }
}
```

2. **Substituir assert por verificação robusta**:
```cpp
void fulfill(T v) const {
    if (!st_) {
        return; // ou throw std::logic_error("Invalid state")
    }
    std::vector<std::function<void()>> cs;
    // resto da implementação...
}
```

3. **Otimizar timeout sem captura desnecessária**:
```cpp
timer->async_wait([out, done, weak_a = a.weak()](EC ec) mutable {
    if (done->exchange(true)) return;
    if (!ec) {
        weak_a.try_request_stop();
        out.fail(make_error_code(boost::system::errc::timed_out));
    }
    // resto...
});
```

4. **Adicionar [[nodiscard]] consistentemente**:
```cpp
[[nodiscard]] auto map(F f) -> Async<std::invoke_result_t<F, const T &>>;
[[nodiscard]] auto and_then(F f) -> decltype(std::invoke(f, std::declval<const T &>()));
[[nodiscard]] auto recover(F f) -> Async<T>;
```

## PONTOS POSITIVOS

1. **Excelente uso de RAII** com `State` compartilhado e `Weak` handles
2. **Modelo de cancelamento robusto** com `stop_token` e propagação
3. **Exception safety** bem implementada com try-catch em pontos críticos
4. **Lazy evaluation correta** - nada executa sem terminal
5. **CompletionToken support** completo e compatível com Asio
6. **Memory management** eficiente com shared_ptr e weak_ptr
7. **Template specialization** bem estruturada para `void`
8. **Combinators** (`all`, `race`, `timeout`) implementados corretamente
9. **Consistent error handling** com EC e exception_ptr
10. **Thread-safe** com mutex apropriado em estado compartilhado

## SCORE FINAL: 8.5/10

**Justificativa:**
- **Conformidade arquitetura bidi-x (40%)**: 9/10 - Implementa lazy evaluation, cancelamento cooperativo, sem polling/detach
- **Core Guidelines & P10 (30%)**: 8/10 - RAII forte, const-correctness boa, mas falta alguns [[nodiscard]]
- **Performance & memória (20%)**: 8/10 - Eficiente, mas conversões implícitas e algumas capturas desnecessárias
- **Qualidade & testes (10%)**: 8/10 - Código limpo, bem estruturado, exception safety boa

O arquivo está muito bem implementado e alinhado com os objetivos do projeto. As issues identificadas são principalmente de refinamento e otimização, não problemas fundamentais.

Tokens: 42174

======================================================================
[20/76] buffer_pool.hpp
======================================================================
Entendi completamente o projeto **bidi-x**. Trata-se de um cliente WebDriver BiDi minimalista em C++20/23 com foco em:

- **Modelo assíncrono canônico** (Boost.Asio/Beast) com event loop único
- **Avaliação lazy** (operações só executam com terminais)
- **Performance agressiva** (PMR/arena, fast-path parsing, pools)
- **RAII para subscriptions** com refcount automático
- **Zero busy-wait/detach** com timeout determinístico
- **Conformidade estrita** com spec W3C WebDriver BiDi

A arquitetura é bem fundamentada: strand para serialização WS, pools para amortizar alocações, timeout como corrida operação×timer, e parsing eficiente com DOM sob demanda.

Agora vou revisar o arquivo `include/bidi/buffer_pool.hpp`:

---

## VIOLACOES CRITICAS
Nenhuma - O código não viola as regras críticas do sistema.

## PROBLEMAS ALTA SEVERIDADE

**1. Uso de std::mutex em vez de strand (linhas 145-154)**
- Viola regra #13: o projeto usa strand para eliminar locks
- Múltiplos mutexes podem causar deadlock e contention
- Performance inferior ao modelo strand do projeto

**2. std::function em BufferHandle causa alocações heap (linha 87)**
- Viola princípio de zero alocações em hot path
- std::function sempre aloca para captures não-triviais
- Impacto direto na performance crítica

## PROBLEMAS MEDIA SEVERIDADE

**3. Ausência de noexcept em operações críticas (linhas 95-96)**
- Operadores de movimento deveriam ser noexcept
- Impacta otimizações do compilador e containers

**4. StreamingBuffer sem integração com strand (linha 170)**
- Não segue padrão assíncrono do projeto
- Deveria usar CompletionToken pattern

**5. create_buffer como static (linha 136)**
- Não aproveita pools de arena/PMR do projeto
- Cada buffer aloca independentemente

## PROBLEMAS BAIXA SEVERIDADE

**6. Enum class BufferSize como std::size_t (linha 25)**
- Melhor usar enum class simples e converter quando necessário
- Mais type-safe

**7. Falta [[nodiscard]] em funções críticas (linha 108)**
- write_chunk deveria retornar status/erro

**8. Stats por cópia em vez de referência (linha 117)**
- Desnecessário para struct simples, mas inconsistente

## SUGESTOES DE CORRECAO

**1. Integração com strand do projeto:**
```cpp
class BufferPool {
    explicit BufferPool(boost::asio::strand<boost::asio::io_context::executor_type>& strand,
                       std::size_t initial_count_per_size = 16);
    
    template<class CompletionToken>
    auto async_acquire_buffer(BufferSize size, CompletionToken&& token);
    
private:
    boost::asio::strand<boost::asio::io_context::executor_type>& strand_;
    // Remover todos os mutexes - usar strand para serialização
};
```

**2. Substituir std::function por callback template:**
```cpp
template<class ReturnCallback>
class BufferHandle {
    BufferHandle(std::shared_ptr<PooledBuffer> buffer, ReturnCallback&& return_fn)
        : buffer_{std::move(buffer)}, return_fn_{std::forward<ReturnCallback>(return_fn)} {}
private:
    ReturnCallback return_fn_;  // Zero overhead para lambdas pequenas
};
```

**3. Integração com PMR do projeto:**
```cpp
class PooledBuffer {
    explicit PooledBuffer(std::size_t capacity, 
                         std::pmr::memory_resource* mr = std::pmr::get_default_resource())
        : data_{capacity, mr} {}
private:
    std::pmr::vector<char> data_;  // Usar PMR em vez de std::vector
};
```

**4. Operadores noexcept:**
```cpp
BufferHandle(BufferHandle &&) noexcept = default;
BufferHandle &operator=(BufferHandle &&) noexcept = default;
```

## PONTOS POSITIVOS

✅ **RAII correto** - BufferHandle com destructor automático  
✅ **Zero-copy design** - as_asio_buffer() e as_string_view() são eficientes  
✅ **Size classes inteligentes** - otimização para diferentes tipos de mensagem  
✅ **const-correctness** - boa separação const/non-const  
✅ **Movable-only semantics** - evita cópias acidentais  
✅ **Documentação clara** - explicação dos problemas que resolve  
✅ **Stats para observabilidade** - alinhado com métricas do projeto  
✅ **Interface streaming** - suporte a payloads grandes  

## SCORE FINAL: 6.5/10

**Justificativa:**
- **Arquitetura (40%)**: 5/10 - Boa ideia mas não integra com strand/PMR do projeto
- **Core Guidelines (30%)**: 8/10 - RAII excelente, move semantics corretas
- **Performance (20%)**: 6/10 - Zero-copy bom, mas std::function e mutexes prejudicam
- **Qualidade (10%)**: 8/10 - Código limpo, bem documentado

**Resumo:** Implementação sólida de buffer pool com excelente design zero-copy, mas precisa se integrar melhor com a arquitetura strand-based do bidi-x. Os mutexes múltiplos violam o modelo de concorrência do projeto e o std::function impacta performance. Com as correções sugeridas, seria um componente excelente.

Tokens: 31611

======================================================================
[21/76] buffer_pool_vec.hpp
======================================================================
Entendi completamente o projeto **bidi-x**. Trata-se de um cliente WebDriver BiDi minimalista em C++20/23 com foco em:

- **Modelo assíncrono canônico** (Boost.Asio/Beast) com strand para serialização
- **Lazy evaluation** - nada executa sem terminal (.finally, co_await)
- **Timeout determinístico** via corrida (operação × steady_timer)
- **Zero polling/detach** - apenas primitivas assíncronas
- **Economia agressiva de CPU/RAM** com PMR/arena, fast-path parsing, pools
- **RAII para subscriptions** com refcount e auto-resubscribe
- **Conformidade estrita à spec W3C** com nomes canônicos 1:1

A estrutura modular está bem definida com core, threading, pools, commands, asyncx e fachadas high-level. O projeto segue C++ Core Guidelines e NASA P10.

Agora vou proceder com a análise do arquivo `include/bidi/buffer_pool_vec.hpp`:

## VIOLACOES CRITICAS
Nenhuma

## PROBLEMAS ALTA SEVERIDADE

**Linha 41-42**: Timeout zero no `borrow()` pode causar falhas desnecessárias em alta carga:
```cpp
auto handle = pool.borrow(std::chrono::milliseconds(0), capacity_for(size));
```
O timeout zero significa que se não houver slot disponível imediatamente, falhará e criará buffer no heap, perdendo o benefício do pool.

**Linha 56-60**: Aliasing shared_ptr complexo sem documentação clara pode gerar vazamentos ou uso após liberação se mal compreendido:
```cpp
std::shared_ptr<PooledBuffer> buffer_shared(
    owner, // control block
    &owner->slot_handle->get());
```

## PROBLEMAS MEDIA SEVERIDADE

**Linha 23**: Ausência de `[[nodiscard]]` no método `get()`:
```cpp
PooledBuffer &get() noexcept { return buf_; }
```

**Linha 35**: Valores mágicos hardcoded para pools sem configurabilidade:
```cpp
explicit BufferPoolVec(std::size_t initial_count_per_size = 16)
```

**Linha 76-78**: `return_fn` vazio no fallback heap não registra métricas de fallback:
```cpp
auto return_fn = [](std::shared_ptr<PooledBuffer> /*buf*/) {};
```

**Linha 65-67**: `return_fn` não utilizado efetivamente (comentário indica que não faz nada):
```cpp
auto return_fn = [](std::shared_ptr<PooledBuffer> /*buf*/) {
    // nothing to do: owner destructor will release slot
};
```

## PROBLEMAS BAIXA SEVERIDADE

**Linha 91-93**: `get_stats()` não é thread-safe, poderia retornar dados inconsistentes se chamado durante operações:
```cpp
s.small_available = small_pool_.capacity() - small_pool_.borrowed_count();
```

**Linha 105**: `default` case desnecessário se `BufferSize` é enum class completo:
```cpp
default:
    return medium_pool_;
```

**Ausência de logging/métricas**: Não há contadores para fallback heap ou estatísticas de hit/miss do pool.

## SUGESTOES DE CORRECAO

**1. Timeout configurável:**
```cpp
class BufferPoolVec {
    std::chrono::milliseconds borrow_timeout_{std::chrono::milliseconds(10)};
public:
    void set_borrow_timeout(std::chrono::milliseconds timeout) { 
        borrow_timeout_ = timeout; 
    }
    
    [[nodiscard]] BufferHandle acquire_buffer(BufferSize size) {
        auto handle = pool.borrow(borrow_timeout_, capacity_for(size));
        // ...
    }
};
```

**2. Adicionar [[nodiscard]] e const correctness:**
```cpp
[[nodiscard]] PooledBuffer &get() noexcept { return buf_; }
[[nodiscard]] const PooledBuffer &get() const noexcept { return buf_; }
```

**3. Métricas de fallback:**
```cpp
private:
    mutable std::atomic<std::size_t> heap_fallback_count_{0};
    
public:
    // No fallback:
    ++heap_fallback_count_;
    
    [[nodiscard]] std::size_t get_heap_fallback_count() const { 
        return heap_fallback_count_.load(); 
    }
```

**4. Thread-safe stats:**
```cpp
[[nodiscard]] BufferPool::Stats get_stats() const {
    // Se PoolVec não é thread-safe, adicionar mutex ou usar atomics
    std::lock_guard lock{stats_mutex_};
    // ... rest of implementation
}
```

## PONTOS POSITIVOS

✅ **RAII correto**: Uso adequado de RAII com shared_ptr e custom deleter
✅ **Const correctness**: Métodos const apropriados onde necessário  
✅ **Exception safety**: Uso de RAII garante cleanup mesmo com exceções
✅ **API consistente**: Mantém compatibilidade com BufferHandle existente
✅ **Fallback robusto**: Graceful degradation para heap quando pool esgota
✅ **Separação clara**: Responsabilidades bem definidas entre slot e pool
✅ **Eficiência**: Evita cópias desnecessárias com referências
✅ **Encapsulamento**: Detalhes internos do pool bem escondidos
✅ **Configurabilidade**: Permite ajuste de tamanhos iniciais dos pools

## SCORE FINAL: 7.5/10

**Justificativa:**
- **Arquitetura (40%)**: 8/10 - Integra bem com o sistema de pools do bidi-x, mantém API consistente, mas timeout zero é problemático
- **Core Guidelines (30%)**: 8/10 - Bom uso de RAII, const correctness, mas falta alguns [[nodiscard]]
- **Performance (20%)**: 7/10 - Boa estratégia de pooling, mas fallback frequente por timeout zero pode degradar performance
- **Qualidade (10%)**: 6/10 - Código limpo mas falta documentação do aliasing shared_ptr complexo e métricas de observabilidade

O código está **fundamentalmente correto** e bem estruturado, mas precisa de ajustes para atingir a excelência esperada no bidi-x, especialmente no timeout do borrow e na observabilidade do sistema.

Tokens: 30965

======================================================================
[22/76] client.hpp
======================================================================
Entendi completamente o projeto **bidi-x**! Após ler todos os arquivos de documentação, compreendo que se trata de:

**Um cliente WebDriver BiDi minimalista em C++20/23** com foco em:
- **Alto desempenho** (CPU/RAM agressivo)
- **Modelo assíncrono canônico** (Boost.Asio/Beast)
- **Lazy evaluation** (nada executa sem terminal)
- **RAII para subscriptions** 
- **Zero busy-wait/polling**
- **Timeout determinístico** (corrida operação × timer)
- **PMR/arenas** para parsing eficiente
- **DX funcional/monádica** com suporte a corrotinas

Agora vou fazer o **code review** do arquivo `include/bidi/client.hpp`:

---

## VIOLAÇÕES CRÍTICAS
**Nenhuma** - O arquivo não contém violações que quebrem o sistema fundamentalmente.

## PROBLEMAS ALTA SEVERIDADE

1. **Linha 25**: `connect()` retorna `Task<Ptr>` mas não há implementação visível de como o `BiDiSession` é criado de forma lazy/assíncrona conforme arquitetura.

2. **Linha 99**: `set_event_handler()` retorna `boost::asio::awaitable<void>` mas não usa o executor/strand do session, podendo quebrar a serialização de operações.

3. **Linhas 109-130**: Template `async_send()` implementa mapeamento de erro incorreto - usa `boost::system::errc::operation_canceled` como placeholder instead de usar o sistema de erros bidi (`errc::server_error`, etc.).

## PROBLEMAS MÉDIA SEVERIDADE

4. **Linha 14**: `using Task = asyncx::Async<T>` deveria ser documentado - não fica claro se `asyncx::Async` implementa lazy evaluation completa.

5. **Linha 46**: Métodos como `create_context()` não mostram como são implementados de forma lazy - podem estar violando o princípio de não executar sem terminal.

6. **Linha 102**: `get_executor()` não especifica se retorna o executor do strand da session, crítico para manter serialização.

7. **Linhas 65-85**: Classe `Subscription` não mostra implementação do refcount/RAII - essencial para session.subscribe/unsubscribe correto.

## PROBLEMAS BAIXA SEVERIDADE

8. **Linha 19**: Construtor `explicit` poderia ser `[[nodiscard]]` para evitar uso incorreto.

9. **Linha 54**: Parâmetros com valores default poderiam ser `constexpr` para otimização.

10. **Linha 108**: Método `unsubscribe_events()` é privado mas não `[[nodiscard]]` - pode ser útil para debug.

## SUGESTÕES DE CORREÇÃO

```cpp
// Correção para async_send - usar sistema de erros bidi correto
template <class CompletionToken>
auto Client::async_send(std::string_view method, boost::json::object params,
                        CompletionToken &&token) {
    using handler_sig = void(boost::system::error_code, boost::json::object);
    return boost::asio::async_initiate<CompletionToken, handler_sig>(
        [self = shared_from_this(), method, params = std::move(params)]
        (auto handler) mutable {
            self->session_->send_command(
                std::string(method), params,
                [handler = std::move(handler)](
                    const core::ParsedResponse &response) mutable {
                    if (!response.is_success) {
                        // Usar sistema bidi de erros
                        boost::system::error_code ec = 
                            bidi::make_error_code(bidi::errc::server_error);
                        handler(ec, {});
                    } else {
                        handler({}, response.result);
                    }
                });
        }, token);
}

// Correção para get_executor - garantir strand
boost::asio::any_io_executor Client::get_executor() const {
    return session_->get_strand().get_inner_executor(); 
}

// Correção para set_event_handler - usar strand correto
boost::asio::awaitable<void>
set_event_handler(std::string method,
                  std::function<void(boost::json::object)> handler) {
    co_await boost::asio::dispatch(
        boost::asio::bind_executor(session_->get_strand(),
                                   boost::asio::use_awaitable));
    session_->set_event_handler(std::move(method), std::move(handler));
}
```

## PONTOS POSITIVOS

1. **API limpa e ergonômica** - interface funcional/monádica bem estruturada
2. **RAII correto** - `Subscription` com move-only semantics
3. **Separation of concerns** - delega implementação para `BiDiSession`  
4. **CompletionToken pattern** - segue padrão Asio canônico
5. **Const correctness** - métodos const apropriados
6. **Namespacing adequado** - organização clara dos comandos
7. **Template usage** - `async_send` genérico reutilizável
8. **Smart pointers** - uso correto de `shared_ptr/weak_ptr`

## SCORE FINAL: 7.5/10

**Justificativa:**
- **Arquitetura bidi-x (40%)**: 8/10 - Segue princípios lazy/assíncronos mas faltam detalhes críticos de implementação
- **Core Guidelines (30%)**: 8/10 - RAII, move semantics, const correctness corretos  
- **Performance (20%)**: 7/10 - Template zerocopy bom, mas missing strand guarantees
- **Qualidade (10%)**: 6/10 - Interface limpa mas documentação e error handling incompletos

O arquivo demonstra boa compreensão da arquitetura bidi-x e padrões C++ modernos, mas precisa de ajustes nos detalhes críticos de threading, error handling e lazy evaluation para estar totalmente alinhado com os objetivos do projeto.

Tokens: 30951

======================================================================
[23/76] commands.hpp
======================================================================
## VIOLACOES CRITICAS
Nenhuma

## PROBLEMAS ALTA SEVERIDADE

1. **Linha 30-34**: Parâmetro `contexts` opcional por referência pode ser problemático
```cpp
// Problema: referência para vector vazio pode ser ineficiente
subscribe(const std::vector<std::string> &events,
          const std::vector<std::string> &contexts = {});
```

2. **Linha 97**: `string_view` com valor padrão vazio pode ser perigoso
```cpp
// Problema: string_view com lifetime incerto
get_tree(std::string_view root = {}, int max_depth = -1);
```

## PROBLEMAS MEDIA SEVERIDADE

1. **Linha 62-64**: Enum class sem underlying type especificado
```cpp
// Melhor especificar tipo para serialização consistente
enum class CreateType { tab, window };
enum class ReadinessState { none, interactive, complete };
```

2. **Linha 89-92**: Struct Target com string_view members
```cpp
// string_view members podem causar dangling references
struct Target {
    std::string_view context;
    std::string_view sandbox = {};
};
```

3. **Falta validação de entrada**: Nenhuma função valida parâmetros de entrada (contexts vazios, URLs malformadas, etc.)

4. **Linha 139-142**: Funções `to_string` retornam `string_view` mas não há garantia de lifetime
```cpp
// string_view pode referenciar dados temporários
[[nodiscard]] std::string_view to_string(browsing_context::CreateType type) noexcept;
```

## PROBLEMAS BAIXA SEVERIDADE

1. **Linha 150-153**: Funções de criação de LocalValue poderiam usar templates para reduzir duplicação

2. **Falta de documentação**: Comentários mínimos sobre comportamento esperado dos parâmetros

3. **Linha 41**: Função `status()` retorna objeto vazio mas não documenta se isso está correto conforme spec

## SUGESTOES DE CORRECAO

```cpp
// 1. Corrigir parâmetros opcionais - usar std::span ou const ref
[[nodiscard]] boost::json::object
subscribe(const std::vector<std::string> &events,
          std::span<const std::string> contexts = {});

// 2. Especificar underlying types para enums
enum class CreateType : int { tab = 0, window = 1 };
enum class ReadinessState : int { none = 0, interactive = 1, complete = 2 };

// 3. Substituir string_view members por std::string ou usar factory pattern
struct Target {
    std::string context;
    std::string sandbox;
    
    // Factory para evitar cópias desnecessárias quando possível
    static Target from_views(std::string_view ctx, std::string_view sb = {}) {
        return Target{std::string(ctx), std::string(sb)};
    }
};

// 4. to_string com dados estáticos seguros
[[nodiscard]] constexpr std::string_view to_string(browsing_context::CreateType type) noexcept {
    switch (type) {
        case CreateType::tab: return "tab";
        case CreateType::window: return "window";
    }
    return "window"; // default seguro
}

// 5. Template para LocalValue reduzir duplicação
template<typename T>
[[nodiscard]] boost::json::object local_value(T&& value) {
    if constexpr (std::is_same_v<std::decay_t<T>, std::string>) {
        return {{"type", "string"}, {"value", std::forward<T>(value)}};
    } else if constexpr (std::is_arithmetic_v<std::decay_t<T>>) {
        return {{"type", "number"}, {"value", std::forward<T>(value)}};
    } else if constexpr (std::is_same_v<std::decay_t<T>, bool>) {
        return {{"type", "boolean"}, {"value", std::forward<T>(value)}};
    }
}

// 6. Validação básica de entrada
[[nodiscard]] boost::json::object
navigate(std::string_view context, std::string_view url,
         ReadinessState wait = ReadinessState::complete) {
    if (context.empty()) {
        throw std::invalid_argument("context cannot be empty");
    }
    if (url.empty()) {
        throw std::invalid_argument("url cannot be empty");
    }
    // ... resto da implementação
}
```

## PONTOS POSITIVOS

1. **Excelente organização por domínios**: Estrutura clara seguindo a spec W3C BiDi
2. **Uso correto de [[nodiscard]]**: Todas as funções que retornam valores importantes marcadas
3. **Enums type-safe**: Uso de enum class em vez de enum tradicional
4. **Nomes canônicos**: Nomenclatura 1:1 com a especificação W3C
5. **Separação clara de responsabilidades**: Cada namespace tem sua função específica
6. **Header-only design**: Facilita integração e evita problemas de linking
7. **Const-correctness**: Parâmetros marcados como const onde apropriado
8. **Boost.JSON integration**: Uso adequado da biblioteca JSON escolhida pelo projeto

## SCORE FINAL: 7.5/10

**Justificativa:**
- **Conformidade arquitetura bidi-x (40%)**: 8/10 - Boa aderência aos nomes canônicos e estrutura de domínios, mas falta validação de entrada
- **Core Guidelines & P10 (30%)**: 7/10 - Boa aplicação de RAII e const-correctness, mas problemas com lifetime de string_view
- **Performance & memória (20%)**: 7/10 - Design header-only eficiente, mas pode melhorar com templates e redução de cópias
- **Qualidade & testes (10%)**: 8/10 - Código limpo e bem estruturado, mas falta documentação

O arquivo está bem estruturado e segue a maioria das práticas do projeto, mas precisa de ajustes nos tipos de parâmetros e validação de entrada para ser mais robusto.

Tokens: 30738

======================================================================
[24/76] core.hpp
======================================================================
Após uma análise completa do arquivo `include/bidi/core.hpp`, baseando-me nas regras de code review específicas do projeto bidi-x:

## VIOLAÇÕES CRÍTICAS

**1. REUTILIZAÇÃO PROIBIDA DE TIMERS SEM PROTEÇÃO DE RACE (linha 146)**
```cpp
net::steady_timer timer;  // Em PendingEntry - pode causar races sem generation counter
```

**2. EXPOSIÇÃO PERIGOSA DE string_view (linha 48)**
```cpp
[[nodiscard]] MessageKind detect_message_kind(std::string_view payload) noexcept;
```
Esta função recebe string_view mas não há garantia de que não escapará do lifetime da arena.

## PROBLEMAS ALTA SEVERIDADE

**1. Falta de validação de ID seguro (linha 42-44)**
```cpp
[[nodiscard]] std::string build_command(id_type id_value,
                                        std::string_view method,
                                        const boost::json::object &params = {});
```
CORREÇÃO: Adicionar validação `is_id_safe(id_value)` antes de serializar.

**2. Ausência de PMR/arena no parsing (linhas 74-76)**
```cpp
[[nodiscard]] std::optional<ParsedResponse> parse_response(std::string_view payload);
[[nodiscard]] std::optional<ParsedEvent> parse_event(std::string_view payload);
```
CORREÇÃO: Adicionar parâmetro `boost::json::storage_ptr` para arena.

**3. Handler fire-and-forget inseguro (linhas 284-291)**
```cpp
// For simplicity, call handler immediately (fire-and-forget)
// In production, you'd track completion per message
net::post(strand_, [handler = std::move(handler)]() mutable {
    handler(boost::system::error_code{});
});
```
Viola o princípio de que async_send deve aguardar conclusão real.

## PROBLEMAS MÉDIA SEVERIDADE

**1. Falta de [[nodiscard]] em métodos críticos (linha 140)**
```cpp
void set_message_handler(MessageHandler handler) // Deveria ser [[nodiscard]]
```

**2. Timeout hardcoded sem configurabilidade (linha 186)**
```cpp
static inline constexpr std::chrono::milliseconds kDefaultTimeout{5000};
```

**3. Ausência de backpressure na write_queue (linha 127)**
```cpp
std::deque<std::string> write_queue_; // Sem high-water mark
```

## PROBLEMAS BAIXA SEVERIDADE

**1. Headers desnecessários (linha 18)**
```cpp
#include <future>  // Usado apenas em contexto de teste
#include <thread>  // Não utilizado conforme arquitetura
```

**2. Comentário inconsistente (linha 289)**
```cpp
// For simplicity, call handler immediately (fire-and-forget)
// In production, you'd track completion per message
```
Comentário indica código não-produção.

## SUGESTÕES DE CORREÇÃO

**1. Correção do build_command com validação:**
```cpp
[[nodiscard]] std::expected<std::string, std::string> 
build_command(id_type id_value, std::string_view method,
              const boost::json::object &params = {}) {
    if (!is_id_safe(id_value)) {
        return std::unexpected("ID exceeds safe range 2^53-1");
    }
    // ... resto da implementação
}
```

**2. Correção do parsing com arena:**
```cpp
[[nodiscard]] std::optional<ParsedResponse>
parse_response(std::string_view payload, 
               boost::json::storage_ptr storage = {});
```

**3. Correção do async_send com completion real:**
```cpp
template <class CompletionToken>
auto async_send(std::string message, CompletionToken &&token) {
    auto wrapper = [this, message = std::move(message)](auto &&handler) mutable {
        net::post(strand_, [this, message = std::move(message),
                            handler = std::move(handler)]() mutable {
            write_queue_.emplace_back(std::move(message));
            // Track handler for this specific message
            completion_handlers_.emplace_back(std::move(handler));
            if (!is_writing_) {
                do_write();
            }
        });
    };
    // ...
}
```

**4. Adição de backpressure:**
```cpp
static constexpr std::size_t MAX_QUEUE_SIZE = 100;
static constexpr std::size_t MAX_QUEUE_BYTES = 1024 * 1024; // 1MB

template <class CompletionToken>
auto async_send(std::string message, CompletionToken &&token) {
    if (write_queue_.size() >= MAX_QUEUE_SIZE) {
        return net::post(get_executor(), 
            [handler = std::move(handler)]() {
                handler(make_error_code(errc::cancelled));
            });
    }
    // ... resto
}
```

## PONTOS POSITIVOS

1. **Excelente uso de strand** - Serialização correta de operações WS
2. **RAII para Subscriptions** - Implementação sólida com move semantics
3. **Constantes spec-compliant** - MAX_SAFE_ID correto para compatibilidade JS
4. **Modelo de erro robusto** - ParsedResponse inclui campos para telemetria
5. **Template design limpo** - async_initiate usado corretamente
6. **Separation of concerns** - WebSocketClient e BiDiSession bem separados
7. **Const-correctness** - Muitos métodos marcados como const/noexcept apropriadamente

## SCORE FINAL: 6.5/10

**Justificativa:**
- **Arquitetura bidi-x (6/10)**: Boa aderência geral ao modelo assíncrono e strand, mas falhas críticas na reutilização de timers e validação de IDs
- **Core Guidelines & P10 (7/10)**: RAII bem implementado, mas falta std::expected para erros e validações de bounds  
- **Performance & Memória (6/10)**: Ausência de PMR/arena no parsing é uma falha significativa; backpressure ausente
- **Qualidade & Testes (7/10)**: Código bem estruturado, mas comentários indicando código "não-produção" são problemáticos

O código tem uma base sólida mas precisa de correções nas áreas de segurança de IDs, gestão de memória com arenas, e completion tracking adequado para ser production-ready conforme os requisitos do bidi-x.

Tokens: 34075

======================================================================
[25/76] guards.hpp
======================================================================
Compreendi perfeitamente o projeto **bidi-x**. É um cliente WebDriver BiDi minimalista em C++20/23 com foco em:

- **Arquitetura assíncrona canônica** com Boost.Asio/Beast
- **Lazy evaluation** (operações só executam com terminal)
- **Performance agressiva** (PMR, fast-path parsing, pools)
- **RAII para subscriptions** com refcount
- **Zero busy-wait/detach**, timeout por corrida
- **Modelo de erro robusto** com std::error_code

O projeto está bem estruturado com pools de recursos, threading controlado via strand, e aderência estrita à spec W3C BiDi.

---

## CODE REVIEW: include/bidi/guards.hpp

## VIOLACOES CRITICAS
**Nenhuma** - O arquivo não apresenta violações que quebram o sistema.

## PROBLEMAS ALTA SEVERIDADE

1. **Linha 78-82**: `SessionGuard::connect` pode lançar exceção não tratada do `driver_.connect()`, violando a garantia de não-exceção implícita do RAII guard.

2. **Linha 182-184**: `ClientGuard::add_subscription` aceita `shared_ptr` por valor desnecessariamente, causando incremento/decremento de refcount.

3. **Linha 161-173**: `ClientGuard::~ClientGuard()` tem cleanup complex demais para destrutor, podendo mascarar exceções durante stack unwinding.

## PROBLEMAS MEDIA SEVERIDADE

4. **Linha 127-137**: `TimerGuard::async_wait` captura `timer` por valor no lambda, mas também mantém `timer_` como membro - redundância desnecessária.

5. **Linha 234-252**: `FutureGuard::get()` não diferencia timeout de outras condições de wait, perdendo diagnóstico granular.

6. **Linha 299-309**: `IoContextGuard` não usa `executor_work_guard`, podendo causar `io_context.run()` retornar prematuramente.

## PROBLEMAS BAIXA SEVERIDADE

7. **Linha 39**: Comentário de exemplo não menciona tratamento de erro do `std::expected`.

8. **Linha 187**: `subscription_count()` poderia ser `[[nodiscard]]` para evitar chamadas sem uso do resultado.

9. **Linha 264-266**: Timeout hardcoded de 100ms no destrutor `FutureGuard` sem justificativa.

## SUGESTOES DE CORRECAO

```cpp
// 1. SessionGuard::connect com tratamento robusto
auto connect(const WebDriver::json &args, const std::string &browser_name,
             bool headless) noexcept -> std::expected<std::string, std::string> {
    try {
        auto response = driver_.connect(args, browser_name, headless);
        session_id_ = driver_.sessionId;
        connected_ = true;
        
        // Validação mais robusta
        const auto* capabilities = response.find("capabilities");
        if (!capabilities || !capabilities->contains("webSocketUrl")) {
            connected_ = false;
            return std::unexpected("Missing webSocketUrl in session capabilities");
        }
        
        return capabilities->at("webSocketUrl").get<std::string>();
    } catch (const WebDriverException& ex) {
        return std::unexpected(std::format("WebDriver error: {}", ex.what()));
    } catch (const std::exception& ex) {
        return std::unexpected(std::format("Connection failed: {}", ex.what()));
    }
}

// 2. ClientGuard melhorado
void add_subscription(const std::shared_ptr<bidi::core::BiDiSession::Subscription>& subscription) {
    subscriptions_.push_back(subscription);
}

[[nodiscard]] auto subscription_count() const noexcept -> size_t {
    return subscriptions_.size();
}

// 3. IoContextGuard com work_guard
class IoContextGuard {
private:
    boost::asio::io_context& io_context_;
    boost::asio::executor_work_guard<boost::asio::io_context::executor_type> work_guard_;
    std::atomic<bool>& stop_flag_;
    std::thread runner_thread_;

public:
    IoContextGuard(boost::asio::io_context& io_context, std::atomic<bool>& flag)
        : io_context_(io_context)
        , work_guard_(boost::asio::make_work_guard(io_context))
        , stop_flag_(flag) {
        runner_thread_ = std::thread([this]() {
            try {
                io_context_.run();
                stop_flag_.store(true, std::memory_order_release);
            } catch (const std::exception& ex) {
                logging::log_error(std::format("io_context.run() failed: {}", ex.what()));
                stop_flag_.store(true, std::memory_order_release);
            }
        });
    }

    ~IoContextGuard() noexcept {
        work_guard_.reset(); // Permite io_context parar
        if (!stop_flag_.load(std::memory_order_acquire)) {
            io_context_.stop();
        }
        if (runner_thread_.joinable()) {
            runner_thread_.join();
        }
    }
};

// 4. FutureGuard com diagnóstico melhor
auto get() -> std::expected<T, std::string> {
    const auto status = future_.wait_for(timeout_);
    
    if (status == std::future_status::timeout) {
        return std::unexpected(std::format("Operation '{}' timed out after {}s", 
                                         operation_name_, timeout_.count()));
    }
    
    if (status == std::future_status::deferred) {
        return std::unexpected(std::format("Operation '{}' was deferred (not started)", 
                                         operation_name_));
    }
    
    // status == ready
    try {
        if constexpr (std::is_void_v<T>) {
            future_.get();
            return {};
        } else {
            return future_.get();
        }
    } catch (const bidi::BiDiException& ex) {
        return std::unexpected(std::format("BiDi error in '{}': {}", 
                                         operation_name_, ex.what()));
    } catch (const std::exception& ex) {
        return std::unexpected(std::format("Exception in '{}': {}", 
                                         operation_name_, ex.what()));
    }
}
```

## PONTOS POSITIVOS

1. **Excelente uso de RAII** - Todas as classes seguem o padrão RAII corretamente
2. **Move semantics apropriadas** - Construtores e operadores bem definidos
3. **[[nodiscard]] bem aplicado** - Métodos de consulta marcados adequadamente
4. **std::expected usage** - Interface de erro moderna e type-safe
5. **Exception safety** - Destrutores são noexcept e tratam erros internamente
6. **Logging consistente** - Uso uniforme do sistema de logging do projeto
7. **Documentação clara** - Comentários explicam propósito e uso de cada guard
8. **Thread safety awareness** - Uso correto de atomic operations

## SCORE FINAL: 8.2/10

**Justificativa:**
- **Arquitetura (40%)**: 8.5/10 - Guards bem alinhados com filosofia bidi-x, mas falta work_guard no IoContextGuard
- **Core Guidelines (30%)**: 8.0/10 - RAII excelente, mas alguns construtores poderiam ser mais robustos  
- **Performance (20%)**: 8.0/10 - Uso eficiente de shared_ptr, mas algumas capturas desnecessárias
- **Qualidade (10%)**: 8.5/10 - Código limpo, bem documentado, mas faltam alguns [[nodiscard]]

O arquivo demonstra sólido entendimento dos princípios RAII e integra-se bem com a arquitetura do projeto. As correções sugeridas são principalmente melhorias de robustez e diagnóstico, não problemas fundamentais.

Tokens: 33549

======================================================================
[26/76] ids.hpp
======================================================================
## VIOLACOES CRITICAS
Nenhuma

## PROBLEMAS ALTA SEVERIDADE
Nenhum

## PROBLEMAS MEDIA SEVERIDADE

**Linha 1-3**: Comentário de cabeçalho pode ser mais específico sobre o plano de deprecação
- O comentário menciona "backwards compatibility" mas não indica se há um plano de deprecação ou timeline para remoção destes aliases

## PROBLEMAS BAIXA SEVERIDADE

**Linha 2**: Path relativo sem contexto claro
- `"bidi_methods.hpp"` assume estrutura específica de include paths, poderia ser mais explícito

**Organização**: Aliases poderiam ter documentação mais clara sobre status de deprecação
- Cada alias poderia ter um comentário `[[deprecated]]` ou indicação de quando será removido

## SUGESTOES DE CORRECAO

```cpp
// This shim provides backwards compatibility for legacy code that used
// uppercase constants from `bidi/ids.hpp`. 
// 
// DEPRECATED: These aliases will be removed in v2.0. Migrate to:
// `include/bidi_methods.hpp` constants: `bidi::ids::methods::...` and
// `bidi::ids::events::...`
#pragma once

#include "bidi_methods.hpp"

namespace bidi::ids {
// Legacy aliases - DEPRECATED, use bidi::ids::methods::* instead
[[deprecated("Use bidi::ids::methods::bc_create instead")]]
inline constexpr auto BROWSING_CONTEXT_CREATE = bidi::ids::methods::bc_create;

[[deprecated("Use bidi::ids::methods::bc_navigate instead")]]
inline constexpr auto BROWSING_CONTEXT_NAVIGATE = bidi::ids::methods::bc_navigate;

[[deprecated("Use bidi::ids::methods::bc_close instead")]]
inline constexpr auto BROWSING_CONTEXT_CLOSE = bidi::ids::methods::bc_close;

[[deprecated("Use bidi::ids::methods::bc_getTree instead")]]
inline constexpr auto BROWSING_CONTEXT_GET_TREE = bidi::ids::methods::bc_getTree;

[[deprecated("Use bidi::ids::methods::script_evaluate instead")]]
inline constexpr auto SCRIPT_EVALUATE = bidi::ids::methods::script_evaluate;

[[deprecated("Use bidi::ids::methods::script_callFunction instead")]]
inline constexpr auto SCRIPT_CALL_FUNCTION = bidi::ids::methods::script_callFunction;

[[deprecated("Use bidi::ids::methods::session_subscribe instead")]]
inline constexpr auto SESSION_SUBSCRIBE = bidi::ids::methods::session_subscribe;

[[deprecated("Use bidi::ids::methods::session_unsubscribe instead")]]
inline constexpr auto SESSION_UNSUBSCRIBE = bidi::ids::methods::session_unsubscribe;

// Legacy event aliases - DEPRECATED, use bidi::ids::events::* instead
[[deprecated("Use bidi::ids::events::log_entryAdded instead")]]
inline constexpr auto EV_LOG_ENTRY_ADDED = bidi::ids::events::log_entryAdded;

[[deprecated("Use bidi::ids::events::net_beforeRequestSent instead")]]
inline constexpr auto EV_NETWORK_BEFORE_REQUEST_SENT = bidi::ids::events::net_beforeRequestSent;

[[deprecated("Use bidi::ids::events::bc_contextCreated instead")]]
inline constexpr auto EV_BROWSING_CONTEXT_CREATED = bidi::ids::events::bc_contextCreated;

} // namespace bidi::ids
```

## PONTOS POSITIVOS

1. **Arquitetura limpa**: O arquivo cumpre perfeitamente sua função de shim de compatibilidade sem duplicar implementação
2. **Constexpr adequado**: Uso correto de `inline constexpr auto` para constantes compile-time
3. **Namespacing consistente**: Mantém a organização em `bidi::ids` conforme arquitetura do projeto
4. **Re-exportação eficiente**: Aliases simples sem overhead runtime
5. **Header-only apropriado**: Design adequado para constantes que devem ser header-only
6. **Naming convention**: Aliases seguem convenção clara (UPPER_CASE para legacy, snake_case para novo)
7. **Separação clara**: Distingue entre methods e events nos aliases
8. **Include limpo**: Apenas um include necessário, sem dependências excessivas
9. **Compatibilidade não-invasiva**: Não altera APIs existentes, apenas fornece aliases
10. **Aderência ao projeto**: Mantém os nomes canônicos 1:1 com spec W3C através do re-export

## SCORE FINAL: 8.5/10

**Justificativa:**
- **Conformidade arquitetura bidi-x (40%)**: 9/10 - Alinhado perfeitamente com constantes canônicas e estrutura de namespaces
- **Core Guidelines & P10 (30%)**: 9/10 - Uso correto de constexpr, const-correctness, sem UB ou problemas de threading
- **Performance & memoria (20%)**: 9/10 - Zero overhead, aliases compile-time, sem alocações
- **Qualidade & testes (10%)**: 6/10 - Falta documentação explícita sobre deprecação e timeline

O arquivo é bem implementado como shim de compatibilidade. A única melhoria significativa seria adicionar `[[deprecated]]` attributes para guiar migração e documentar melhor o plano de deprecação. É um exemplo de como manter compatibilidade sem comprometer a arquitetura.

Tokens: 29817

======================================================================
[27/76] logging.hpp
======================================================================
Após análise completa do código seguindo as 40+ regras do bidi-x, aqui está minha revisão:

## VIOLACOES CRITICAS
Nenhuma. O código não apresenta polling, detach, async_write concorrentes ou outras violações que quebrariam o sistema.

## PROBLEMAS ALTA SEVERIDADE

1. **Linha 11-15**: `std::gmtime()` não é thread-safe, pode causar data races em ambiente multi-thread:
```cpp
ss << std::put_time(std::gmtime(&now_t), "%Y-%m-%dT%H:%M:%SZ");
```

2. **Linha 33-36**: Uso de `std::rethrow_exception()` sem proteção pode causar terminate inesperado se chamado recursivamente.

## PROBLEMAS MEDIA SEVERIDADE

1. **Linha 20-24**: `make_trace_id()` usa apenas timestamp, podendo gerar IDs duplicados em alta concorrência:
```cpp
auto epoch_count = std::chrono::system_clock::now().time_since_epoch().count();
```

2. **Linha 58**: Static local em `get_default_sink_ref()` pode causar problemas de ordem de destruição:
```cpp
static LogSink sink = [](const std::string &msg_str) {
```

3. **Linha 77-84**: Múltiplas funções de log com código duplicado violam DRY principle.

## PROBLEMAS BAIXA SEVERIDADE

1. **Linha 7**: Include desnecessário `<iomanip>` já incluído via `<sstream>`.

2. **Linha 46**: Parâmetro `trace_id` por const& seria mais eficiente que por valor.

3. **Linha 85-93**: Fallback para `std::cerr` inconsistente - outras funções usam `std::cout`.

## SUGESTOES DE CORRECAO

```cpp
// Correção thread-safe para now_iso8601()
inline std::string now_iso8601() {
    using namespace std::chrono;
    auto now = system_clock::now();
    auto now_t = system_clock::to_time_t(now);
    std::ostringstream ss;
    // gmtime_r em POSIX ou gmtime_s em Windows
    struct tm tm_buf;
#ifdef _WIN32
    gmtime_s(&tm_buf, &now_t);
#else
    gmtime_r(&now_t, &tm_buf);
#endif
    ss << std::put_time(&tm_buf, "%Y-%m-%dT%H:%M:%SZ");
    return ss.str();
}

// Trace ID mais robusto
inline std::string make_trace_id() {
    auto epoch_count = std::chrono::system_clock::now().time_since_epoch().count();
    auto thread_id = std::hash<std::thread::id>{}(std::this_thread::get_id());
    std::ostringstream ss;
    ss << std::hex << epoch_count << "_" << thread_id;
    return ss.str();
}

// Função base para eliminar duplicação
inline void emit_log(const std::string& level,
                    const std::string& msg,
                    const std::error_code& err_code = {},
                    const std::exception_ptr& ex_ptr = nullptr,
                    const std::string& trace_id = {}) {
    auto payload = build_log(level, msg, err_code, ex_ptr, trace_id);
    auto& sink = get_default_sink_ref();
    if (sink) {
        sink(payload);
    } else {
        // Usar sempre o mesmo fallback
        std::cout << payload << '\n';
    }
}

// Simplificar funções de log
inline void log_error(const std::string& msg,
                     const std::error_code& err_code = {},
                     const std::exception_ptr& ex_ptr = nullptr,
                     const std::string& trace_id = {}) {
    emit_log("error", msg, err_code, ex_ptr, trace_id);
}
```

## PONTOS POSITIVOS

1. **Estrutura JSON bem definida**: Uso correto do Boost.JSON para logs estruturados
2. **Interface limpa**: Funções inline bem organizadas no namespace dedicado
3. **Flexibilidade**: LogSink configurável permite diferentes backends
4. **Tratamento de erros**: Boa conversão de std::error_code para JSON
5. **Const-correctness**: Parâmetros adequadamente const onde possível
6. **Header-only**: Design apropriado para biblioteca de logging leve
7. **Namespace bem definido**: `bidi::logging` segue convenções do projeto

## SCORE FINAL: 7.5/10

**Justificativa:**
- **Arquitetura bidi-x (40%)**: 8/10 - Alinha bem com o design geral, logging estruturado adequado
- **Core Guidelines & P10 (30%)**: 6/10 - Thread-safety issues e violação DRY reduzem score
- **Performance & memoria (20%)**: 8/10 - Inline functions, JSON eficiente, mas pode melhorar trace_id
- **Qualidade & testes (10%)**: 8/10 - Código limpo e bem organizado, interface clara

O código está fundamentalmente sólido mas precisa de correções de thread-safety e refatoração para eliminar duplicação. Com as correções sugeridas, seria um módulo de logging robusto para o projeto bidi-x.

Tokens: 30691

======================================================================
[28/76] memory_pool.hpp
======================================================================
Analisando o código `include/bidi/memory_pool.hpp` seguindo as regras de code review do projeto bidi-x:

## VIOLAÇÕES CRÍTICAS
Nenhuma violação crítica detectada. O código segue os princípios fundamentais de RAII, não usa polling/busy-wait, não tem detach() threads, e utiliza corretamente PMR/arena conforme especificado na arquitetura.

## PROBLEMAS ALTA SEVERIDADE

**Linha 45: Destructor padrão potencialmente problemático**
```cpp
~Arena() = default;
```
Com `monotonic_resource` como membro, o destructor deveria ser explícito para garantir ordem de destruição e logging se necessário.

**Linha 48-51: Move semantics incorreta**
```cpp
Arena(Arena &&) = delete;
Arena &operator=(Arena &&) = delete;
```
`monotonic_resource` não é movível, mas o comentário está incorreto. `unique_ptr<Arena>` precisa que Arena seja movível para funcionar eficientemente.

## PROBLEMAS MÉDIA SEVERIDADE

**Linha 67: Falta tratamento de erro no parse**
```cpp
[[nodiscard]] boost::json::value parse(std::string_view json_text);
```
Método não documenta como erros de parsing são tratados. Deveria retornar `std::expected<boost::json::value, std::error_code>` conforme padrão do projeto.

**Linha 102-106: Logic de sizing simplificada demais**
```cpp
if (estimated_size <= SMALL_ARENA_SIZE) {
    arena_size = SMALL_ARENA_SIZE;
} else if (estimated_size > MEDIUM_ARENA_SIZE) {
    arena_size = LARGE_ARENA_SIZE;
}
```
Não considera overhead do parsing (tipicamente 2-3x o tamanho do JSON).

**Linha 114-116: TODO crítico não implementado**
```cpp
// TODO: Add recycling pools for each arena size
```
Pool recycling é essencial para performance em hot paths - sem isso, haverá many allocations.

## PROBLEMAS BAIXA SEVERIDADE

**Linha 29: Magic numbers sem documentação**
```cpp
static constexpr std::size_t SMALL_ARENA_SIZE = 4 * 1024; // 4KB
```
Faltam métricas/benchmarks que justifiquem esses tamanhos específicos.

**Linha 126: Factory method desnecessário**
```cpp
[[nodiscard]] static JsonParser create(...)
```
Construtor direto seria mais idiomático em C++.

**Linha 80: Missing const correctness**
```cpp
boost::json::memory_resource *resource() noexcept
```
Deveria ter overload const retornando `const boost::json::memory_resource*`.

## SUGESTÕES DE CORREÇÃO

```cpp
class Arena {
public:
    explicit Arena(std::size_t size = MEDIUM_ARENA_SIZE) 
        : resource_(size) {}
    
    // Explicit destructor for proper cleanup order
    ~Arena() noexcept {
        // Logging/metrics if needed
    }
    
    // Make movable for unique_ptr efficiency
    Arena(Arena&& other) noexcept = default;
    Arena& operator=(Arena&& other) noexcept = default;
    
    // Non-copyable
    Arena(const Arena&) = delete;
    Arena& operator=(const Arena&) = delete;
    
    // Const-correct resource access
    [[nodiscard]] boost::json::memory_resource* resource() noexcept {
        return &resource_;
    }
    [[nodiscard]] const boost::json::memory_resource* resource() const noexcept {
        return &resource_;
    }
    
    // Error-safe parsing
    [[nodiscard]] std::expected<boost::json::value, std::error_code> 
    parse(std::string_view json_text) {
        try {
            return boost::json::parse(json_text, resource());
        } catch (...) {
            return std::make_error_code(bidi::errc::decode_error);
        }
    }
};

// Better size estimation with overhead
std::size_t calculate_arena_size(std::size_t estimated_json_size) {
    // JSON parsing typically needs 2.5-3x overhead
    std::size_t needed = estimated_json_size * 3;
    
    if (needed <= SMALL_ARENA_SIZE) return SMALL_ARENA_SIZE;
    if (needed <= MEDIUM_ARENA_SIZE) return MEDIUM_ARENA_SIZE;
    return LARGE_ARENA_SIZE;
}
```

## PONTOS POSITIVOS

1. **Excelente uso de PMR/arena**: Implementação correta de `boost::json::monotonic_resource` para hot paths
2. **Thread-local design**: Evita locking com thread_local pools, alinhado com arquitetura single event loop
3. **RAII impecável**: `JsonParser` gerencia automaticamente lifetime da arena
4. **Sizing inteligente**: Três tamanhos de arena baseados em workload típico
5. **Documentação rica**: Comentários explicam decisões de performance
6. **[[nodiscard]] consistente**: Previne bugs de valor não utilizado
7. **Constexpr sizing**: Permite otimizações compile-time
8. **Zero heap fragmentation**: Estratégia de bulk allocation/release

## SCORE FINAL: 7.5/10

**Justificativa:**
- **Arquitetura bidi-x (40%)**: 8/10 - Alinhado com PMR/arena, thread-local, RAII, mas falta error handling robusto
- **Core Guidelines & P10 (30%)**: 7/10 - Bom RAII e const-correctness, mas move semantics problemática  
- **Performance & memória (20%)**: 8/10 - Excelente strategy de arena, mas falta pool recycling crítico
- **Qualidade & testes (10%)**: 7/10 - Boa documentação, mas falta error paths e métricas

O código está bem estruturado e segue a maioria dos princípios do projeto, mas precisa de ajustes em error handling, move semantics e implementação do pool recycling para alcançar o nível de produção esperado.

Tokens: 30938

======================================================================
[29/76] message_queue.hpp
======================================================================
Entendi perfeitamente o projeto **bidi-x**. Trata-se de um cliente WebDriver BiDi minimalista em C++20/23 com foco em:

- **Modelo assíncrono canônico** com Boost.Asio/Beast
- **Lazy evaluation** (nada executa sem terminal)
- **Performance agressiva** (PMR/arena, fast-path, pools)
- **Event loop único** com strand para serialização
- **RAII subscriptions** com refcount
- **Timeout determinístico** via corrida operação×timer
- **Zero polling/detach**

A arquitetura é bem estruturada com pools, pending maps, threading controlado e adherência à spec W3C BiDi.

---

# CODE REVIEW: include/bidi/message_queue.hpp

## VIOLACOES CRITICAS

**1. FIXED-SIZE BUFFER INADEQUADO PARA BIDI**
- Linha 28: `MAX_MESSAGE_SIZE = 2048` é insuficiente para comandos BiDi complexos (network intercept, large scripts, base64 payloads)
- Comandos como `script.evaluate` com código JS longo podem facilmente exceder 2KB
- **IMPACTO**: Truncamento silencioso de comandos → falhas de protocolo

**2. COPIA SILENCIOSA COM TRUNCAMENTO**
- Linha 32: `std::min(msg.size(), MAX_MESSAGE_SIZE - 1)` trunca sem erro
- **IMPACTO**: Comandos inválidos enviados ao browser → server_error ou decode_error

## PROBLEMAS ALTA SEVERIDADE

**3. QUEBRA DA ARQUITETURA STRAND-BASED**
- Lines 15-20: Lock-free queue contradiz o modelo strand do projeto
- bidi-x usa strand para serialização; lock-free introduz complexidade desnecessária
- **CONFLITO**: Viola diretriz "operações WS sempre serializadas via strand"

**4. APPROXIMATION INACEITÁVEL PARA BACKPRESSURE**
- Linha 92: `return empty() ? 0 : 1` quebra controle de fluxo
- Projeto requer high-water mark precisa para negar novos envios
- **IMPACTO**: Sem backpressure → explosão de memória

**5. AUSÊNCIA DE INTEGRAÇÃO COM POOLS**
- Não usa `buffer_pool` existente do projeto
- Duplica responsabilidade de gerenciamento de buffer
- **IMPACTO**: Fragmentação de memória, contradiz pools strategy

## PROBLEMAS MEDIA SEVERIDADE

**6. THREAD SAFETY INADEQUADA**
- Comentários indicam SPSC mas não há enforcement
- Múltiplos producers podem quebrar invariantes lock-free
- **RISCO**: Data races em cenários multi-thread

**7. FALTA DE ERROR HANDLING**
- `try_enqueue` falha silenciosamente (retorna false)
- Sem mecanismo de retry ou escalação
- **IMPACTO**: Perda silenciosa de comandos

**8. PERFORMANCE QUESTIONÁVEL**
- `flat_map` tem O(log n) insert vs O(1) unordered_map
- Para pending requests, acesso por ID é mais crítico que iteração

## PROBLEMAS BAIXA SEVERIDADE

**9. MAGIC NUMBERS**
- Linha 28: `2048`, linha 67: `32`, linha 112: `64`
- Deviam ser constexpr configuráveis

**10. DOCUMENTAÇÃO INCONSISTENTE**
- Claims "2-5x faster" sem benchmarks no contexto bidi-x
- Performance chars não validadas para workload BiDi

## SUGESTOES DE CORRECAO

```cpp
// include/bidi/message_queue.hpp - Aligned with bidi-x architecture
#pragma once

#include "bidi/core.hpp"
#include "bidi/buffer_pool.hpp"
#include <boost/container/small_vector.hpp>
#include <deque>
#include <memory>

namespace bidi::core {

/**
 * @brief Strand-based message queue for WebSocket writes
 * 
 * Integrates with bidi-x pools and strand architecture.
 * No lock-free complexity - strand provides ordering guarantees.
 */
class StrandMessageQueue {
public:
    // Use dynamic allocation for BiDi's variable message sizes
    struct QueuedMessage {
        std::unique_ptr<char[]> data;
        std::size_t length;
        core::id_type message_id;
        
        QueuedMessage(std::string_view msg, core::id_type id)
            : data{std::make_unique<char[]>(msg.size() + 1)}
            , length{msg.size()}
            , message_id{id} {
            std::copy(msg.begin(), msg.end(), data.get());
            data[length] = '\0';
        }
        
        [[nodiscard]] std::string_view as_string_view() const noexcept {
            return {data.get(), length};
        }
    };

private:
    std::deque<QueuedMessage> queue_; // Simple, strand-protected
    std::size_t total_bytes_{0};
    static constexpr std::size_t MAX_TOTAL_BYTES = 1024 * 1024; // 1MB limit

public:
    // Thread-safe via strand (not lock-free)
    [[nodiscard]] bool try_enqueue(std::string_view message, id_type id = 0) {
        if (total_bytes_ + message.size() > MAX_TOTAL_BYTES) {
            return false; // Backpressure
        }
        
        queue_.emplace_back(message, id);
        total_bytes_ += message.size();
        return true;
    }
    
    [[nodiscard]] bool try_dequeue(QueuedMessage& msg) {
        if (queue_.empty()) return false;
        
        msg = std::move(queue_.front());
        total_bytes_ -= msg.length;
        queue_.pop_front();
        return true;
    }
    
    [[nodiscard]] std::size_t size() const noexcept { 
        return queue_.size(); 
    }
    
    [[nodiscard]] std::size_t total_bytes() const noexcept {
        return total_bytes_;
    }
    
    [[nodiscard]] bool empty() const noexcept { 
        return queue_.empty(); 
    }
    
    void clear() {
        queue_.clear();
        total_bytes_ = 0;
    }
};

/**
 * @brief Optimized pending map using unordered_map for O(1) access
 * ID lookup is more critical than iteration for BiDi pending requests
 */
template<typename T>
class OptimizedPendingMap {
    std::unordered_map<core::id_type, T> pending_;
    
public:
    explicit OptimizedPendingMap(std::size_t expected_capacity = 64) {
        pending_.reserve(expected_capacity);
    }
    
    template<typename... Args>
    void emplace(core::id_type id, Args&&... args) {
        pending_.emplace(id, std::forward<Args>(args)...);
    }
    
    [[nodiscard]] auto find(core::id_type id) {
        return pending_.find(id);
    }
    
    [[nodiscard]] bool erase(core::id_type id) {
        return pending_.erase(id) > 0;
    }
    
    // Standard interface...
    [[nodiscard]] std::size_t size() const noexcept { return pending_.size(); }
    [[nodiscard]] bool empty() const noexcept { return pending_.empty(); }
    void clear() noexcept { pending_.clear(); }
};

} // namespace bidi::core
```

## PONTOS POSITIVOS

1. **Uso correto de [[nodiscard]]** - previne ignorar erros
2. **RAII com non-copyable/non-movable** - evita acidentes de lifetime
3. **Template design para OptimizedPendingMap** - reutilizável
4. **Namespace organizado** - segue estrutura do projeto
5. **Const correctness** - métodos const onde apropriado
6. **Early returns** - estrutura de controle clara

## SCORE FINAL: 3/10

**Justificativa:**
- **Conformidade arquitetura (40%)**: 2/10 - Lock-free contradiz strand model
- **Core Guidelines (30%)**: 6/10 - Boa estrutura RAII, mas fixed buffer unsafe
- **Performance (20%)**: 4/10 - Claims não validadas, design questionável para BiDi
- **Qualidade (10%)**: 5/10 - Documentação presente mas inconsistente

**Principais problemas**: Truncamento silencioso quebra protocolo BiDi; lock-free desnecessário vs strand; sem integração com pools existentes; backpressure inadequado.

**Recomendação**: Reescrever usando strand + deque + dynamic allocation + integração com buffer_pool existente.

Tokens: 31904

======================================================================
[30/76] metrics.hpp
======================================================================
## VIOLACOES CRITICAS
Nenhuma

## PROBLEMAS ALTA SEVERIDADE

1. **Linha 34-54: Falta de [[nodiscard]] em métodos de leitura**
   - Os métodos `value()`, `count()`, `total()`, `snapshot()` deveriam ter `[[nodiscard]]` pois descartar o resultado é provavelmente um erro

2. **Linha 23-50: Histogram não é thread-safe para operações de leitura**
   - `count()` e `total()` não protegem com mutex, causando data race potencial com `observe()`

3. **Linha 77-87: Registry retorna referências sem proteção de lifetime**
   - Retornar referência para elementos de std::map pode causar invalidação se o map for realocado

## PROBLEMAS MEDIA SEVERIDADE

4. **Linha 24-26: Operações atômicas desnecessárias em Histogram**
   - `count_` e `total_` já estão protegidas por mutex, não precisam ser atômicas

5. **Linha 55-65: bucket_index pode ser constexpr**
   - Função pura que poderia ser avaliada em tempo de compilação

6. **Linha 34-45: Histogram::observe pode falhar silenciosamente**
   - Resize do vector pode lançar bad_alloc, mas não há tratamento

7. **Linha 77-87: std::map causa alocações desnecessárias**
   - Para registry pequeno, poderia usar flat_map ou array estático

## PROBLEMAS BAIXA SEVERIDADE

8. **Linha 1-7: Faltam includes necessários**
   - Deveria incluir `<cstdint>` para `std::uint64_t`

9. **Linha 22: Construtor padrão desnecessário**
   - Histogram já tem construtor padrão implícito

10. **Linha 70: Variáveis não são const**
    - `buckets_`, `count_`, `total_` poderiam ter melhor const-correctness

## SUGESTOES DE CORRECAO

```cpp
#pragma once

#include <atomic>
#include <chrono>
#include <cstdint>
#include <map>
#include <mutex>
#include <string>
#include <vector>

namespace bidi::metrics {

// Simple thread-safe counter
class Counter {
  public:
    Counter() noexcept : value_(0) {}
    
    void inc(std::uint64_t n = 1) noexcept {
        value_.fetch_add(n, std::memory_order_relaxed);
    }
    
    void dec(std::uint64_t n = 1) noexcept {
        value_.fetch_sub(n, std::memory_order_relaxed);
    }
    
    [[nodiscard]] std::uint64_t value() const noexcept {
        return value_.load(std::memory_order_relaxed);
    }

  private:
    std::atomic<std::uint64_t> value_;
};

// Lightweight histogram buckets for latency in microseconds
class Histogram {
  public:
    void observe(std::uint64_t usec) {
        std::lock_guard<std::mutex> lk(m_);
        auto idx = bucket_index(usec);
        if (idx >= buckets_.size()) {
            buckets_.resize(idx + 1);
        }
        ++buckets_[idx];
        ++count_;
        total_ += usec;
    }

    [[nodiscard]] std::uint64_t count() const noexcept { 
        std::lock_guard<std::mutex> lk(m_);
        return count_; 
    }
    
    [[nodiscard]] std::uint64_t total() const noexcept { 
        std::lock_guard<std::mutex> lk(m_);
        return total_; 
    }

    // Return a snapshot of buckets (index -> count)
    [[nodiscard]] std::vector<std::uint64_t> snapshot() const {
        std::lock_guard<std::mutex> lk(m_);
        return buckets_;
    }

  private:
    static constexpr std::size_t bucket_index(std::uint64_t usec) noexcept {
        // buckets: [0-1), [1-2), [2-4), [4-8), ...
        std::size_t idx = 0;
        std::uint64_t v = (usec > 0) ? usec : 0;
        while (v >>= 1) {
            ++idx;
        }
        return idx;
    }

    mutable std::mutex m_;
    std::vector<std::uint64_t> buckets_;
    std::uint64_t count_ = 0;
    std::uint64_t total_ = 0;
};

// Registry for named metrics - returns by value for safety
class Registry {
  public:
    // Return pointer instead of reference for safer API
    Counter* get_counter(const std::string &name) {
        std::lock_guard<std::mutex> lk(m_);
        return &counters_[name];
    }

    Histogram* get_histogram(const std::string &name) {
        std::lock_guard<std::mutex> lk(m_);
        return &histograms_[name];
    }

  private:
    std::mutex m_;
    std::map<std::string, Counter> counters_;
    std::map<std::string, Histogram> histograms_;
};

} // namespace bidi::metrics
```

## PONTOS POSITIVOS

1. **Thread-safety bem implementada**: Counter usa atomic operations apropriadas com memory_order_relaxed
2. **Design minimalista**: Mantém simplicidade sem over-engineering
3. **Histogram eficiente**: Algoritmo de bucketing power-of-two é performático
4. **Namespace apropriado**: Seguiu convenção bidi::metrics
5. **RAII implícito**: std::lock_guard usado corretamente
6. **Noexcept apropriado**: Métodos que não podem falhar marcados adequadamente
7. **Memory order relaxed**: Escolha correta para contadores simples

## SCORE FINAL: 7/10

**Justificativa:**
- **Arquitetura bidi-x (40% - 8/10)**: Alinhado com objetivos de performance e thread-safety, mas falta [[nodiscard]] e proteção completa
- **Core Guidelines & P10 (30% - 6/10)**: Boas práticas gerais, mas violações de thread-safety e const-correctness
- **Performance & memoria (20% - 8/10)**: Design eficiente com atomic operations e bucketing inteligente
- **Qualidade & testes (10% - 6/10)**: Código limpo mas faltam garantias de safety em alguns pontos

O código está bem estruturado e performático, mas precisa de ajustes de thread-safety e const-correctness para estar completamente alinhado com as diretrizes do projeto.

Tokens: 30568

======================================================================
[31/76] pending_entry_pool_vec.hpp
======================================================================
## VIOLACOES CRITICAS
Nenhuma

## PROBLEMAS ALTA SEVERIDADE

1. **Linha 34**: `std::promise<boost::json::object>` é armazenado diretamente, mas promises não são trivialmente copiáveis/movíveis de forma segura. Pode causar problemas durante reset/reutilização do pool.

2. **Linha 66**: `operator->()` pode retornar `nullptr` sem verificação adequada nos operadores de desreferência subsequentes, criando potencial UB.

3. **Linha 70**: `operator*()` chama `*operator->()` que pode desreferenciar `nullptr`, causando UB.

## PROBLEMAS MEDIA SEVERIDADE

1. **Linha 35**: `std::optional<std::promise<...>>` adiciona overhead desnecessário. Consider usar um tipo mais apropriado para o contexto async do projeto.

2. **Linha 110-111**: Comentário indica que "detailed counters not tracked yet" - métricas incompletas podem dificultar debugging em produção.

3. **Linha 81**: `explicit operator bool()` usa casting duplo desnecessário com `static_cast<bool>`.

4. **Linhas 97-98**: Pool policy hardcoded como `Recreate` - deveria ser configurável para diferentes cenários de uso.

## PROBLEMAS BAIXA SEVERIDADE

1. **Linha 31**: Campo `created` não é usado no contexto apresentado, potencial dead code.

2. **Linha 104**: Magic number `0` para timeout poderia ser uma constante nomeada.

3. **Linha 75**: Missing `[[nodiscard]]` em `operator->()` e `operator*()`.

4. **Linha 119**: Função `make_pending_entry` poderia ser `constexpr` ou template para maior flexibilidade.

## SUGESTOES DE CORRECAO

```cpp
// 1. Substituir promise por completion handler mais adequado
struct PendingEntryVec {
    id_type id{0};
    std::string method;
    boost::json::object params;
    std::chrono::steady_clock::time_point created;
    // Use completion token pattern mais alinhado com Asio
    std::function<void(boost::system::error_code, boost::json::object)> completion_handler;

    void reset() noexcept {
        id = 0;
        method.clear();
        params.clear();
        created = std::chrono::steady_clock::time_point{};
        completion_handler = nullptr;
    }
};

// 2. Operadores mais seguros com verificação
[[nodiscard]] PendingEntryVec *operator->() noexcept {
    if (pool_handle_) {
        return pool_handle_.operator->();
    }
    if (fallback_) {
        return fallback_.get();
    }
    // Log error ou assert em debug mode
    return nullptr;
}

[[nodiscard]] PendingEntryVec &operator*() noexcept {
    auto* ptr = operator->();
    // Assert em debug, comportamento definido em release
    return *ptr;
}

// 3. operator bool mais simples
explicit operator bool() const noexcept { 
    return pool_handle_ || fallback_; 
}

// 4. Timeout como constante
static constexpr std::chrono::milliseconds kNoWaitTimeout{0};

// 5. Pool policy configurável
explicit PendingEntryPoolVec(
    std::size_t initial_size = kDefaultPendingPool,
    utils::PoolVec<PendingEntryVec>::Policy policy = utils::PoolVec<PendingEntryVec>::Policy::Recreate)
    : pool_(initial_size, policy) {}
```

## PONTOS POSITIVOS

1. **RAII Design**: Excelente uso de RAII com handles automáticos e cleanup garantido
2. **Move Semantics**: Implementação correta de move-only semantics
3. **Fallback Strategy**: Estratégia inteligente de fallback para heap quando pool esgota
4. **Non-blocking Interface**: Interface não-bloqueante alinhada com modelo async do projeto
5. **Const Correctness**: Bom uso de `const noexcept` nas operações de consulta
6. **Memory Pool Pattern**: Implementação alinhada com objetivos de performance do bidi-x
7. **Clean Interface**: API limpa e consistente com outros pools do projeto
8. **Proper Forwarding**: Uso correto de `std::move` para transferência de ownership

## SCORE FINAL: 7.5/10

**Justificativa:**
- **Conformidade arquitetura (40%)**: 8/10 - Bem alinhado com pools e RAII do bidi-x, mas promise não se encaixa perfeitamente no modelo Asio
- **Core Guidelines (30%)**: 7/10 - Boa adherência geral, mas potencial UB nos operadores de desreferência 
- **Performance (20%)**: 8/10 - Pool strategy eficiente com fallback, mínimas alocações
- **Qualidade (10%)**: 7/10 - Código limpo mas com alguns magic numbers e métricas incompletas

O código está sólido e segue a maioria dos padrões do projeto, mas precisa de ajustes nos operadores de segurança e alinhamento melhor com o modelo async do Asio/Beast usado no bidi-x.

Tokens: 30978

======================================================================
[32/76] pools.hpp
======================================================================
Analisando o arquivo `include/bidi/pools.hpp` seguindo as regras de code review do projeto bidi-x:

## VIOLACOES CRITICAS
Nenhuma

## PROBLEMAS ALTA SEVERIDADE
1. **Linha 51**: Comentário sobre "PendingEntryPoolVec has a simpler Stats" sugere inconsistência na interface de Stats entre pools, mas não há validação se todos os pools implementam get_stats() corretamente.

2. **Linha 47-54**: A estrutura Stats pode ter problema de layout/padding. Deveria usar alignas ou considerar ordem dos membros para otimização.

## PROBLEMAS MEDIA SEVERIDADE
1. **Linha 66**: A função `get_default_resource_pools()` usa static local, que pode causar problemas de destruição em cenários multi-threaded ou quando usado em bibliotecas dinâmicas.

2. **Linha 21-24**: Constantes kDefault* poderiam estar em namespace separado ou serem configuráveis via template para maior flexibilidade.

3. **Linha 38-39**: Os getters retornam referências sem const, mas não há versão const para acesso read-only.

## PROBLEMAS BAIXA SEVERIDADE
1. **Linha 3-4**: Comentário poderia ser mais específico sobre quando usar este facade vs. acesso direto aos pools.

2. **Linha 45**: O comentário "keep a placeholder struct" sugere código incompleto ou temporário.

3. **Linha 53**: Comentário "keep BufferPool::Stats name for compatibility" indica possível inconsistência de naming.

## SUGESTOES DE CORRECAO

```cpp
#pragma once

// Aggregated resource pool facade for BiDi implementation.
// Provides centralized access to memory pools with RAII guarantees.
// Use direct pool access in production; this facade is for testing/instrumentation.

#include "bidi/buffer_pool_vec.hpp"
#include "bidi/pending_entry_pool_vec.hpp"
#include "bidi/promise_pool.hpp"

#include <memory>

namespace bidi::core {

namespace pool_defaults {
    static constexpr std::size_t promise_pool_size = 64;
    static constexpr std::size_t pending_pool_size = 128;
    static constexpr std::size_t buffer_pool_size = 16;
}

// Lightweight facade that holds shared pool instances for tests or demos.
// Not intended for production global state; use for instrumentation only.
struct ResourcePools {
    ResourcePools()
        : promise_pool(std::make_unique<PromisePool<boost::json::object>>(
              pool_defaults::promise_pool_size)),
          pending_pool(
              std::make_unique<PendingEntryPoolVec>(pool_defaults::pending_pool_size)),
          buffer_pool(std::make_unique<BufferPoolVec>(pool_defaults::buffer_pool_size)) {}

    ~ResourcePools() = default;

    // Non-copyable, moveable
    ResourcePools(const ResourcePools&) = delete;
    ResourcePools& operator=(const ResourcePools&) = delete;
    ResourcePools(ResourcePools&&) = default;
    ResourcePools& operator=(ResourcePools&&) = default;

    // Const and non-const accessors
    [[nodiscard]] PromisePool<boost::json::object>& get_promise_pool() noexcept {
        return *promise_pool;
    }
    [[nodiscard]] const PromisePool<boost::json::object>& get_promise_pool() const noexcept {
        return *promise_pool;
    }
    
    [[nodiscard]] PendingEntryPoolVec& get_pending_pool() noexcept { 
        return *pending_pool; 
    }
    [[nodiscard]] const PendingEntryPoolVec& get_pending_pool() const noexcept { 
        return *pending_pool; 
    }
    
    [[nodiscard]] BufferPoolVec& get_buffer_pool() noexcept { 
        return *buffer_pool; 
    }
    [[nodiscard]] const BufferPoolVec& get_buffer_pool() const noexcept { 
        return *buffer_pool; 
    }

    // Aligned stats structure for optimal memory layout
    struct alignas(8) Stats {
        PromisePool<boost::json::object>::Stats promise_stats{};
        PendingEntryPoolVec::Stats pending_stats{};
        BufferPool::Stats buffer_stats{};
    };

    [[nodiscard]] Stats snapshot() const {
        return Stats{
            .promise_stats = promise_pool->get_stats(),
            .pending_stats = pending_pool->get_stats(),
            .buffer_stats = buffer_pool->get_stats()
        };
    }

private:
    std::unique_ptr<PromisePool<boost::json::object>> promise_pool;
    std::unique_ptr<PendingEntryPoolVec> pending_pool;
    std::unique_ptr<BufferPoolVec> buffer_pool;
};

// Thread-safe accessor for tests/demos - consider avoiding in production
[[nodiscard]] ResourcePools& get_default_resource_pools() {
    static ResourcePools pools;
    return pools;
}

} // namespace bidi::core
```

## PONTOS POSITIVOS
1. **RAII correto**: Uso adequado de unique_ptr e regra dos 5 (move semantics implementada)
2. **Namespace organizado**: Código bem estruturado dentro de bidi::core
3. **Encapsulamento**: Pools privados com acesso controlado via getters
4. **Documentação**: Comentários explicam o propósito do facade
5. **Const-correctness**: Destrutor defaulted corretamente
6. **Agregação limpa**: Interface simples que unifica acesso aos pools
7. **Stats centralizadas**: Boa abstração para coleta de métricas

## SCORE FINAL: 7.5/10

**Justificativa:**
- **Conformidade arquitetural (40%)**: 8/10 - Segue bem os padrões do bidi-x, mas static local pode ser problemático
- **Core Guidelines (30%)**: 8/10 - RAII correto, mas faltam const getters e [[nodiscard]]
- **Performance (20%)**: 7/10 - Boa abstração de pools, mas Stats poderia ter melhor layout
- **Qualidade (10%)**: 6/10 - Comentários adequados, mas alguns indicam código temporário

O código está bem estruturado e segue a maioria das práticas do projeto. Os principais pontos de melhoria são: adicionar versões const dos getters, melhorar o layout da struct Stats, e considerar alternativas ao static local para thread-safety.

Tokens: 30449

======================================================================
[33/76] promise_pool.hpp
======================================================================
Entendi completamente o projeto **bidi-x**. Trata-se de um cliente WebDriver BiDi minimalista em C++20/23 com foco em:

- **Arquitetura assíncrona canônica** (Boost.Asio/Beast) com event loop único + strand
- **Avaliação lazy** (operações só executam com terminal .finally/co_await)
- **Alto desempenho** (PMR/arenas, fast-path parsing, pools de recursos)
- **Zero busy-wait/detach** (timeout via corrida timer×operação)
- **RAII para subscriptions** com refcount e auto-resubscribe
- **Conformidade estrita à spec W3C** (nomes 1:1, IDs seguros ≤2^53-1)

A estrutura modular é bem organizada com pools de recursos, threading seguro via strand, e modelo de erros robusto com std::error_code + detalhes.

Agora vou revisar o arquivo `include/bidi/promise_pool.hpp`:

---

## VIOLACOES CRITICAS
Nenhuma

## PROBLEMAS ALTA SEVERIDADE

1. **Linha 87-89: Design anti-pattern - Promise não é reutilizável**
```cpp
// Reset promise for reuse (create new one - promises can't be reused)
// This is a limitation of std::promise design
promises_.emplace_back();
```
**Problema**: O pool não está realmente reutilizando promises. Cada `return_promise` cria uma nova instância, tornando o pool ineficaz.

2. **Linha 44: Interface permite double-move**
```cpp
PooledPromise(PooledPromise &&) = default;
```
**Problema**: Após move, o objeto fica em estado inválido mas ainda pode ser usado, violando RAII.

3. **Design geral: Pool desnecessário**
O próprio código admite que `std::promise` não pode ser reutilizado, tornando todo o pool um overhead sem benefício.

## PROBLEMAS MEDIA SEVERIDADE

1. **Linha 75: [[maybe_unused]] desnecessário**
```cpp
void return_promise([[maybe_unused]] std::promise<T> promise)
```
**Problema**: O parâmetro é usado implicitamente (movido para destruição), o atributo é enganoso.

2. **Linha 30: std::function com overhead**
```cpp
std::function<void(std::promise<T>)> return_fn_;
```
**Problema**: Type erasure adiciona overhead desnecessário; um function pointer seria mais eficiente.

3. **Linha 94-97: Comentário obsoleto**
O comentário sobre migração para `pending_entry_pool_vec.hpp` indica que este arquivo pode estar deprecated/legacy.

## PROBLEMAS BAIXA SEVERIDADE

1. **Linha 67: Stats desnecessariamente complexas**
Contadores para algo que não funciona (promise reuse) criam ruído nas métricas.

2. **Linha 102-106: Destructor explícito desnecessário**
```cpp
~PromisePool() = default;
```
Pode ser omitido (rule of zero).

## SUGESTOES DE CORRECAO

**Opção 1: Remover o pool (recomendado)**
```cpp
// Em vez de pool de promises, use factory pattern simples:
template<typename T>
[[nodiscard]] std::pair<std::promise<T>, std::future<T>> make_promise_future_pair() {
    std::promise<T> promise;
    auto future = promise.get_future();
    return {std::move(promise), std::move(future)};
}
```

**Opção 2: Pool de shared_future (se realmente necessário)**
```cpp
template<typename T>
class SharedFuturePool {
    std::deque<std::shared_ptr<std::promise<T>>> available_;
    mutable std::mutex mutex_;
    
public:
    auto acquire() {
        std::lock_guard lock(mutex_);
        if (available_.empty()) {
            return std::make_shared<std::promise<T>>();
        }
        auto promise = std::move(available_.back());
        available_.pop_back();
        return promise;
    }
};
```

**Opção 3: Corrigir move semantics**
```cpp
class PooledPromise {
    bool moved_from_{false};
public:
    PooledPromise(PooledPromise&& other) noexcept 
        : promise_{std::move(other.promise_)}, 
          return_fn_{std::move(other.return_fn_)} {
        other.moved_from_ = true;
    }
    
    ~PooledPromise() {
        if (!moved_from_ && return_fn_) {
            return_fn_(std::move(promise_));
        }
    }
};
```

## PONTOS POSITIVOS

1. **Thread-safety**: Uso correto de std::mutex e lock_guard
2. **RAII design**: PooledPromise segue padrão RAII
3. **Move semantics**: Evita cópias desnecessárias  
4. **Documentação rica**: Comentários explicam a motivação
5. **Métricas**: Sistema de estatísticas para monitoramento
6. **Template design**: Genérico para qualquer tipo T
7. **Non-copyable**: Corretamente delete operadores de cópia

## SCORE FINAL: 4/10

**Justificativa:**
- **Arquitetura bidi-x (40%)**: 3/10 - Não alinha com pools eficazes; promise não é reutilizável
- **Core Guidelines & P10 (30%)**: 7/10 - RAII bom, thread-safety correta, mas design falho
- **Performance & memoria (20%)**: 2/10 - Pool ineficaz adiciona overhead sem benefício
- **Qualidade & testes (10%)**: 6/10 - Bem documentado, interface limpa

O arquivo implementa corretamente conceitos de C++/threading, mas o design fundamental é falho porque `std::promise` não pode ser reutilizado. Recomendo substituir por um factory pattern simples ou remover completamente se não há benefício comprovado. A arquitetura do bidi-x se beneficiaria mais de pools para buffers e timers (que são efetivamente reutilizáveis) do que para promises.

Tokens: 31085

======================================================================
[34/76] session_threaded.hpp
======================================================================
## VIOLACOES CRITICAS

1. **THREADING VIOLATION (Linha 43)** - Uso de `std::future` com suspensão de thread, violando regra #13 (proibir std::thread().detach() e operações bloqueantes sem thread_pool)
2. **MUTEX VIOLATION (Linha 180)** - Uso de `std::mutex pending_entry_pool_mutex_` violando arquitetura strand-only (regra #7)
3. **BLOCKING OPERATION (Linha 71-74)** - `send_command_await()` com suspensão síncrona de thread, violando modelo assíncrono canônico

## PROBLEMAS ALTA SEVERIDADE

1. **Linha 43-49**: `PendingEntry` usa `std::promise/future` que bloqueia threads - incompatível com modelo async puro
2. **Linha 180**: Pool com mutex contradiz arquitetura strand-only 
3. **Linha 71-74**: Método `send_command_await()` bloqueia thread até resposta
4. **Linha 25-26**: Include `<future>` e `<mutex>` desnecessários no modelo Asio puro
5. **Linha 187**: Acesso concorrente ao pool sem garantias de thread-safety adequadas

## PROBLEMAS MEDIA SEVERIDADE

1. **Linha 101-118**: Classe `Subscription` não usa `[[nodiscard]]` em métodos críticos
2. **Linha 160**: `kSubscribeTimeout` como `inline static constexpr` pode causar ODR violations
3. **Linha 186-188**: Pool de `PendingEntry` não usa PMR/arena conforme arquitetura
4. **Linha 34**: Falta validação de range seguro para IDs (2^53-1)

## PROBLEMAS BAIXA SEVERIDADE

1. **Linha 62**: Método `disconnect()` sem `[[nodiscard]]` para status
2. **Linha 168**: Comentário sobre "internal linkage" redundante
3. **Linha 25**: Include `<optional>` pode ser desnecessário se não usado

## SUGESTOES DE CORRECAO

```cpp
// Substituir std::future por CompletionToken pattern
[[nodiscard]] auto send_command_async(
    const std::string &method, 
    const boost::json::object &params,
    boost::asio::any_completion_handler<void(boost::system::error_code, boost::json::object)> token
) -> decltype(boost::asio::async_initiate<...>(...));

// Substituir pool com mutex por pool no strand
class ThreadedBiDiSession {
private:
    // Remove mutex - acesso apenas no strand
    std::vector<std::shared_ptr<PendingEntry>> pending_entry_pool_; // sem mutex
    
    // Métodos de pool executados no strand
    void acquire_pending_entry_on_strand();
    void recycle_pending_entry_on_strand(std::shared_ptr<PendingEntry> entry);
};

// Adicionar validação de ID seguro
struct PendingEntry {
    static constexpr id_type MAX_SAFE_ID = (1ULL << 53) - 1;
    
    static bool is_safe_id(id_type id) noexcept {
        return id <= MAX_SAFE_ID;
    }
};

// Corrigir Subscription com [[nodiscard]]
struct Subscription {
    [[nodiscard]] bool is_active() const noexcept { return active; }
    void cancel() noexcept;
    void release() noexcept { active = false; }
};
```

## PONTOS POSITIVOS

1. **RAII Correto**: Classe `Subscription` com move semantics adequada (linhas 101-118)
2. **Strand Architecture**: Uso correto de strand para serialização (comentários indicam intenção correta)
3. **Non-copyable Design**: Rule of 5 implementada corretamente (linhas 54-58)
4. **Event Handler Pattern**: Design de callbacks bem estruturado (linha 63-65)
5. **Enable Shared From This**: Uso correto para lifetime management (linha 38)
6. **Timeout Management**: Arquitetura de timeout com steady_timer (linha 149)

## SCORE FINAL: 3/10

**Justificativa**:
- **Arquitetura bidi-x (40%)**: 2/10 - Viola modelo assíncrono com std::future e mutex
- **Core Guidelines & P10 (30%)**: 6/10 - RAII e rule of 5 corretos, mas threading inadequado  
- **Performance & memória (20%)**: 4/10 - Pool design ok mas mutex prejudica performance
- **Qualidade & testes (10%)**: 7/10 - Estrutura bem documentada e interfaces claras

O código tem boa estrutura mas **contradições fundamentais** com a arquitetura strand-only do bidi-x. Precisa refatoração completa para eliminar std::future/mutex e adotar CompletionToken pattern puro.

Tokens: 31908

======================================================================
[35/76] threading.hpp
======================================================================
## VIOLACOES CRITICAS
Nenhuma

## PROBLEMAS ALTA SEVERIDADE

**Linha 38-39: Inconsistência na política de threads I/O**
```cpp
explicit ThreadingContext(
    std::size_t io_threads = 1,  // Aceita múltiplas threads I/O
```
O construtor aceita múltiplas threads I/O, mas a arquitetura bidi-x exige **event loop único** com strand para serialização WebSocket. Múltiplas threads I/O podem quebrar a garantia de "um async_read e um async_write ativos".

**Linha 75: Falta validação de limites nos parâmetros do construtor**
Não há validação se `io_threads` ou `cpu_threads` são zero ou excessivos, o que pode causar deadlocks ou exaustão de recursos.

**Linha 105: Timer criado no strand pode causar overhead**
```cpp
return std::make_shared<boost::asio::steady_timer>(ws_strand_, duration);
```
Timer já inicializado com duração pode causar timeout imediato se não for reset antes do uso.

## PROBLEMAS MEDIA SEVERIDADE

**Linha 94-100: Templates post_* podem aceitar tipos inválidos**
```cpp
template <typename CompletionToken> void post_io(CompletionToken &&token) {
```
Falta SFINAE ou concepts para validar que CompletionToken é realmente um completion token válido.

**Linha 54-57: get_io_executor() retorna por valor**
Retornar executor por valor pode ser custoso; considerar retorno por referência const quando possível.

**Linha 112: Método stop() sem especificação de timeout**
Shutdown graceful sem timeout pode causar hang se threads não respondem.

## PROBLEMAS BAIXA SEVERIDADE

**Linha 18: Comentário poderia ser mais específico sobre kernel primitives**
O comentário menciona "epoll/kqueue/IOCP" mas poderia especificar que isso elimina busy-wait.

**Linha 69-74: get_ws_strand() poderia ser const**
```cpp
[[nodiscard]] auto get_ws_strand() noexcept -> boost::asio::strand<...> {
```
Método não modifica estado, deveria ser `const`.

**Linha 26: Falta documentação sobre thread safety dos métodos**
Não está claro quais métodos são thread-safe além do strand.

## SUGESTOES DE CORRECAO

```cpp
// Correção 1: Forçar thread I/O única conforme arquitetura
explicit ThreadingContext(
    std::size_t cpu_threads = std::thread::hardware_concurrency()) {
    static constexpr std::size_t IO_THREADS = 1; // Event loop único
    if (cpu_threads == 0) cpu_threads = 1; // Validação
    // ... resto da implementação
}

// Correção 2: Timer factory sem duração pré-definida
[[nodiscard]] auto make_timer() -> std::shared_ptr<boost::asio::steady_timer> {
    return std::make_shared<boost::asio::steady_timer>(ws_strand_);
}

// Correção 3: SFINAE para completion tokens
template <typename CompletionToken>
requires std::invocable<std::decay_t<CompletionToken>>
void post_io(CompletionToken &&token) {
    boost::asio::post(*io_context_, std::forward<CompletionToken>(token));
}

// Correção 4: get_ws_strand const
[[nodiscard]] auto get_ws_strand() const noexcept
    -> const boost::asio::strand<boost::asio::io_context::executor_type>& {
    return ws_strand_;
}

// Correção 5: stop com timeout
void stop(std::chrono::milliseconds timeout = std::chrono::seconds(5));
```

## PONTOS POSITIVOS

1. **Arquitetura limpa**: Separação clara entre I/O context, CPU pool e WebSocket strand
2. **Zero busy-wait**: Uso correto de primitivas Asio para suspensão nativa
3. **RAII**: Unique_ptr para recursos principais, work_guard para manter I/O context vivo
4. **Non-copyable/non-movable**: Semântica de resource ownership clara
5. **[[nodiscard]]**: Uso correto em getters para evitar desperdício
6. **Strand usage**: Implementação correta do strand para serialização WebSocket
7. **Template forwarding**: Perfect forwarding nos templates post_*
8. **Consistent naming**: snake_case para métodos, clara hierarquia de responsabilidades
9. **Modern C++**: Uso de jthread, requires appropriados para threading
10. **Documentation**: Comentários explicativos sobre arquitetura e garantias

## SCORE FINAL: 7.5/10

**Justificativa:**
- **Conformidade arquitetural (6/10)**: Boa estrutura geral, mas aceitar múltiplas threads I/O contradiz o "event loop único" do bidi-x
- **Core Guidelines (8/10)**: RAII correto, tipos modernos, mas falta validação de entrada
- **Performance (8/10)**: Uso eficiente de strand e primitivas Asio, timer creation pode ser otimizada
- **Qualidade (8/10)**: Código limpo, bem estruturado, com documentação adequada

**Principais melhorias necessárias:**
1. Forçar thread I/O única para compliance com arquitetura
2. Adicionar validação de parâmetros do construtor
3. Melhorar factory de timers
4. Adicionar timeout para shutdown graceful

O código demonstra sólido entendimento dos primitivos Asio e boa estruturação, mas precisa de ajustes para total alinhamento com os requisitos arquiteturais do bidi-x.

Tokens: 30399

======================================================================
[36/76] timer_pool.hpp
======================================================================
Após analisar o arquivo `include/bidi/timer_pool.hpp` seguindo as 40+ regras de code review para o projeto bidi-x:

## VIOLAÇÕES CRÍTICAS

**1. Violação da arquitetura strand-first (Regra #2)**
- Linhas 126, 145: Uso de `std::mutex stats_mutex_` em vez do strand para sincronização
- Problema: Mistura paradigmas (mutex + strand), vai contra a arquitetura assíncrona canônica do projeto

**2. Ausência de integração com strand (Regra #1)**
- Todo o código ignora o strand obrigatório do bidi-x
- Operações de timeout devem ser serializadas no strand principal

## PROBLEMAS ALTA SEVERIDADE

**3. Violação de threading model (Regra #13-15)**
- Linha 69: `std::function<void(TimeoutId)>` pode capturar estado não thread-safe
- Handlers executados fora do strand principal podem causar data races

**4. Incompatibilidade com modelo lazy (Regra #4)**
- Nenhuma operação lazy - timer inicia imediatamente ao ser agendado
- Deveria seguir padrão "nada executa sem terminal"

**5. Falta de integração com pending map (Arquitetura)**
- Não integra com `bidi::core::pending` existente
- Duplicação de responsabilidades de timeout

## PROBLEMAS MÉDIA SEVERIDADE

**6. Violação de nomes canônicos (Regra #21)**
- Linha 32: `TimeoutId` deveria ser `bidi::core::id_type` para consistência
- Linha 33: `TimeoutHandler` não segue convenções do projeto

**7. Ausência de std::expected (Regra #28)**
- Métodos não retornam `std::expected` para erros recuperáveis
- Linha 87: `schedule_timeout` deveria retornar `std::expected<TimeoutId, std::error_code>`

**8. Falta de [[nodiscard]] (Regra #27)**
- Linha 91: `cancel_timeout` deveria ser `[[nodiscard]]` para indicar sucesso/falha

## PROBLEMAS BAIXA SEVERIDADE

**9. Comentários desnecessários (Regra #36)**
- Linhas 74-76: Comentários óbvios sobre copy/move
- Poderia ser mais conciso

**10. Namespace inconsistente**
- Deveria estar em `bidi::pools` conforme map.md

## SUGESTÕES DE CORREÇÃO

```cpp
// include/bidi/timer_pool.hpp — Strand-aware timer wheel integrated with bidi-x
#pragma once

#include "bidi/core.hpp"
#include <boost/asio.hpp>
#include <boost/container/flat_map.hpp>
#include <chrono>
#include <expected>
#include <functional>
#include <memory>

namespace bidi::pools {

using bidi::core::id_type;
using bidi::core::error_code;

// Handler deve ser compatível com strand
using StrandTimeoutHandler = std::function<void(id_type, error_code)>;

struct TimeoutEntry {
    id_type id{0};
    std::chrono::steady_clock::time_point expiry{};
    StrandTimeoutHandler handler{};
    bool cancelled{false};
    
    TimeoutEntry() = default;
    TimeoutEntry(id_type timeout_id, std::chrono::steady_clock::time_point exp, 
                 StrandTimeoutHandler h)
        : id{timeout_id}, expiry{exp}, handler{std::move(h)} {}
};

class StrandAwareTimerWheel {
public:
    explicit StrandAwareTimerWheel(boost::asio::strand<boost::asio::io_context::executor_type>& strand,
                                   std::chrono::milliseconds tick_interval = std::chrono::milliseconds{10});
    
    // Lazy timeout - só inicia com start()
    [[nodiscard]] std::expected<id_type, error_code> 
    schedule_timeout(std::chrono::milliseconds duration, StrandTimeoutHandler handler);
    
    [[nodiscard]] std::expected<void, error_code> cancel_timeout(id_type id);
    
    void start();  // Terminal obrigatório
    void stop();

private:
    boost::asio::strand<boost::asio::io_context::executor_type>& strand_;
    std::unique_ptr<boost::asio::steady_timer> tick_timer_;
    
    // Stats sem mutex - acessadas apenas no strand
    struct Stats {
        std::size_t active_timeouts{0};
        std::size_t total_scheduled{0};
        std::size_t total_expired{0};
    } stats_{};
    
    void process_tick();
    // ... resto da implementação no strand
};

} // namespace bidi::pools
```

## PONTOS POSITIVOS

1. **Documentação excelente** - Comentários explicam bem o problema e solução
2. **RAII correto** - `TimeoutGuard` implementa RAII adequadamente
3. **Performance considerada** - Timer wheel é escolha arquitetural correta
4. **Move semantics** - Implementação correta de move para `TimeoutGuard`
5. **Const correctness** - Métodos const marcados apropriadamente
6. **Factory function** - `make_timeout_guard` segue boas práticas

## SCORE FINAL: 4/10

**Justificativa:**
- **Conformidade com arquitetura bidi-x (40%):** 2/10 - Violação crítica do modelo strand-first
- **Aderência a Core Guidelines & P10 (30%):** 7/10 - RAII e move semantics corretos, mas falta std::expected
- **Performance & memória (20%):** 8/10 - Timer wheel é solução eficiente, boa escolha arquitetural
- **Qualidade & testes (10%):** 6/10 - Documentação boa, mas falta integração com sistema existente

O arquivo tem mérito técnico (timer wheel é excelente solução), mas precisa ser completamente reescrito para se integrar com a arquitetura strand-first do bidi-x. A funcionalidade pode ser aproveitada, mas a implementação atual quebra pilares fundamentais do projeto.

Tokens: 31338

======================================================================
[37/76] bidi_methods.hpp
======================================================================
Compreendi o projeto **bidi-x**! Trata-se de um cliente WebDriver BiDi em C++20/23 com arquitetura altamente otimizada para performance e baixo uso de CPU/RAM. 

## Entendimento do Projeto

**Arquitetura Core:**
- Cliente WebSocket BiDi minimalista usando Boost.Asio/Beast
- Event loop único com strand para serialização (um async_read + um async_write)
- Operações lazy (só executam com terminal: .finally, co_await)
- Timeout determinístico via corrida operação×timer
- RAII para subscriptions com refcount e auto-resubscribe
- PMR/arena por frame para parsing eficiente
- Zero polling/detach, cancelamento cooperativo

**Estrutura:**
- `bidi::core`: tipos centrais, pending map, validação IDs
- `bidi::threading`: strand, orquestração I/O
- `bidi::pools`: reutilização de buffers/timers/memory
- `bidi::commands/ids`: constantes 1:1 com spec W3C
- `asyncx`: composição funcional lazy
- Módulos tipados: Session, BrowsingContext, Script, Network, etc.

---

## CODE REVIEW: include/bidi_methods.hpp

### VIOLAÇÕES CRÍTICAS
Nenhuma

### PROBLEMAS ALTA SEVERIDADE
Nenhum

### PROBLEMAS MÉDIA SEVERIDADE

1. **Linhas 108-115**: Enums em `values` namespace podem causar conflitos de naming e não seguem convenção do projeto:
```cpp
enum class Readiness { none, interactive, complete };
```
- Deveria estar em namespace específico como `bidi::types` ou `bidi::enums`

2. **Linhas 117-127**: Structs vazias em `mod` namespace não agregam valor:
```cpp
struct Session { /* status/new/end/subscribe/unsubscribe */ };
```
- Ou implementar completamente ou remover até implementação

### PROBLEMAS BAIXA SEVERIDADE

1. **Linha 129-131**: Namespace `dsl` com classe `Page` não alinhado com não-objetivos do projeto:
```cpp
namespace dsl {
class Page { /* goto(), waitFor(), click(), ... */ };
} // namespace dsl
```
- Contradiz "Não-objetivo: automação de UI completa tipo framework de testes"

2. **Formatação inconsistente**: Alguns comentários inline, outros em linha separada

### SUGESTÕES DE CORREÇÃO

```cpp
// Mover enums para namespace apropriado
namespace bidi {
namespace types {
enum class ReadinessState { none, interactive, complete };
enum class ResultOwnership { root, none };
enum class CreateType { tab, window };
} // namespace types
} // namespace bidi

// Remover structs vazias até implementação real
// namespace mod removido temporariamente

// Remover namespace dsl (não alinhado com objetivos)
// namespace dsl removido
```

### PONTOS POSITIVOS

1. **✅ Excelente aderência à spec W3C**: Nomes 1:1 com especificação oficial
2. **✅ Uso correto de constexpr + string_view**: Otimização compile-time perfeita
3. **✅ Organização clara por domínios**: session, browser, browsingContext, script, network, storage, emulation
4. **✅ Cobertura abrangente**: Inclui métodos e eventos essenciais do BiDi
5. **✅ Convenção de naming consistente**: snake_case para identificadores, prefixos claros (bc_, net_, etc.)
6. **✅ Header-only com include guards**: Eficiente para compilação
7. **✅ Zero overhead**: Todas constantes resolvidas em compile-time
8. **✅ Namespacing bem estruturado**: Evita poluição global
9. **✅ Comentários organizacionais úteis**: Facilitam navegação

### SCORE FINAL: 8.5/10

**Justificativa:**
- **Conformidade com arquitetura bidi-x (40%)**: 9/10 - Excelente aderência aos nomes canônicos e estrutura
- **Aderência a Core Guidelines & P10 (30%)**: 8/10 - Bom uso de constexpr/string_view, mas structs vazias
- **Performance & memória (20%)**: 10/10 - Compile-time constants, zero overhead
- **Qualidade & testes (10%)**: 7/10 - Boa organização, mas namespace dsl não alinhado

Este é um arquivo fundamental muito bem estruturado que cumpre perfeitamente seu objetivo de fornecer constantes canônicas da spec. Os problemas identificados são menores e facilmente corrigíveis.

Tokens: 31342

======================================================================
[38/76] context_guard.hpp
======================================================================
## VIOLACOES CRITICAS

**1. FALTA DE TERMINAL LAZY (Linha 12-15)**
```cpp
auto close_task = client_->close_context(context_id_);
// Task destructor will handle cleanup
```
VIOLAÇÃO: O comentário sugere que `close_context` retorna algo lazy, mas não há terminal (`.finally`, `co_await`, `.sync`). Operações lazy NUNCA executam sem terminal explícito.

**2. OPERAÇÃO ASSÍNCRONA EM DESTRUCTOR (Linha 12-15)**
Destructor executando operação assíncrona sem garantia de conclusão. Isso quebra a semântica RAII e pode deixar recursos órfãos.

## PROBLEMAS ALTA SEVERIDADE

**1. Include incorreto (Linha 2)**
```cpp
#include "bidi/client.hpp"
```
Baseado no map.md, deveria ser `#include "bidi/core.hpp"` ou similar. O arquivo `client.hpp` não está documentado na estrutura.

**2. Falta de validação no construtor (Linha 6-7)**
Não verifica se `client` é válido ou se `context_id` não está vazio.

**3. Semântica move assignment incorreta (Linha 23-31)**
No move assignment, não limpa o estado atual antes de mover. Se houver context_id_ existente, deveria limpá-lo primeiro.

## PROBLEMAS MEDIA SEVERIDADE

**1. Método getter desnecessariamente público (Linha 33)**
`id()` poderia ser `[[nodiscard]]` para evitar uso sem propósito.

**2. Falta de noexcept em getter (Linha 33)**
```cpp
const std::string &id() const { return context_id_; }
```
Deveria ser `const std::string &id() const noexcept`.

**3. Falta de documentação sobre lifetime (Todo o arquivo)**
Não documenta se o context_id deve ser válido durante toda vida do guard.

## PROBLEMAS BAIXA SEVERIDADE

**1. Falta de [[nodiscard]] no getter (Linha 33)**
```cpp
const std::string &id() const { return context_id_; }
```

**2. Ordenação de membros (Linha 35-36)**
Por convenção, coloque membros por ordem de inicialização/importância.

## SUGESTOES DE CORRECAO

**1. Correção do destructor (fire-and-forget)**
```cpp
~ContextGuard() {
    try {
        if (!context_id_.empty() && client_) {
            // Force terminal to ensure operation executes
            auto close_task = client_->close_context(context_id_);
            close_task.finally([](auto&&...) { 
                // Fire-and-forget cleanup
            });
        }
    } catch (...) {
        // Ignore cleanup errors in destructor
    }
}
```

**2. Melhor ainda - operação síncrona no destructor**
```cpp
~ContextGuard() {
    try {
        if (!context_id_.empty() && client_) {
            // Use sync version for deterministic cleanup
            auto close_task = client_->close_context(context_id_);
            close_task.sync(); // or .get() if available
        }
    } catch (...) {
        // Ignore cleanup errors in destructor
    }
}
```

**3. Construtor com validação**
```cpp
ContextGuard(std::shared_ptr<Client> client, std::string context_id)
    : client_{std::move(client)}, context_id_{std::move(context_id)} {
    if (!client_) {
        throw std::invalid_argument("Client cannot be null");
    }
    if (context_id_.empty()) {
        throw std::invalid_argument("Context ID cannot be empty");
    }
}
```

**4. Move assignment corrigido**
```cpp
ContextGuard &operator=(ContextGuard &&other) noexcept {
    if (this != &other) {
        // Clean up current state first
        context_id_.clear();
        
        client_ = std::move(other.client_);
        context_id_ = std::move(other.context_id_);
        other.context_id_.clear();
    }
    return *this;
}
```

**5. Getter melhorado**
```cpp
[[nodiscard]] const std::string &id() const noexcept { 
    return context_id_; 
}
```

## PONTOS POSITIVOS

1. **RAII correto**: Usa destructor para cleanup automático
2. **Move semantics**: Implementa move constructor/assignment corretamente
3. **Non-copyable**: Prevent accidental copies que quebrariam RAII
4. **Exception safety**: Try-catch no destructor para evitar terminate
5. **Const correctness**: Getter é const
6. **Clear semantics**: Move deixa objeto em estado válido mas vazio
7. **Namespace adequado**: Usa `bidi::` conforme arquitetura
8. **Include guard**: Usa `#pragma once`

## SCORE FINAL: 4/10

**Justificativa:**
- **Conformidade arquitetura (40%)**: 2/10 - Viola lazy evaluation e operações assíncronas em destructor
- **Core Guidelines & P10 (30%)**: 6/10 - RAII bom, move semantics OK, mas falta validação
- **Performance & memória (20%)**: 7/10 - Usa move semantics, sem vazamentos óbvios
- **Qualidade & testes (10%)**: 5/10 - Código limpo mas sem documentação adequada

**Principais problemas**: As violações críticas de lazy evaluation e operação assíncrona em destructor são fundamentais para a arquitetura bidi-x. Estes devem ser corrigidos antes de aprovação.

Tokens: 29901

======================================================================
[39/76] event_stream.hpp
======================================================================
Após análise detalhada do código `event_stream.hpp` contra as regras de code review do projeto bidi-x:

## VIOLAÇÕES CRÍTICAS
Nenhuma violação crítica detectada. O código não contém polling, detach, async_write concorrentes, ou outras práticas proibidas.

## PROBLEMAS ALTA SEVERIDADE

1. **Linha 58-65: Post sem bind ao executor da subscription**
   - `boost::asio::post(st_->ex, [cb, e]() { cb(e); });` pode executar callback em executor diferente do esperado pelo consumidor
   - Viola princípio de execução controlada do bidi-x

2. **Linha 22-25: Estado compartilhado sem strand**
   - `std::mutex mx` em lugar de strand viola arquitetura canônica Asio/Beast
   - Pode causar contenção desnecessária entre threads

## PROBLEMAS MÉDIA SEVERIDADE

3. **Linha 60: Captura por valor pode ser custosa**
   - `[cb, e]()` faz cópia do evento E que pode ser pesado
   - Para tipos grandes, deveria usar referência ou shared_ptr

4. **Linha 29: Membro holds não é thread-safe**
   - `std::vector<Subscription> holds` acessado sem proteção
   - Pode causar corrupção se EventStream for usado concorrentemente

5. **Linha 47-49: Allocação desnecessária de vector**
   - Cria `std::vector<Handler> cbs` a cada push
   - Viola princípio de economia de RAM do projeto

## PROBLEMAS BAIXA SEVERIDADE

6. **Linha 13: Handler poderia ser template**
   - `std::function<void(const E &)>` tem overhead vs template callable

7. **Linha 35: Falta [[nodiscard]] em valid()**
   - Método de query deveria ser marcado como nodiscard

8. **Linha 73: Weak_ptr lock sem verificação de falha**
   - `if (auto s = w.lock())` correto, mas poderia ter comentário explicativo

## SUGESTÕES DE CORREÇÃO

```cpp
// Correção 1: Usar strand em lugar de mutex
struct State {
    explicit State(boost::asio::any_io_executor ex_) 
        : ex(std::move(ex_)), strand(boost::asio::make_strand(ex)) {}
    boost::asio::any_io_executor ex;
    boost::asio::strand<boost::asio::any_io_executor> strand;
    std::vector<std::pair<std::uint64_t, Handler>> subs; // sem mutex
    std::vector<Subscription> holds;
    std::atomic<std::uint64_t> next_id{1};
};

// Correção 2: Push thread-safe com strand
void push(const E &e) const {
    boost::asio::dispatch(st_->strand, [st = st_, e]() {
        for (auto &p : st->subs) {
            boost::asio::post(st->ex, [handler = p.second, e]() { 
                handler(e); 
            });
        }
    });
}

// Correção 3: Subscribe com strand
Subscription subscribe(Handler h) const {
    const auto id = st_->next_id.fetch_add(1, std::memory_order_relaxed);
    boost::asio::post(st_->strand, [st = st_, id, h = std::move(h)]() mutable {
        st->subs.emplace_back(id, std::move(h));
    });
    // ... resto igual
}

// Correção 4: Adicionar [[nodiscard]]
[[nodiscard]] bool valid() const { return (bool)st_; }
```

## PONTOS POSITIVOS

1. **Boa separação de responsabilidades** - EventStream focado apenas em pub/sub
2. **RAII correto** - Subscription com cancel automático via destructor
3. **Semântica de valor** - copiável/movível via shared_ptr
4. **Atomic para IDs** - thread-safe sem contenção
5. **Weak_ptr no cancel** - evita vazamentos circulares
6. **Interface funcional** - take_until, filter, map seguem padrões esperados
7. **Const-correctness** - métodos const apropriados
8. **Template bem estruturado** - type-safe e genérico

## SCORE FINAL: 7/10

**Justificativa:**
- **Conformidade arquitetural (40%)**: 7/10 - Usa Asio mas viola strand pattern
- **Core Guidelines (30%)**: 8/10 - RAII, const-correctness, sem UB detectado  
- **Performance (20%)**: 6/10 - Mutex em lugar de strand, alocações desnecessárias
- **Qualidade (10%)**: 8/10 - Interface limpa, bem documentado

O código está fundamentalmente correto e alinhado com os objetivos do bidi-x, mas precisa de ajustes para seguir completamente a arquitetura strand-based e otimizações de performance. Com as correções sugeridas, seria um 9/10.

Tokens: 30547

======================================================================
[40/76] freeport.hpp
======================================================================
Analisando o arquivo `include/freeport.hpp` conforme as diretrizes do projeto bidi-x...

## VIOLAÇÕES CRÍTICAS

**Nenhuma** - O arquivo não viola as restrições arquiteturais fundamentais (não há polling, detach, ou async operations incorretas).

## PROBLEMAS ALTA SEVERIDADE

1. **Falta de header guards** (linhas 1-fim)
   - Arquivo header sem `#pragma once` ou include guards tradicionais
   - Pode causar multiple definitions em builds complexos

2. **Ausência de namespace** (linha função `free_port()`)
   - Função inline no namespace global pode causar conflitos
   - Não segue a arquitetura modular do bidi-x

3. **Manejo de recursos não-RAII** (linhas Windows e Unix)
   - Socket cleanup manual em múltiplos pontos de saída
   - Potencial resource leak em casos de exceção

## PROBLEMAS MÉDIA SEVERIDADE

4. **Falta de error handling robusto** (retornos -1)
   - Não integra com o sistema de erros do bidi-x (`std::error_code`)
   - Informação de erro perdida (apenas -1)

5. **Hardcoded magic numbers** (linha `listen(sock, 5)`)
   - Backlog de 5 sem justificativa ou constante nomeada

6. **Falta de documentação** (função inteira)
   - Sem comentários explicando propósito ou limitações
   - Thread safety não documentada

## PROBLEMAS BAIXA SEVERIDADE

7. **Inconsistência de estilo menor**
   - Uso de `reinterpret_cast` poderia ser evitado
   - Falta `[[nodiscard]]` na função

8. **Portabilidade limitada**
   - Apenas Windows/Unix, sem consideração para outros sistemas

## SUGESTÕES DE CORREÇÃO

```cpp
#pragma once

#include <system_error>
#include <expected>

#ifdef _WIN32
#include <winsock2.h>
#include <ws2tcpip.h>
#pragma comment(lib, "ws2_32.lib")
#else
#include <sys/socket.h>
#include <netinet/in.h>
#include <unistd.h>
#endif

namespace bidi::utils {

namespace detail {
    constexpr int DEFAULT_LISTEN_BACKLOG = 5;
    
    class SocketRAII {
    public:
#ifdef _WIN32
        using socket_type = SOCKET;
        static constexpr socket_type INVALID = INVALID_SOCKET;
        
        explicit SocketRAII(socket_type sock) : sock_(sock) {}
        ~SocketRAII() { 
            if (sock_ != INVALID) {
                closesocket(sock_);
            }
        }
#else
        using socket_type = int;
        static constexpr socket_type INVALID = -1;
        
        explicit SocketRAII(socket_type sock) : sock_(sock) {}
        ~SocketRAII() { 
            if (sock_ != INVALID) {
                close(sock_);
            }
        }
#endif
        
        SocketRAII(const SocketRAII&) = delete;
        SocketRAII& operator=(const SocketRAII&) = delete;
        SocketRAII(SocketRAII&& other) noexcept : sock_(other.sock_) {
            other.sock_ = INVALID;
        }
        SocketRAII& operator=(SocketRAII&& other) noexcept {
            if (this != &other) {
                if (sock_ != INVALID) {
#ifdef _WIN32
                    closesocket(sock_);
#else
                    close(sock_);
#endif
                }
                sock_ = other.sock_;
                other.sock_ = INVALID;
            }
            return *this;
        }
        
        [[nodiscard]] socket_type get() const noexcept { return sock_; }
        [[nodiscard]] bool valid() const noexcept { return sock_ != INVALID; }
        
    private:
        socket_type sock_;
    };

#ifdef _WIN32
    class WSAInitializer {
    public:
        WSAInitializer() {
            WSADATA wsaData;
            if (WSAStartup(MAKEWORD(2, 2), &wsaData) != 0) {
                throw std::system_error(WSAGetLastError(), std::system_category(), 
                                      "WSAStartup failed");
            }
        }
        ~WSAInitializer() { WSACleanup(); }
        WSAInitializer(const WSAInitializer&) = delete;
        WSAInitializer& operator=(const WSAInitializer&) = delete;
    };
#endif
}

/**
 * @brief Finds an available port by binding to port 0 and querying the assigned port.
 * 
 * This function creates a temporary socket, binds it to localhost:0 (which causes
 * the OS to assign a free port), queries the assigned port number, and then
 * closes the socket.
 * 
 * @warning There's a race condition: the port might be taken by another process
 *          between when this function returns and when the caller uses it.
 * 
 * @return Expected containing the port number on success, or error_code on failure
 */
[[nodiscard]] inline std::expected<int, std::error_code> 
find_free_port() noexcept {
    try {
#ifdef _WIN32
        detail::WSAInitializer wsa; // RAII WSA cleanup
        
        detail::SocketRAII sock(socket(AF_INET, SOCK_STREAM, 0));
        if (!sock.valid()) {
            return std::unexpected(std::error_code(WSAGetLastError(), 
                                                 std::system_category()));
        }
#else
        detail::SocketRAII sock(socket(AF_INET, SOCK_STREAM, 0));
        if (!sock.valid()) {
            return std::unexpected(std::error_code(errno, std::system_category()));
        }
#endif

        sockaddr_in addr{};  // zero-initialization
        addr.sin_family = AF_INET;
        addr.sin_addr.s_addr = htonl(INADDR_LOOPBACK);
        addr.sin_port = htons(0);  // Let OS assign port

        if (bind(sock.get(), reinterpret_cast<const sockaddr*>(&addr), 
                sizeof(addr)) != 0) {
#ifdef _WIN32
            return std::unexpected(std::error_code(WSAGetLastError(), 
                                                 std::system_category()));
#else
            return std::unexpected(std::error_code(errno, std::system_category()));
#endif
        }

        if (listen(sock.get(), detail::DEFAULT_LISTEN_BACKLOG) != 0) {
#ifdef _WIN32
            return std::unexpected(std::error_code(WSAGetLastError(), 
                                                 std::system_category()));
#else
            return std::unexpected(std::error_code(errno, std::system_category()));
#endif
        }

        socklen_t addr_len = sizeof(addr);
        if (getsockname(sock.get(), reinterpret_cast<sockaddr*>(&addr), 
                       &addr_len) != 0) {
#ifdef _WIN32
            return std::unexpected(std::error_code(WSAGetLastError(), 
                                                 std::system_category()));
#else
            return std::unexpected(std::error_code(errno, std::system_category()));
#endif
        }

        return static_cast<int>(ntohs(addr.sin_port));
        
    } catch (const std::exception&) {
        return std::unexpected(std::make_error_code(std::errc::operation_not_supported));
    }
}

// Compatibility wrapper for legacy code
[[deprecated("Use find_free_port() that returns std::expected instead")]]
[[nodiscard]] inline int free_port() noexcept {
    auto result = find_free_port();
    return result ? *result : -1;
}

} // namespace bidi::utils
```

## PONTOS POSITIVOS

1. **Função útil e bem focada** - resolve problema específico de encontrar porta livre
2. **Portabilidade Windows/Unix** - considera as duas principais famílias de SO
3. **Lógica correta** - usa bind(0) + getsockname() que é a abordagem padrão
4. **Não viola restrições críticas** - não usa polling, threading incorreto, etc.
5. **Função inline apropriada** - pequena e header-only é adequado

## SCORE FINAL: 4/10

**Justificativa:**
- **Arquitetura bidi-x (40%)**: 5/10 - Não integra com sistema de erros, falta namespace
- **Core Guidelines & P10 (30%)**: 3/10 - Sem RAII, sem header guards, unsafe resource management
- **Performance & memória (20%)**: 7/10 - Função eficiente, sem vazamentos óbvios no happy path
- **Qualidade & testes (10%)**: 2/10 - Sem documentação, sem testes, error handling primitivo

O arquivo resolve um problema real mas precisa ser refatorado para alinhar com os padrões do bidi-x, especialmente RAII, tratamento de erros com `std::expected`, e organização em namespaces apropriados.

Tokens: 31183

======================================================================
[41/76] retry_backoff.hpp
======================================================================
Li e compreendi o projeto **bidi-x**. É um cliente WebDriver BiDi minimalista em C++20/23 com foco em:

- **Arquitetura assíncrona canônica** com Boost.Asio/Beast
- **Lazy evaluation** - nada executa sem terminal (.finally, co_await)
- **Event loop único** com strand para serialização
- **Zero busy-wait/detach** - timeout como corrida operação × timer
- **Performance agressiva** - PMR/arenas, fast-path parsing, pools
- **RAII subscriptions** com refcount e auto-resubscribe
- **Compatibilidade** - IDs seguros (≤2^53-1), nomes 1:1 com spec W3C

Agora vou revisar o arquivo `include/retry_backoff.hpp`:

---

## VIOLACOES CRITICAS
**1. Uso de `std::thread` (linha 4)**
- Include desnecessário de `<thread>` viola política "zero std::thread().detach()"
- Pode induzir uso incorreto de threading

## PROBLEMAS ALTA SEVERIDADE

**1. Duplicação de função `schedule_retry` (linhas 195-207)**
- Função já declarada na linha 63 e redefinida no final
- Viola regra "Uma funcionalidade = uma função"

**2. Uso de `std::cerr` para logging (múltiplas linhas)**
- Linhas 96, 98, 154, 156, 185, 187, 197, 201
- Projeto tem `logging.hpp` com `log_error()` - deve usar sistema padronizado

**3. Cancelamento inconsistente (linha 75)**
- `retry_state->current->request_stop()` não segue padrão strand + steady_timer.cancel()
- Pode criar races com timer operations

## PROBLEMAS MEDIA SEVERIDADE

**4. Namespace anônimo desnecessário (linha 30)**
- Função `calculate_next_delay_with_jitter` poderia ser static livre
- Aumenta complexidade sem benefício

**5. Magic numbers sem constantes (linhas 95, 168)**
- `std::chrono::milliseconds{1}` hardcoded
- Deveria ter constante nomeada tipo `MIN_RETRY_DELAY`

**6. Estado compartilhado complexo (struct RetryState)**
- Múltiplos shared_ptr aninhados criam ciclos potenciais
- `attempt_holder` + `weak_retry_attempt` pode vazar

## PROBLEMAS BAIXA SEVERIDADE

**7. Includes desnecessários (linha 6)**
- `<iomanip>` e `<iostream>` não utilizados no header

**8. Conversões long long repetitivas (linhas 34-49)**
- Múltiplas conversões `static_cast<long long>` poderiam ser helpers

## SUGESTOES DE CORRECAO

```cpp
#pragma once

#include "asyncx.hpp"
#include "bidi/logging.hpp"  // Use sistema de logging padronizado
#include <algorithm>
#include <boost/asio.hpp>
#include <limits>
#include <random>
#include <type_traits>
// Remove: <thread>, <iomanip>, <iostream>

namespace bidi {

namespace net = boost::asio;

constexpr int DEFAULT_MAX_TRIES = 3;
constexpr std::chrono::milliseconds DEFAULT_FIRST_DELAY{200};
constexpr std::chrono::milliseconds MIN_RETRY_DELAY{1};  // Nova constante
constexpr double DEFAULT_MULTIPLIER = 2.0;
constexpr std::chrono::milliseconds DEFAULT_MAX_DELAY{3000};
constexpr double DEFAULT_JITTER = 0.2;

// ... manter structs RetryPolicy e RetryState ...

// Helper para conversões seguras
static auto safe_duration_cast(double value) -> std::chrono::milliseconds {
    auto casted = static_cast<long long>(std::max(value, 1.0));
    return std::chrono::milliseconds{
        std::min(casted, std::numeric_limits<long long>::max())
    };
}

// Função movida para fora do namespace anônimo
static auto calculate_next_delay_with_jitter(
    const RetryPolicy &policy, 
    const std::shared_ptr<RetryState> &retry_state) -> std::chrono::milliseconds {
    
    const auto base_ms = static_cast<double>(retry_state->delay.count());
    std::uniform_real_distribution<double> dist{-policy.jitter, +policy.jitter};
    double jitter_factor = std::max(1.0 + dist(retry_state->rng), 0.0);

    auto next_ms = safe_duration_cast(base_ms * jitter_factor);
    if (policy.max_delay.count() > 0) {
        next_ms = std::min(next_ms, policy.max_delay);
    }

    // Atualiza delay para próxima tentativa
    retry_state->delay = safe_duration_cast(base_ms * policy.multiplier);
    if (policy.max_delay.count() > 0) {
        retry_state->delay = std::min(retry_state->delay, policy.max_delay);
    }

    return next_ms;
}

// Substituir std::cerr por logging padronizado:
// std::cerr << "Exception..." → bidi::log_error("Exception...");

// Cancelamento strand-safe:
if (retry_state->current) {
    // Use padrão strand + timer cancel em vez de request_stop()
    retry_state->current->cancel(); // ou método equivalente strand-safe
}

// Remove definição duplicada de schedule_retry no final do arquivo

} // namespace bidi
```

## PONTOS POSITIVOS

**1. Arquitetura assíncrona correta**
- Usa `boost::asio::steady_timer` para delays (não `std::this_thread::sleep_for`)
- `net::post()` para scheduling assíncrono adequado

**2. Lazy evaluation implementada**
- Factory pattern com `make_async()` só materializa quando necessário
- Terminal `.finally()` controla execução

**3. Cancelamento cooperativo**
- `stop_token` e `stop_callback` implementados
- Weak pointers evitam ciclos na maioria dos casos

**4. Exponential backoff matemático**
- Jitter implementado corretamente com distribuição uniforme
- Bounds checking para evitar overflow

**5. Template genérico**
- Suporte tanto `void` quanto tipos com valor `T`
- SFINAE com `std::is_void_v<T>` bem aplicado

## SCORE FINAL: 6/10

**Justificativa:**
- **Arquitetura bidi-x (40%)**: 7/10 - Segue modelo assíncrono mas tem problemas de cancelamento e logging
- **Core Guidelines & P10 (30%)**: 5/10 - Violações de duplicação, includes desnecessários, magic numbers
- **Performance & memória (20%)**: 7/10 - Usa weak_ptr e timers corretamente, mas estado complexo
- **Qualidade & testes (10%)**: 5/10 - Falta logging padronizado, função duplicada

**Principal problema:** Duplicação da função `schedule_retry` e não uso do sistema de logging estabelecido. Com correções, pode facilmente chegar a 8/10.

Tokens: 33656

======================================================================
[42/76] stdafx.hpp
======================================================================
## VIOLACÕES CRÍTICAS
Nenhuma

## PROBLEMAS ALTA SEVERIDADE

**Linha 1-44: Violação do princípio de headers mínimos e dependências desnecessárias**
- O arquivo inclui praticamente toda a biblioteca Poco, incluindo módulos DOM/XML que não são usados no projeto bidi-x
- Inclui headers criptográficos (DigestEngine, HMACEngine) sem justificativa no contexto BiDi
- Viola o princípio "include what you use" das Core Guidelines

**Linha 1-44: Ausência de headers essenciais para bidi-x**
- Não inclui headers Boost.Asio/Beast que são fundamentais para o projeto
- Não inclui headers de threading (strand, steady_timer) necessários para o modelo assíncrono
- Não inclui boost::json que é o backend JSON primário conforme map.md

## PROBLEMAS MÉDIA SEVERIDADE

**Linha 1: Nome de arquivo não alinhado com convenções**
- `stdafx.hpp` é uma convenção Microsoft/Visual Studio
- Não segue o padrão snake_case do projeto
- Nome não é descritivo do conteúdo real

**Estrutura geral: Falta de organização por domínios**
- Headers não estão agrupados por funcionalidade
- Mistura headers de diferentes propósitos (crypto, DOM, JSON, STL)
- Dificulta manutenção e compreensão das dependências

## PROBLEMAS BAIXA SEVERIDADE

**Headers STL redundantes**
- Alguns headers STL podem já estar incluídos transitivamente
- Ordem alfabética poderia ser melhorada para legibilidade

**Ausência de comentários explicativos**
- Não há comentários explicando o propósito de cada grupo de includes
- Não documenta por que certos headers são necessários

## SUGESTÕES DE CORREÇÃO

```cpp
#pragma once

// Core C++ standard library
#include <chrono>
#include <cstdint>
#include <filesystem>
#include <memory>
#include <optional>
#include <string>
#include <string_view>
#include <utility>
#include <vector>

// Threading and synchronization (minimal set)
#include <mutex>

// Boost.Asio/Beast (core do projeto bidi-x)
#ifdef WEBDRIVER_HAS_BOOST
#include <boost/asio.hpp>
#include <boost/beast.hpp>
#include <boost/json.hpp>
#endif

// Poco (somente o necessário para JSON e rede)
#ifdef WEBDRIVER_HAS_POCO
#include <Poco/JSON/JSON.h>
#include <Poco/JSON/Parser.h>
#include <Poco/Dynamic/Var.h>
#endif

// Project-specific headers
#include "Strutils.hpp"

// Remover completamente (não utilizados no contexto BiDi):
// - Poco::DOM/*
// - Poco::XML/*
// - Poco::Crypto/*
// - Poco::HMACEngine
// - Poco::UUID* (usar std::random se necessário)
```

**Alternativa: Abolir stdafx.hpp completamente**
```cpp
// Deletar include/stdafx.hpp e usar includes específicos em cada arquivo
// Seguindo o princípio "include what you use" das Core Guidelines
```

## PONTOS POSITIVOS

1. **Uso de `#pragma once`** - Boa prática para header guards
2. **Inclusão de headers STL modernos** - `std::optional`, `std::string_view`, `std::filesystem`
3. **Headers ordenados alfabeticamente** - Facilita localização visual
4. **Inclusão do header do projeto** - `Strutils.hpp` está presente

## SCORE FINAL: 3/10

**Justificativa:**
- **Conformidade com arquitetura bidi-x (40%): 2/10** - Não inclui headers essenciais (Boost.Asio/Beast/JSON) mas inclui muitos desnecessários
- **Aderência a Core Guidelines & P10 (30%): 4/10** - Viola "include what you use", mas usa práticas modernas de C++
- **Performance & memória (20%): 2/10** - Includes desnecessários aumentam tempo de compilação significativamente
- **Qualidade & testes (10%): 5/10** - Estrutura básica correta, mas organização deficiente

**Recomendação:** Reformular completamente este header ou, preferencialmente, eliminá-lo em favor de includes específicos por arquivo, alinhando com as práticas do projeto bidi-x.

Tokens: 29529

======================================================================
[43/76] PoolVec.hpp
======================================================================
## VIOLACOES CRITICAS
Nenhuma

## PROBLEMAS ALTA SEVERIDADE

1. **Linha 43-44: Operadores de acesso sem validação de nullptr**
```cpp
T *operator->() noexcept { return ptr_; }
T &operator*() noexcept { return *ptr_; }
```
Viola NASA P10 (evitar desreferenciamento sem validação). Deveria verificar se `ptr_` é válido.

2. **Linha 133-134: Destrutor não limpa recursos ativos**
```cpp
~PoolVec() noexcept { /* não destrói objetos que ainda possam estar em uso */ }
```
Viola RAII principles. Pool pode vazar objetos construídos se handles ainda existem.

3. **Linha 174: destroy_and_free não valida se slot estava realmente usado**
```cpp
states_[idx].store(0);
```
Permite double-free se chamado múltiplas vezes com mesmo índice.

## PROBLEMAS MEDIA SEVERIDADE

1. **Linha 115-116: Arrays paralelos reduzem cache locality**
```cpp
std::vector<std::optional<T>> storage_;
std::vector<std::atomic<unsigned char>> states_;
```
Seria melhor struct SOA ou AOS para melhor localidade.

2. **Linha 145: Timeout handling impreciso**
```cpp
while (idx == npos) {
    if (timeout.count() == 0) {
```
Não considera tempo já gasto em tentativas anteriores.

3. **Linha 190: borrowed_count_ pode overflow**
```cpp
borrowed_count_.fetch_add(1, std::memory_order_relaxed);
```
Sem verificação de overflow para std::size_t.

## PROBLEMAS BAIXA SEVERIDADE

1. **Linha 27: Const correctness inconsistente**
```cpp
PoolHandle &operator=(PoolHandle &&other) noexcept {
```
Poderia ser `const PoolHandle&` em alguns contextos.

2. **Linha 104-108: Inicialização em loops pode ser otimizada**
```cpp
for (std::size_t i = 0; i < capacity_; ++i) {
    states_[i].store(0);
```
Poderia usar std::fill ou inicialização direta do vector.

3. **Linha 198: Magic number sem constante nomeada**
```cpp
constexpr static std::size_t npos = static_cast<std::size_t>(-1);
```
Duplicado em múltiplas classes, deveria ser constante global.

## SUGESTOES DE CORRECAO

1. **Operadores seguros:**
```cpp
T *operator->() noexcept { 
    assert(ptr_ != nullptr && "Invalid PoolHandle access");
    return ptr_; 
}
T &operator*() noexcept { 
    assert(ptr_ != nullptr && "Invalid PoolHandle access");
    return *ptr_; 
}
```

2. **Destructor RAII compliant:**
```cpp
~PoolVec() noexcept {
    // Force cleanup of any remaining constructed objects
    for (std::size_t i = 0; i < capacity_; ++i) {
        if (initialized_[i].load() != 0) {
            storage_[i].reset();
        }
    }
}
```

3. **Double-free protection:**
```cpp
void destroy_and_free(std::size_t idx) noexcept {
    if (idx >= capacity_) return;
    
    unsigned char expected = 1;
    if (!states_[idx].compare_exchange_strong(expected, 0)) {
        return; // Already freed or never allocated
    }
    
    // rest of cleanup...
}
```

4. **Struct para melhor locality:**
```cpp
struct alignas(64) Slot {  // Cache line aligned
    std::optional<T> storage;
    std::atomic<unsigned char> state{0};
    std::atomic<unsigned char> initialized{0};
};
std::vector<Slot> slots_;
```

## PONTOS POSITIVOS

1. **RAII Handle bem implementado** - move semantics corretos, non-copyable
2. **Uso adequado de atomics** - memory ordering apropriado para performance
3. **Policy pattern flexível** - Keep vs Recreate para diferentes use cases
4. **Lock-free fast path** - CAS operations evitam contention na maioria dos casos
5. **Hint system inteligente** - first_free_ reduz scanning desnecessário
6. **Rotating probe** - next_probe_ distribui contention entre slots
7. **Timeout support** - interface assíncrona apropriada
8. **Exception safety** - noexcept adequado, sem vazamentos aparentes
9. **Template design** - genérico e reutilizável
10. **Cache-friendly scanning** - linear probe pattern otimizado

## SCORE FINAL: 7/10

**Justificativa:**
- **Arquitetura bidi-x (40% × 8/10)**: Pool design alinha com objetivos de performance e zero-allocation em hot paths, mas falta integração com PMR/arenas do projeto
- **Core Guidelines & P10 (30% × 6/10)**: Bom uso de RAII e atomics, mas operadores unsafe e destructor inadequado violam safety principles  
- **Performance & memoria (20% × 8/10)**: Design lock-free eficiente, mas arrays paralelos prejudicam cache locality
- **Qualidade & testes (10% × 7/10)**: Código bem estruturado e documentado, mas faltam assertions e validações

**Principais melhorias necessárias:**
1. Operadores seguros com validação
2. Destructor que limpa recursos adequadamente  
3. Proteção contra double-free
4. Melhor estrutura de dados para cache locality
5. Integração com sistema de arenas do bidi-x

Tokens: 32015

======================================================================
[44/76] wait_helpers.hpp
======================================================================
## VIOLACOES CRITICAS
Nenhuma

## PROBLEMAS ALTA SEVERIDADE

**1. Ausência de timeout configurável (linha 6)**
- O timeout está hardcoded como 5000ms, violando a regra de configurabilidade para diferentes contextos de uso
- Não há forma de personalizar o timeout baseado nas necessidades específicas do teste

**2. Falta de validação de entrada (linha 11-20)**
- Não há validação se `selector` é válido ou não-vazio
- Não há validação se `selectorType` é um dos valores suportados
- Pode causar comportamento indefinido com entradas inválidas

**3. Ausência de documentação crítica (arquivo inteiro)**
- Falta documentação sobre como usar este helper no contexto do bidi-x
- Não está claro como integra com o sistema de script.evaluate + awaitPromise
- Não documenta os tipos de seletor suportados

## PROBLEMAS MEDIA SEVERIDADE

**1. Hardcoded document.body (linha 25)**
- Observer sempre monitora `document.body`, mas elementos podem ser adicionados a `document.documentElement` ou outros containers
- Pode perder mutações fora do body

**2. Falta de namespace mais específico (linha 5)**
- Namespace `webdriver::wait` é muito genérico
- Deveria seguir padrão do projeto como `bidi::helpers::wait` ou similar

**3. Tratamento de erro limitado (linha 18)**
- Apenas rejeita com erro genérico para tipo de seletor inválido
- Não preserva contexto suficiente para debugging

## PROBLEMAS BAIXA SEVERIDADE

**1. Naming convention inconsistente (linha 6)**
- Variável usa `camelCase` em contexto C++ que prefere `snake_case`
- `waitForElement` deveria ser `wait_for_element_script` (já corrigido no nome da variável)

**2. Falta de const correctness explícita (linha 6)**
- Embora `inline const char *` esteja correto, poderia ser mais explícito com `constexpr`

**3. Comentário de uso faltando (linha 1)**
- Não há comentário explicando o propósito do arquivo no contexto bidi-x

## SUGESTOES DE CORRECAO

```cpp
#pragma once

#include <string>

namespace bidi::helpers::wait {

/**
 * JavaScript helper para aguardar elementos DOM sem polling.
 * Uso: via script.evaluate com awaitPromise=true, resultOwnership="root"
 * 
 * Parâmetros:
 * - selector: string CSS ou XPath
 * - selectorType: "css"|"css selector"|"xpath"  
 * - timeout: tempo limite em ms (padrão 5000)
 * 
 * Retorna: Promise<Element> que resolve quando encontra ou rejeita no timeout
 */
constexpr const char* wait_for_element_script = R"js(
(function waitForElement(selector, selectorType, timeout = 5000) {
    return new Promise((resolve, reject) => {
        // Validação de entrada
        if (!selector || typeof selector !== 'string' || selector.trim() === '') {
            reject(new Error('Invalid selector: must be non-empty string'));
            return;
        }
        
        const validTypes = ['css', 'css selector', 'xpath'];
        if (!validTypes.includes(selectorType)) {
            reject(new Error(`Invalid selectorType: must be one of ${validTypes.join(', ')}`));
            return;
        }
        
        if (typeof timeout !== 'number' || timeout <= 0) {
            reject(new Error('Invalid timeout: must be positive number'));
            return;
        }

        function getElement(selector, type) {
            try {
                if (type === "css" || type === "css selector") {
                    return document.querySelector(selector);
                } else if (type === "xpath") {
                    return document.evaluate(
                        selector,
                        document,
                        null,
                        XPathResult.FIRST_ORDERED_NODE_TYPE,
                        null
                    ).singleNodeValue;
                }
            } catch (e) {
                throw new Error(`Error evaluating selector "${selector}": ${e.message}`);
            }
            return null;
        }

        // Verificação imediata
        try {
            const existingElement = getElement(selector, selectorType);
            if (existingElement) { 
                resolve(existingElement); 
                return; 
            }
        } catch (e) {
            reject(e);
            return;
        }

        let timeoutId;
        const observer = new MutationObserver(() => {
            try {
                const element = getElement(selector, selectorType);
                if (element) {
                    if (timeoutId) { clearTimeout(timeoutId); }
                    observer.disconnect();
                    resolve(element);
                }
            } catch (e) {
                if (timeoutId) { clearTimeout(timeoutId); }
                observer.disconnect();
                reject(e);
            }
        });

        // Monitor documentElement ao invés de só body
        const target = document.documentElement || document.body;
        observer.observe(target, { childList: true, subtree: true, attributes: true });

        timeoutId = setTimeout(() => {
            observer.disconnect();
            // Última tentativa antes de falhar
            try {
                const element = getElement(selector, selectorType);
                if (element) { 
                    resolve(element); 
                    return; 
                }
            } catch (e) {
                reject(new Error(`Timeout reached after ${timeout}ms: ${e.message}`));
                return;
            }
            reject(new Error(`Timeout reached after ${timeout}ms: Element "${selector}" (${selectorType}) not found.`));
        }, timeout);
    });
})(arguments[0], arguments[1], arguments[2]);
)js";

/**
 * Helper para aguardar elemento visível (além de presente no DOM)
 */
constexpr const char* wait_for_visible_element_script = R"js(
// Implementação similar mas verifica visibility
)js";

} // namespace bidi::helpers::wait
```

## PONTOS POSITIVOS

1. **Evita polling corretamente**: Usa MutationObserver + Promise, seguindo exatamente as diretrizes bidi-x de "zero busy-wait"

2. **Integração adequada com BiDi**: Projetado para uso com script.evaluate + awaitPromise=true, alinhado com a arquitetura

3. **Tratamento de timeout descritivo**: Mensagem de erro específica com contexto (selector + timeout)

4. **Verificação imediata**: Checa elemento existente antes de configurar observer, evitando overhead desnecessário

5. **Cleanup adequado**: Desconecta observer e limpa timeout corretamente

6. **Suporte a CSS e XPath**: Cobre os casos de uso principais para localização de elementos

7. **Uso de Promise nativa**: Compatível com awaitPromise do BiDi, sem dependências externas

## SCORE FINAL: 7/10

**Justificativa:**
- **Arquitetura bidi-x (40%)**: 8/10 - Segue princípios de não-polling e integra bem com script.evaluate, mas falta configurabilidade
- **Core Guidelines & P10 (30%)**: 7/10 - Código seguro mas falta validação de entrada e documentação
- **Performance & memória (20%)**: 8/10 - Eficiente, usa MutationObserver adequadamente, sem vazamentos
- **Qualidade & testes (10%)**: 5/10 - Falta documentação e testes, mas código é legível

O arquivo está no caminho certo mas precisa de melhorias na robustez (validação de entrada), configurabilidade (timeout) e documentação (como usar no contexto bidi-x). A abordagem fundamental está correta e alinhada com os objetivos do projeto.

Tokens: 30432

======================================================================
[45/76] CurlRAII.cpp
======================================================================
## VIOLACOES CRITICAS

**1. Ausência de Headers/Definições RAII (Linha header)**
- O arquivo referencia `CurlRAII.hpp` que não foi fornecido, impossibilitando validação completa dos tipos `curlraii_t`, `curlslitraii_t`, `curlCallBack`

## PROBLEMAS ALTA SEVERIDADE

**1. Violação Threading Model (Todo o arquivo)**
- O código usa CURL síncrono que BLOQUEIA o thread, violando a regra #14
- Operações HTTP síncronas no strand do BiDi irão travar o event loop
- Necessário mover para thread_pool e postar resultado de volta

**2. Falta de Error Handling Robusto (Linhas 34, 58)**
```cpp
result.curl_perfm_res = curl_easy_perform(curl.get());
// Não há tratamento para falhas além de CURLE_OK
```

**3. Interface Não Assíncrona (Métodos postJson/request)**
- Retorna `curlCallBack` diretamente, forçando caller a bloquear
- Deveria retornar `asyncx::Async<T>` ou aceitar `CompletionToken`

## PROBLEMAS MEDIA SEVERIDADE

**1. Global State Management (Linhas 9-10, 12-21)**
```cpp
CurlRAII::CurlRAII() { curl_global_init(CURL_GLOBAL_DEFAULT); }
CurlRAII::~CurlRAII() {
    try {
        curl_global_cleanup(); // Pode falhar se threads ainda usando CURL
    }
```
- `curl_global_cleanup()` pode falhar se outras threads ainda estão usando CURL
- Singleton pode causar problemas de ordem de destruição

**2. Falta de Timeout Configurável (Métodos postJson/request)**
- Nenhum `CURLOPT_TIMEOUT` configurado
- Pode bloquear indefinidamente

**3. Ausência de User-Agent e Headers Básicos**
- Falta configuração básica de headers para identificação do cliente

## PROBLEMAS BAIXA SEVERIDADE

**1. Style Issues**
```cpp
// Linha 9: Falta {} em statement simples
CurlRAII::CurlRAII() { curl_global_init(CURL_GLOBAL_DEFAULT); }
// Deveria ser:
CurlRAII::CurlRAII() { 
    curl_global_init(CURL_GLOBAL_DEFAULT); 
}
```

**2. Uso de std::addressof Desnecessário (Linhas 32, 33, 37, 50, 51)**
```cpp
std::addressof(result.cb) // Poderia ser &result.cb
```

**3. Magic Numbers**
```cpp
curl_easy_setopt(curl.get(), CURLOPT_POST, 1); // Usar constante nomeada
```

## SUGESTOES DE CORRECAO

**1. Tornar Assíncrono com Thread Pool:**
```cpp
namespace bidi {
    class AsyncCurlClient {
        boost::asio::thread_pool& pool_;
        boost::asio::strand<boost::asio::any_io_executor> strand_;
        
    public:
        template<typename CompletionToken>
        auto async_post_json(const std::string& url, 
                           const std::string& json,
                           CompletionToken&& token) {
            return boost::asio::async_initiate<CompletionToken, 
                void(std::error_code, std::string)>(
                [self = this, url, json](auto&& handler) mutable {
                    boost::asio::post(self->pool_, [=, h = std::forward<decltype(handler)>(handler)]() mutable {
                        auto result = self->perform_curl_post(url, json);
                        boost::asio::post(self->strand_, [=, h = std::move(h)]() mutable {
                            if (result.curl_perfm_res == CURLE_OK) {
                                h(std::error_code{}, std::move(result.body));
                            } else {
                                h(make_error_code(bidi::errc::transport), "");
                            }
                        });
                    });
                }, token);
        }
    };
}
```

**2. Error Handling Robusto:**
```cpp
auto CurlRAII::perform_curl_post(const std::string& url, const std::string& json) -> CurlResult {
    CurlResult result;
    curlraii_t curl = make_curl_easy();
    
    if (!curl) {
        result.error = "Failed to initialize CURL";
        return result;
    }
    
    // Configurar timeout
    curl_easy_setopt(curl.get(), CURLOPT_TIMEOUT_MS, 30000L);
    curl_easy_setopt(curl.get(), CURLOPT_CONNECTTIMEOUT_MS, 10000L);
    
    // ... resto da configuração
    
    result.curl_perfm_res = curl_easy_perform(curl.get());
    
    // Mapear erros CURL para bidi::errc
    switch (result.curl_perfm_res) {
        case CURLE_OK:
            curl_easy_getinfo(curl.get(), CURLINFO_RESPONSE_CODE, &result.response_code);
            break;
        case CURLE_OPERATION_TIMEDOUT:
            result.error_code = bidi::errc::timeout;
            break;
        case CURLE_COULDNT_CONNECT:
            result.error_code = bidi::errc::transport;
            break;
        default:
            result.error_code = bidi::errc::transport;
            break;
    }
    
    return result;
}
```

**3. RAII Thread-Safe:**
```cpp
class CurlGlobalManager {
    std::atomic<int> ref_count_{0};
    std::mutex mutex_;
    
public:
    void acquire() {
        std::lock_guard<std::mutex> lock(mutex_);
        if (ref_count_.fetch_add(1) == 0) {
            curl_global_init(CURL_GLOBAL_DEFAULT);
        }
    }
    
    void release() {
        std::lock_guard<std::mutex> lock(mutex_);
        if (ref_count_.fetch_sub(1) == 1) {
            curl_global_cleanup();
        }
    }
};
```

## PONTOS POSITIVOS

1. **RAII Design**: Uso correto de RAII para gerenciar recursos CURL
2. **Exception Safety**: Destructor com try-catch para evitar terminate
3. **Singleton Pattern**: Implementação thread-safe do singleton (Meyer's)
4. **Resource Management**: Uso de smart pointers para handles CURL
5. **Separation of Concerns**: Métodos específicos para POST JSON vs request genérico

## SCORE FINAL: 3/10

**Justificativa:**
- **Arquitetura BiDi (0/40%)**: Viola completamente o modelo assíncrono, bloqueia event loop
- **Core Guidelines (20/30%)**: RAII correto, mas falta error handling e const-correctness
- **Performance (5/20%)**: Bloqueia threads, sem pools, sem timeouts configuráveis  
- **Qualidade (8/10%)**: Código limpo mas sem testes, documentação limitada

**Ação Requerida**: Refatoração completa para modelo assíncrono com thread_pool antes de integração com BiDi client.

Tokens: 30850

======================================================================
[46/76] bidi_buffer_pool.cpp
======================================================================
Compreendi o projeto **bidi-x** após analisar todos os documentos. Trata-se de um cliente WebDriver BiDi em C++20/23 com foco em:

- **Arquitetura assíncrona canônica** (Boost.Asio/Beast) com strand, timeout por corrida, operações lazy
- **Zero polling/detach**, cancelamento cooperativo, RAII para subscriptions
- **Otimização agressiva** de CPU/RAM via PMR/arena, fast-path parsing, buffer pools
- **DX moderna** com composição funcional (.then/.on_error) e corrotinas opcionais
- **Conformidade W3C** com nomes 1:1 da spec, IDs seguros, modelo de erros estruturado

Agora analisando o arquivo `src/bidi_buffer_pool.cpp`:

---

## VIOLAÇÕES CRÍTICAS
- **Linha 10-11**: `write_data` com truncamento silencioso pode causar perda de dados crítica
- **Linhas 34-61**: Uso de múltiplos mutexes separados por pool sem strand pode causar deadlock ou contention desnecessária

## PROBLEMAS ALTA SEVERIDADE

1. **Linha 10-16**: Truncamento silencioso em `write_data` viola princípio de fail-fast:
```cpp
if (used_size_ + length > data_.size()) {
    length = data_.size() - used_size_;  // PERIGOSO: perda de dados silenciosa
}
```

2. **Linhas 34-61**: Arquitetura com múltiplos mutexes contradiz o modelo strand do bidi-x. Deveria usar strand para serialização.

3. **Linha 87**: Criação de buffer sob lock pode causar contenção desnecessária:
```cpp
if (!buffer) {
    buffer = create_buffer(size);  // Alocação sob lock
}
```

## PROBLEMAS MÉDIA SEVERIDADE

4. **Linha 100**: `BufferHandle` com lambda de captura pode ser pesado para hot paths - considere function pointer ou callback otimizado

5. **Linhas 139-165**: `get_stats()` adquire 5 locks diferentes, potencial bottleneck em observabilidade

6. **Ausência de backpressure**: Não há limite máximo de buffers por pool, pode causar memory leak

## PROBLEMAS BAIXA SEVERIDADE

7. **Linha 30**: Magic numbers para pré-alocação (`/2`, `/4`) deveriam ser constexpr

8. **Linha 21**: Comentário sobre truncate sugere decisão de design questionável

9. **Falta de [[nodiscard]]** em métodos que retornam recursos importantes

## SUGESTÕES DE CORREÇÃO

```cpp
// 1. Corrigir write_data com fail-fast
void PooledBuffer::write_data(const char *data, std::size_t length) {
    if (used_size_ + length > data_.size()) {
        throw std::overflow_error("Buffer overflow: insufficient capacity");
    }
    // ... resto da implementação
}

// 2. Usar strand em vez de múltiplos mutexes
class BufferPool {
private:
    boost::asio::strand<boost::asio::io_context::executor_type> strand_;
    // Remove individual mutexes, serialize via strand
    
public:
    auto acquire_buffer(BufferSize size) -> BufferHandle {
        // Use boost::asio::post/dispatch with strand_
    }
};

// 3. Constexpr para magic numbers
namespace {
    constexpr std::size_t LARGE_BUFFER_RATIO = 2;
    constexpr std::size_t XLARGE_BUFFER_RATIO = 4;
}

// 4. Adicionar [[nodiscard]]
[[nodiscard]] auto acquire_buffer(BufferSize size) -> BufferHandle;
[[nodiscard]] auto get_stats() const -> Stats;
```

## PONTOS POSITIVOS

1. **RAII correto**: `BufferHandle` com auto-return via destructor
2. **Separação por tamanhos**: Classes de buffer bem definidas (Small/Medium/Large/XLarge)
3. **Métricas**: Coleta de estatísticas para observabilidade
4. **Const-correctness**: Métodos apropriadamente const
5. **Exception safety**: Uso de RAII e smart pointers
6. **Interface clara**: API bem definida com types seguros

## SCORE FINAL: 4/10

**Justificativa:**
- **Arquitetura bidi-x (40%)**: 2/10 - Viola modelo strand com múltiplos mutexes, truncamento silencioso
- **Core Guidelines (30%)**: 6/10 - RAII correto, mas falha em fail-fast e error handling
- **Performance (20%)**: 5/10 - Pool concept bom, mas contenção de locks e alocação sob lock
- **Qualidade (10%)**: 7/10 - Código limpo, mas falta [[nodiscard]] e magic numbers

O arquivo precisa de **refatoração significativa** para alinhar com a arquitetura strand-based do bidi-x e implementar fail-fast adequado.

Tokens: 31472

======================================================================
[47/76] bidi_client.cpp
======================================================================
Entendi completamente o projeto **bidi-x** após ler todos os documentos. 

## RESUMO DO PROJETO

**bidi-x** é um cliente WebDriver BiDi em C++20/23 focado em:
- **Alto desempenho**: lazy evaluation, PMR/arenas, fast-path parsing
- **Modelo assíncrono canônico**: Boost.Asio/Beast com strand, sem detach
- **Timeout determinístico**: corrida operação × steady_timer
- **RAII subscriptions**: refcount automático com auto-resubscribe
- **Zero busy-wait**: primitivas assíncronas, cancel cooperativo
- **Conformidade W3C**: nomes 1:1 com spec, IDs seguros (≤2^53-1)

A arquitetura tem pools para minimizar alocações, parsing eficiente (scan id/method sem DOM), serialização segura (boost::json::serializer) e DX funcional/corrotinas.

---

## CODE REVIEW: src/bidi_client.cpp

## VIOLAÇÕES CRÍTICAS

**1. AUSÊNCIA DE STRAND (Linhas: todas as funções públicas)**
```cpp
// VIOLAÇÃO: Operações assíncronas sem serialização via strand
session_->send_command(/*...*/, [result](const core::ParsedResponse &response) {
    // Handler executa fora do strand - pode causar races
});
```

**2. GERENCIAMENTO DE EXCEÇÕES INADEQUADO (Linhas 30, 43, 67, etc.)**
```cpp
// VIOLAÇÃO: Usando exceções em fluxo assíncrono principal
result.fail(std::make_exception_ptr(std::runtime_error(
    "Failed to connect to BiDi WebSocket: " + ec.message())));
```

## PROBLEMAS ALTA SEVERIDADE

**1. Violação do modelo lazy (Linhas 23-40)**
- `Client::connect` executa imediatamente, deveria ser lazy até terminal
- Falta verificação de pending/timeout no send_command

**2. Conversões perigosas de string_view (Linhas 90, 115)**
```cpp
// PROBLEMA: string_view pode ter lifetime menor que Task
result.fulfill(url_it->value().as_string().c_str()); // UB potencial
```

**3. Falta de timeout/cancel (Todas as operações)**
- Nenhuma operação implementa timeout determinístico
- Ausência de steady_timer para corrida operação×timer

## PROBLEMAS MÉDIA SEVERIDADE

**1. Mistura de std::error_code com exceções (Linhas 43, 67, 95, etc.)**
```cpp
// Deveria usar std::error_code conforme arquitetura
if (!response.is_success) {
    result.fail(std::make_exception_ptr(...)); // Inconsistente
}
```

**2. Falta de PMR/arena (Todo o arquivo)**
- Não usa boost::json::monotonic_resource por frame
- Parsing JSON sem arena pode fragmentar memória

**3. RAII Subscription incompleto (Linhas 207-245)**
- Não implementa refcount global/por contexto
- Falta auto-resubscribe após reconexão

## PROBLEMAS BAIXA SEVERIDADE

**1. Nomenclatura inconsistente**
```cpp
// PROBLEMA: Mistura PascalCase/snake_case
auto Client::create_context(commands::browsing_context::CreateType type) // OK
-> Task<std::string> // OK, mas Task deveria ser asyncx::Async<T>
```

**2. Captura desnecessária por valor (Linha 86)**
```cpp
[result, url](const core::ParsedResponse &response) // url copiado desnecessariamente
```

## SUGESTÕES DE CORREÇÃO

**1. Implementar operações lazy com strand:**
```cpp
auto Client::create_context(commands::browsing_context::CreateType type)
    -> asyncx::Async<std::string> {
    return asyncx::Async<std::string>::make([this, type](auto resolver) {
        boost::asio::dispatch(session_->get_strand(), [this, type, resolver = std::move(resolver)]() mutable {
            auto id = session_->next_id();
            auto timer = std::make_shared<boost::asio::steady_timer>(session_->get_strand());
            timer->expires_after(session_->default_timeout());
            
            auto params = commands::browsing_context::create(type);
            session_->register_pending(id, std::move(resolver), timer);
            session_->send_command_impl(id, bidi::ids::methods::bc_create, params);
        });
    });
}
```

**2. Usar std::error_code consistentemente:**
```cpp
session_->send_command(
    std::string(bidi::ids::methods::bc_create), params,
    [result](std::error_code ec, const core::ParsedResponse &response) mutable {
        if (ec) {
            result.complete(std::unexpected(ec));
            return;
        }
        // ... processar response
    });
```

**3. RAII Subscription com refcount:**
```cpp
class Client::Subscription {
    std::shared_ptr<SubscriptionManager> manager_;
    std::vector<std::string> events_;
    std::vector<std::string> contexts_;
    
public:
    ~Subscription() noexcept {
        if (manager_) {
            manager_->unsubscribe(events_, contexts_);
        }
    }
};
```

## PONTOS POSITIVOS

1. **Estrutura modular clara** - separação BrowsingContext/Script/Session
2. **Uso correto de weak_ptr** - evita cycles em Subscription (linha 145)
3. **Move semantics** - Subscription implementa move corretamente (linha 228)
4. **Nomes canônicos** - usa bidi::ids::methods:: consistentemente
5. **Exception safety** - destrutor ~Subscription() é noexcept
6. **Headers ordenados** - includes bem organizados

## SCORE FINAL: 3/10

**Justificativa:**
- **Arquitetura bidi-x (40%)**: 2/10 - Viola princípios fundamentais (lazy, strand, timeout)
- **Core Guidelines & P10 (30%)**: 4/10 - RAII parcial, exception safety básica
- **Performance & memória (20%)**: 3/10 - Sem PMR/arena, conversões desnecessárias
- **Qualidade & testes (10%)**: 6/10 - Código limpo mas falta robustez

O arquivo precisa de refatoração substancial para alinhar com a arquitetura bidi-x. Os problemas críticos (ausência de strand, modelo não-lazy, falta de timeout) impedem o funcionamento correto do sistema conforme especificado.

Tokens: 32605

======================================================================
[48/76] bidi_commands.cpp
======================================================================
Após ler toda a documentação, entendi o projeto **bidi-x**. É um cliente WebDriver BiDi minimalista em C++20/23 focado em:

- **Arquitetura assíncrona canônica** com Boost.Asio/Beast
- **Lazy evaluation** (nada executa sem terminal)
- **Timeout determinístico** via corrida operação×timer
- **Zero busy-wait/polling** e zero `std::thread().detach()`
- **Economia agressiva de CPU/RAM** com PMR/arenas e fast-path parsing
- **RAII para subscriptions** com refcount e auto-resubscribe

O projeto está bem estruturado com pools de recursos, strand para serialização WS, e adherência estrita à spec W3C BiDi.

---

## REVIEW DE src/bidi_commands.cpp

## VIOLACOES CRITICAS
Nenhuma

## PROBLEMAS ALTA SEVERIDADE
1. **Linha 15-21**: Duplicação de lógica entre `session::subscribe` e `session::unsubscribe` - violação do princípio DRY
2. **Linhas 70, 105, 151, 193**: Repetição do mesmo padrão de construção de `target_obj` - código duplicado que deveria ser extraído para função auxiliar

## PROBLEMAS MEDIA SEVERIDADE
1. **Linhas 58, 68, 113**: Parâmetros opcionais verificados com `empty()` mas sem validação de conteúdo - poderia aceitar strings inválidas
2. **Linha 144**: Array de argumentos copiado desnecessariamente - deveria ser movido quando possível
3. **Linhas 195, 198, 201**: Retornos "default" nos switches sem `[[fallthrough]]` ou documentação do comportamento

## PROBLEMAS BAIXA SEVERIDADE
1. **Linha 39**: Comentário redundante "Same structure as subscribe"
2. **Geral**: Falta validação de entrada (contextos/URLs vazios, expressões malformadas)
3. **Linha 158**: `network::continue_request` aceita muitos parâmetros opcionais sem validação de combinações válidas

## SUGESTOES DE CORRECAO

```cpp
// Extrair construção de target comum:
namespace {
    auto build_target_object(const script::Target& target) -> boost::json::object {
        boost::json::object target_obj;
        target_obj["context"] = target.context;
        if (!target.sandbox.empty()) {
            target_obj["sandbox"] = target.sandbox;
        }
        return target_obj;
    }
    
    auto build_events_contexts_params(const std::vector<std::string> &events,
                                     const std::vector<std::string> &contexts)
        -> boost::json::object {
        boost::json::object params;
        
        boost::json::array events_array;
        events_array.reserve(events.size()); // otimização
        for (const auto &event : events) {
            events_array.emplace_back(event);
        }
        params["events"] = std::move(events_array);

        if (!contexts.empty()) {
            boost::json::array contexts_array;
            contexts_array.reserve(contexts.size());
            for (const auto &context : contexts) {
                contexts_array.emplace_back(context);
            }
            params["contexts"] = std::move(contexts_array);
        }
        return params;
    }
}

namespace session {
    auto subscribe(const std::vector<std::string> &events,
                   const std::vector<std::string> &contexts)
        -> boost::json::object {
        return build_events_contexts_params(events, contexts);
    }

    auto unsubscribe(const std::vector<std::string> &events,
                     const std::vector<std::string> &contexts)
        -> boost::json::object {
        return build_events_contexts_params(events, contexts);
    }
}

// Usar função auxiliar em script commands:
auto evaluate(std::string_view expression, const Target &target,
              bool await_promise, ResultOwnership ownership)
    -> boost::json::object {
    boost::json::object params;
    params["expression"] = expression;
    params["awaitPromise"] = await_promise;
    params["resultOwnership"] = to_string(ownership);
    params["target"] = build_target_object(target);
    return params;
}

// Mover array quando possível:
auto call_function(std::string_view function_declaration, const Target &target,
                   boost::json::array arguments, bool await_promise, // remove const&
                   ResultOwnership ownership) -> boost::json::object {
    boost::json::object params;
    params["functionDeclaration"] = function_declaration;
    params["awaitPromise"] = await_promise;
    params["resultOwnership"] = to_string(ownership);

    if (!arguments.empty()) {
        params["arguments"] = std::move(arguments); // move
    }

    params["target"] = build_target_object(target);
    return params;
}
```

## PONTOS POSITIVOS
1. **Nomes canônicos 1:1 com spec W3C** - excelente aderência aos requisitos do projeto
2. **Uso correto de boost::json** - alinhado com a arquitetura PMR/arena do projeto
3. **Constexpr e noexcept** nas funções `to_string` - otimização adequada
4. **Move semantics** bem aplicado em vários pontos (ex: `std::move(events_array)`)
5. **Estrutura modular por namespaces** - organização clara dos comandos BiDi
6. **Tratamento de parâmetros opcionais** - seguindo padrão da spec
7. **Headers incluídos corretamente** - sem vazamento de dependências

## SCORE FINAL: 7.5/10

**Justificativa:**
- **Conformidade arquitetura bidi-x (40%)**: 8/10 - Segue modelo de builders JSON, usa boost::json corretamente, nomes 1:1 com spec
- **Core Guidelines & P10 (30%)**: 7/10 - Boa const-correctness e RAII, mas tem duplicação de código
- **Performance & memória (20%)**: 8/10 - Move semantics bem aplicado, sem alocações desnecessárias óbvias
- **Qualidade & testes (10%)**: 6/10 - Código limpo mas sem validação de entrada, comentários redundantes

O arquivo implementa corretamente os command builders BiDi conforme especificação, mas precisa de refatoração para eliminar duplicação e melhorar robustez com validação de entrada.

Tokens: 31756

======================================================================
[49/76] bidi_core.cpp
======================================================================
Analisando o arquivo `src/bidi_core.cpp` seguindo as 40+ regras de code review para o projeto bidi-x:

## VIOLAÇÕES CRÍTICAS

**1. Busy-wait potencial (Linha ~430-440)**
```cpp
void BiDiSession::send_command(...) {
    // Timer pode causar busy-wait se mal configurado
    entry.timer.async_wait([self = shared_from_this(), id](...) {
        // Callback pode ser chamado após objeto destruído
    });
}
```

**2. Race condition em pending_responses_ (Linhas ~565-580)**
```cpp
void BiDiSession::on_error(...) {
    for (auto it = pending_responses_.begin(); it != pending_responses_.end();) {
        // Iteração sem proteção strand - pode causar data race
        auto handler = std::move(entry.handler);
        it = pending_responses_.erase(it);
        handler(std::move(error_response)); // Chamada fora do strand
    }
}
```

## PROBLEMAS ALTA SEVERIDADE

**1. Falta de proteção strand em operações críticas (Linhas ~565-620)**
- `on_error()` e `disconnect()` manipulam `pending_responses_` sem garantia de strand
- Violação da regra fundamental de thread-safety do projeto

**2. Callbacks podem ser executados fora do strand (Linha ~590)**
```cpp
handler(std::move(error_response)); // Deve ser postado no strand
```

**3. Timer sem generation counter (Linhas ~430-450)**
- Timers reutilizados sem proteção contra callbacks antigos
- Violação da regra #16 sobre timer races

**4. ID não validado contra MAX_SAFE_ID na serialização (Linha ~225)**
```cpp
auto build_command(id_type id_value, ...) {
    if (is_id_safe(id_value)) {
        cmd["id"] = static_cast<std::int64_t>(id_value);
    } else {
        cmd["id"] = std::to_string(id_value); // Correto, mas sem log
    }
}
```

## PROBLEMAS MÉDIA SEVERIDADE

**1. Múltiplas responsabilidades em funções grandes (Linhas ~430-500)**
- `send_command()` tem ~70 linhas mas faz: gerar ID, criar timer, registrar pending, enviar
- Violação da regra #30 sobre funções ≤80 linhas

**2. Exception handling inconsistente (Linhas ~65-85)**
```cpp
static auto parse_id_from_object(...) noexcept {
    // Função marcada noexcept mas pode lançar internamente
    auto parse_res = std::from_chars(...); // Pode falhar
}
```

**3. Logging excessivo pode impactar performance (Linhas ~590-600)**
- Logs em hot path sem verificação de nível
- Pode violar orçamento de CPU

**4. Memory allocation em hot path (Linha ~440)**
```cpp
PendingEntry entry{...}; // Aloca na stack mas usa shared_ptr internally
```

## PROBLEMAS BAIXA SEVERIDADE

**1. Naming inconsistente (Linha ~25)**
- `MAX_PAYLOAD_SIZE` poderia ser `max_payload_size_` seguindo snake_case

**2. Magic numbers sem constexpr (Linha ~25)**
```cpp
constexpr std::size_t MAX_PAYLOAD_SIZE = 10ULL * 1024ULL * 1024ULL;
// Melhor: constexpr auto max_payload_bytes = 10_MB;
```

**3. Headers desnecessários (Linhas ~1-10)**
- `#include <format>` usado apenas algumas vezes
- `#include <algorithm>` usado minimamente

**4. Comentários verbose demais (Linhas ~20-40)**
- Documentação excessiva para funções simples
- Pode indicar complexidade desnecessária

## SUGESTÕES DE CORREÇÃO

**1. Proteger operações críticas com strand:**
```cpp
void BiDiSession::on_error(const boost::system::error_code &error_code) {
    net::post(get_executor(), [self = shared_from_this(), error_code]() {
        // Todo o processamento dentro do strand
        for (auto it = self->pending_responses_.begin(); 
             it != self->pending_responses_.end();) {
            // ... processamento seguro
        }
    });
}
```

**2. Adicionar generation counter para timers:**
```cpp
struct PendingEntry {
    std::uint64_t timer_generation{0};
    // ... outros membros
};

entry.timer.async_wait([self, id, gen = timer_generation_++](auto ec) {
    if (ec) return;
    auto it = self->pending_responses_.find(id);
    if (it == self->pending_responses_.end() || 
        it->second.timer_generation != gen) {
        return; // Timer antigo, ignorar
    }
    // ... processar timeout
});
```

**3. Quebrar função grande:**
```cpp
private:
    auto create_pending_entry(std::string_view method, ResponseHandler handler,
                             std::chrono::milliseconds timeout) -> PendingEntry;
    void setup_timer_for_pending(id_type id, PendingEntry& entry);
    void send_command_message(id_type id, std::string_view method, 
                             const boost::json::object& params);

void BiDiSession::send_command(...) {
    auto id = next_id_.fetch_add(1, std::memory_order_relaxed);
    auto entry = create_pending_entry(method, std::move(handler), timeout);
    setup_timer_for_pending(id, entry);
    pending_responses_.emplace(id, std::move(entry));
    send_command_message(id, method, params);
}
```

**4. Adicionar validação de ID:**
```cpp
auto build_command(id_type id_value, ...) -> std::string {
    boost::json::object cmd;
    if (is_id_safe(id_value)) {
        cmd["id"] = static_cast<std::int64_t>(id_value);
    } else {
        cmd["id"] = std::to_string(id_value);
        bidi::logging::log_warning(std::format(
            "ID {} exceeds MAX_SAFE_ID, serializing as string", id_value));
    }
    // ... resto
}
```

## PONTOS POSITIVOS

1. **Arquitetura assíncrona correta** - Uso adequado de Boost.Asio patterns
2. **RAII bem implementado** - Subscription com destructor automático
3. **Error handling robusto** - std::error_code + ErrorDetail conforme spec
4. **Logging estruturado** - Trace IDs para correlação
5. **Const correctness** - Muitas funções marcadas const/noexcept
6. **Smart pointers adequados** - shared_ptr para ciclo de vida compartilhado
7. **Validação de protocolo** - Parsing rigoroso conforme W3C BiDi spec
8. **Performance consciousness** - Fast-path parsing, arena awareness
9. **Thread-safety awareness** - Uso de strand (mesmo com alguns gaps)
10. **Timeout handling** - Corrida timer vs resposta implementada

## SCORE FINAL: 6.5/10

**Justificativa:**
- **Conformidade arquitetura bidi-x (40%)**: 7/10 - Boa estrutura mas violações críticas de strand
- **Core Guidelines & P10 (30%)**: 6/10 - RAII bom, mas race conditions e funções grandes
- **Performance & memória (20%)**: 7/10 - Fast-path e pools, mas logs em hot path
- **Qualidade & testes (10%)**: 6/10 - Código bem documentado mas com inconsistências

**Principais melhorias necessárias:**
1. Garantir todas as operações em pending_responses_ no strand
2. Implementar generation counter para timers
3. Quebrar funções grandes em responsabilidades menores
4. Adicionar validação/logging para IDs fora da faixa segura

O código tem fundação sólida mas precisa de correções críticas de thread-safety antes de produção.

Tokens: 46863

======================================================================
[50/76] bidi_memory_pool.cpp
======================================================================
## VIOLACOES CRITICAS
Nenhuma

## PROBLEMAS ALTA SEVERIDADE

### 1. Falta de validação de entrada (linha 9)
A função `parse` não valida se `json_text` está vazio ou é inválido antes de tentar fazer o parse, podendo causar exceções não tratadas.

### 2. Ausência de tratamento de exceções (linha 9-11)
`boost::json::parse` pode lançar exceções que não estão sendo capturadas, violando o modelo de erro baseado em `std::error_code` do projeto.

### 3. Falta de [[nodiscard]] (linha 8)
A função `parse` retorna um valor que não deve ser ignorado, mas não tem a anotação `[[nodiscard]]`.

## PROBLEMAS MEDIA SEVERIDADE

### 1. Ausência de noexcept onde apropriado (linha 6)
O construtor `Arena(std::size_t size)` poderia ser marcado como `noexcept` se não pode falhar.

### 2. Falta de validação de tamanho (linha 6)
O construtor não valida se `size` é um valor razoável (não zero, não excessivamente grande).

### 3. Ausência de método para verificar estado (geral)
Não há método para verificar se a arena está em estado válido ou quanto espaço resta.

## PROBLEMAS BAIXA SEVERIDADE

### 1. Comentário de arquivo incompleto (linha 1)
O comentário poderia ser mais descritivo sobre o propósito específico da implementação.

### 2. Falta de documentação inline (geral)
Métodos públicos não têm documentação sobre comportamento esperado, pré-condições e pós-condições.

## SUGESTOES DE CORRECAO

```cpp
// src/bidi_memory_pool.cpp — Arena allocation for JSON parsing with PMR
#include "bidi/memory_pool.hpp"
#include <stdexcept>

namespace bidi::core {

JsonArenaPool::Arena::Arena(std::size_t size) 
    : resource_{size > 0 ? size : throw std::invalid_argument("Arena size must be > 0")} {}

[[nodiscard]] auto JsonArenaPool::Arena::parse(std::string_view json_text)
    -> std::expected<boost::json::value, std::error_code> {
    if (json_text.empty()) {
        return std::unexpected(make_error_code(bidi::errc::decode_error));
    }
    
    try {
        return boost::json::parse(json_text, resource());
    } catch (const std::exception&) {
        return std::unexpected(make_error_code(bidi::errc::decode_error));
    }
}

void JsonArenaPool::Arena::reset() noexcept { 
    resource_.release(); 
}

[[nodiscard]] std::size_t JsonArenaPool::Arena::bytes_used() const noexcept {
    return resource_.bytes_used();
}

[[nodiscard]] bool JsonArenaPool::Arena::is_valid() const noexcept {
    // Implementar verificação de estado se necessário
    return true;
}

} // namespace bidi::core
```

## PONTOS POSITIVOS

1. **Uso correto de PMR**: Implementação adequada de `boost::json::monotonic_resource` para arena allocation
2. **RAII correto**: A arena é automaticamente gerenciada pelo RAII
3. **Namespace adequado**: Uso correto do namespace `bidi::core`
4. **Método reset eficiente**: `reset()` é `noexcept` e libera recursos adequadamente
5. **Estrutura simples**: Implementação direta e focada na responsabilidade única
6. **Alinhamento com arquitetura**: Segue o padrão de arena por frame definido no projeto

## SCORE FINAL: 6/10

**Justificativa:**
- **Arquitetura (40% = 3.2/4.0)**: Implementação correta da arena PMR, mas falta tratamento de erro adequado
- **Core Guidelines (30% = 1.5/3.0)**: Falta `[[nodiscard]]`, validação de entrada e tratamento de exceções
- **Performance (20% = 1.8/2.0)**: Uso eficiente de PMR, mas poderia ter métodos para monitoramento
- **Qualidade (10% = 0.5/1.0)**: Código simples mas com documentação insuficiente

O código está funcionalmente correto mas precisa de melhorias na robustez (tratamento de erros), conformidade com guidelines (anotações) e observabilidade (métricas de uso da arena).

Tokens: 29309

======================================================================
[51/76] bidi_session_threaded.cpp
======================================================================
Entendi completamente o projeto **bidi-x**. Trata-se de um cliente WebDriver BiDi em C++20/23 focado em:

- **Arquitetura assíncrona canônica** (Boost.Asio/Beast) com strand para serialização WS
- **Avaliação lazy** (nada executa sem terminal)
- **Zero busy-wait** (apenas primitivas assíncronas)
- **Economia agressiva de CPU/RAM** (PMR/arenas, pools, fast-path parsing)
- **RAII para subscriptions** com refcount
- **Timeout determinístico** via corrida operação×timer

Agora vou fazer a análise do arquivo `src/bidi_session_threaded.cpp`:

## VIOLAÇÕES CRÍTICAS

1. **LINHA 143-149**: Uso de `std::future::get()` que bloqueia thread - viola regra fundamental de zero busy-wait
```cpp
// CRÍTICO: Thread suspende aqui bloqueando (não é assíncrono canônico)
return future.get();
```

2. **LINHA 86**: Comentário indica "thread suspends" mas isso quebra a arquitetura de event loop único

## PROBLEMAS ALTA SEVERIDADE

1. **LINHAS 20-33**: `acquire_pending_entry()` usa mutex, mas operações deveriam ser no strand para evitar locks (regra #13)

2. **LINHA 143**: `send_command_await()` bloqueia chamador com `future.get()`, violando modelo assíncrono (regra #4)

3. **LINHAS 86-140**: Operações de DNS/TCP/WS handshake comentadas como "thread suspends" sugerem modelo incorreto

4. **LINHA 375-389**: `send_command_awaitable()` usa `co_spawn` no CPU executor mas deveria manter operações no strand WS

## PROBLEMAS MÉDIA SEVERIDADE

1. **LINHAS 48-65**: `attach_core()` implementa transport sender mas não há validação de lifetime do `self`

2. **LINHAS 152-170**: `start_read_loop()` não implementa reconexão automática conforme arquitetura

3. **LINHAS 206-226**: `process_message_on_cpu()` poderia usar fast-path parsing sem DOM completo

4. **LINHAS 340-374**: `send_subscribe_wire()` constrói JSON arrays com cópias desnecessárias

## PROBLEMAS BAIXA SEVERIDADE

1. **LINHA 14**: Log de construtor poderia incluir threading context info

2. **LINHAS 67-80**: Destrutor poderia ser mais específico sobre recursos sendo limpos

3. **LINHA 183**: `start_write_loop()` usa `std::deque::front()` sem verificar se empty

## SUGESTÕES DE CORREÇÃO

### 1. Substituir future.get() por completion token:

```cpp
template<typename CompletionToken>
auto send_command_async(const std::string& method, 
                       const boost::json::object& params,
                       std::chrono::milliseconds timeout,
                       CompletionToken&& token) {
    return boost::asio::async_initiate<CompletionToken, 
        void(boost::system::error_code, boost::json::object)>(
        [this, self = shared_from_this(), method, params, timeout]
        (auto&& handler) mutable {
            auto id = next_id_.fetch_add(1);
            auto entry = acquire_pending_entry();
            entry->method = method;
            entry->params = params;
            
            threading_->post_ws([this, self, id, entry, timeout, 
                               handler = std::forward<decltype(handler)>(handler)]() mutable {
                pending_map_[id] = entry;
                setup_timeout(id, timeout);
                // ... resto da lógica
            });
        }, token);
}
```

### 2. Eliminar mutex usando strand:

```cpp
auto acquire_pending_entry() -> std::shared_ptr<PendingEntry> {
    // Must be called from strand
    if (!pending_entry_pool_.empty()) {
        auto e = pending_entry_pool_.back();
        pending_entry_pool_.pop_back();
        e->reset(); // helper method
        return e;
    }
    return std::make_shared<PendingEntry>();
}
```

### 3. Fast-path parsing:

```cpp
void process_message_on_cpu(const std::string& message) {
    // Fast scan for id/method without full DOM
    auto kind = detect_message_kind_fast(message);
    if (kind == MessageKind::Response) {
        if (auto id_opt = extract_id_fast(message)) {
            // Only parse full DOM if needed
            auto response = parse_response_with_arena(message);
            // ... continue
        }
    }
}
```

## PONTOS POSITIVOS

1. **Uso correto de strand** para operações thread-safe (linhas 110, 124, etc.)
2. **RAII para Subscriptions** com refcount adequado (linhas 447-463)
3. **Pool de pending entries** para reduzir alocações (linhas 20-40)
4. **Tratamento robusto de exceções** em callbacks (linhas 240-250)
5. **Separação clara entre I/O e CPU threads** (linha 175)
6. **Cancel cooperativo de timers** (linha 258)
7. **Logging consistente** para diagnósticos
8. **Cleanup adequado no disconnect** (linhas 324-346)

## SCORE FINAL: 4/10

**Justificativa:**
- **Arquitetura bidi-x (40%)**: 2/10 - Viola princípio fundamental com `future.get()` bloqueante
- **Core Guidelines & P10 (30%)**: 6/10 - Boa gestão de recursos mas uso incorreto de concorrência  
- **Performance & memória (20%)**: 7/10 - Pools implementados, mas parsing pode melhorar
- **Qualidade & testes (10%)**: 8/10 - Bom tratamento de erros e logging

**Principais problemas:** O uso de `future.get()` quebra fundamentalmente a arquitetura assíncrona. Precisa ser refatorado para usar completion tokens ou awaitables puros, mantendo todas as operações no modelo strand-based sem bloqueios.

Tokens: 38097

======================================================================
[52/76] bidi_threading.cpp
======================================================================
Analisando o arquivo `src/bidi_threading.cpp` conforme as regras de code review do bidi-x...

## VIOLAÇÕES CRÍTICAS
**Nenhuma** - O arquivo não apresenta violações que quebrem o sistema.

## PROBLEMAS ALTA SEVERIDADE

1. **Linha 14-15**: Uso de `std::format` sem verificação de disponibilidade C++20/23
   - Pode causar falha de compilação em sistemas sem suporte completo
   - Deveria usar alternativa compatível ou verificação condicional

2. **Linha 31**: Concatenação manual de strings em log crítico
   ```cpp
   std::string("Created CPU thread pool with ") + std::to_string(cpu_threads) + " threads"
   ```
   - Ineficiente, múltiplas alocações temporárias
   - Inconsistente com uso de `std::format` em outras linhas

## PROBLEMAS MÉDIA SEVERIDADE

3. **Linha 38-43**: Tratamento de exceções muito genérico no destrutor
   - `catch(...)` oculta informações importantes de debug
   - Deveria pelo menos tentar identificar tipos específicos

4. **Linha 60**: Chamada `cpu_pool_->join()` sem timeout
   - Pode travar indefinidamente se threads CPU estiverem bloqueadas
   - Falta verificação de `joinable()` antes de `join()`

5. **Ausência de métricas/observabilidade**
   - Não registra tempo de inicialização/parada
   - Não expõe contadores de threads ativas conforme `metrics.hpp`

## PROBLEMAS BAIXA SEVERIDADE

6. **Linha 18-22**: Loop pode ser substituído por algoritmo STL
7. **Headers**: Inclui `<iostream>` mas não usa diretamente
8. **Linha 46**: Log poderia incluir número de threads sendo paradas

## SUGESTÕES DE CORREÇÃO

```cpp
// Correção para problemas de alta severidade:

// 1. Substituir std::format por alternativa compatível:
bidi::logging::log_info("Spawning I/O thread " + std::to_string(i) + 
                       " (suspends on kernel I/O)");

// 2. Unificar formatação de strings:
bidi::logging::log_info("Created CPU thread pool with " + 
                       std::to_string(cpu_threads) + " threads");

// 3. Melhor tratamento de exceções:
ThreadingContext::~ThreadingContext() {
    try {
        stop();
    } catch (const boost::system::system_error& e) {
        bidi::logging::log_error("~ThreadingContext boost::system error: " + 
                                std::string(e.what()));
    } catch (const std::exception& e) {
        bidi::logging::log_error("~ThreadingContext exception: " + 
                                std::string(e.what()));
    } catch (...) {
        bidi::logging::log_error("~ThreadingContext unknown exception");
    }
}

// 4. Join seguro com timeout:
void ThreadingContext::stop() {
    if (io_work_guard_.owns_work()) {
        bidi::logging::log_info("Stopping threading context with " +
                               std::to_string(io_threads_.size()) + " I/O threads...");
        
        // ... código existente ...
        
        // Stop CPU pool com timeout
        cpu_pool_->stop();
        if (cpu_pool_->joinable()) {  // Se disponível na implementação
            cpu_pool_->join();
        }
        
        bidi::logging::log_info("Threading context stopped successfully");
    }
}

// 5. Adicionar observabilidade:
#include "bidi/metrics.hpp"

// No construtor, após criação:
// metrics::increment_counter("threading_context_created");
// metrics::set_gauge("io_threads_count", io_threads);
// metrics::set_gauge("cpu_threads_count", cpu_threads);
```

## PONTOS POSITIVOS

1. **Arquitetura correta**: Usa `boost::asio::io_context` + `work_guard` + `strand` conforme especificado
2. **Threading model adequado**: Separa I/O threads (suspensivas) de CPU threads
3. **RAII compliance**: Destrutor chama `stop()` automaticamente
4. **Strand usage**: Cria `ws_strand_` para serialização WebSocket
5. **Resource management**: Usa `std::unique_ptr` para recursos gerenciados
6. **Logging apropriado**: Documenta operações críticas de start/stop
7. **Exception safety**: Try-catch no destrutor previne terminação
8. **Thread safety**: Design sem data races aparentes
9. **Memory efficiency**: Reserve de `io_threads_` evita realocações
10. **Clear separation**: I/O vs CPU threads bem separados conceitualmente

## SCORE FINAL: 7.5/10

**Justificativa:**
- **Conformidade arquitetura bidi-x (40%)**: 8.5/10 - Implementa corretamente o modelo de threading, strand para WS, zero busy-wait
- **Core Guidelines & P10 (30%)**: 7/10 - RAII adequado, mas `std::format` sem verificação e exception handling genérico
- **Performance & memória (20%)**: 7.5/10 - Design eficiente, mas concatenação manual de strings prejudica
- **Qualidade & testes (10%)**: 6/10 - Código limpo mas falta observabilidade e alguns edge cases

O arquivo implementa corretamente os fundamentos do modelo de threading do bidi-x, mas tem algumas questões de portabilidade e robustez que impedem uma nota mais alta. As correções sugeridas são relativamente simples e elevariam significativamente a qualidade.

Tokens: 30124

======================================================================
[53/76] bidi_timer_pool.cpp
======================================================================
## VIOLACOES CRITICAS

**VIOLAÇÃO 1 - Busy-wait/Polling (Linha 75-81):**
O timer wheel usa polling com `tick_timer_` que dispara em intervalos regulares (`tick_interval_`), violando a regra fundamental do projeto de "zero polling". Isso contradiz a arquitetura lazy e assíncrona canônica do bidi-x.

**VIOLAÇÃO 2 - Múltiplos async_wait concorrentes:**
O método `schedule_next_tick()` pode ser chamado enquanto outro `async_wait` ainda está ativo, violando a regra de "um async operation por vez".

## PROBLEMAS ALTA SEVERIDADE

**PROBLEMA 1 - Mutex em hot path (Linhas 35, 50, 95, 105):**
Uso de `std::mutex` para `stats_mutex_` em operações críticas viola o princípio de usar strand para serialização. Isso pode causar contention e false sharing.

**PROBLEMA 2 - Falta de strand (Todo o arquivo):**
Implementação não usa strand do Asio para garantir thread-safety, contrariando a arquitetura fundamental do projeto.

**PROBLEMA 3 - Exceções ignoradas silenciosamente (Linha 84):**
```cpp
} catch (...) {
    // Ignore handler exceptions to prevent timer wheel corruption
}
```
Viola as diretrizes de error handling com `std::error_code`.

## PROBLEMAS MEDIA SEVERIDADE

**PROBLEMA 1 - Atomic desnecessário (Linha 70):**
`running_.load()` em contexto single-threaded (dentro do strand) é desnecessário.

**PROBLEMA 2 - Cleanup ineficiente (Linhas 57-61):**
Lazy cleanup de timeouts cancelados durante `process_tick()` é ineficiente - deveria ser O(1).

**PROBLEMA 3 - Falta de const-correctness:**
Vários métodos que não modificam estado deveriam ser `const`.

## PROBLEMAS BAIXA SEVERIDADE

**PROBLEMA 1 - Naming inconsistente:**
`TimeoutId` e `TimeoutHandler` não seguem snake_case para types locais.

**PROBLEMA 2 - Missing [[nodiscard]]:**
`schedule_timeout` retorna valor importante que não deveria ser ignorado.

## SUGESTOES DE CORRECAO

**CORREÇÃO CRÍTICA - Substituir por deadline-based approach:**

```cpp
// Substituir timer wheel por deadline timer individual
class TimerManager {
    boost::asio::strand<boost::asio::io_context::executor_type> strand_;
    std::map<TimeoutId, std::shared_ptr<boost::asio::steady_timer>> active_timers_;
    
public:
    TimerManager(boost::asio::io_context& ioc) : strand_(ioc) {}
    
    [[nodiscard]] auto schedule_timeout(std::chrono::milliseconds duration,
                                       TimeoutHandler handler) -> TimeoutId {
        return boost::asio::dispatch(strand_, [=]() {
            auto id = next_id_++;
            auto timer = std::make_shared<boost::asio::steady_timer>(strand_);
            timer->expires_after(duration);
            
            timer->async_wait([this, id, handler = std::move(handler)]
                             (boost::system::error_code ec) {
                if (!ec) {
                    boost::asio::post(strand_, [=]() {
                        active_timers_.erase(id);
                        if (handler) handler(id);
                    });
                }
            });
            
            active_timers_[id] = timer;
            return id;
        });
    }
    
    void cancel_timeout(TimeoutId id) {
        boost::asio::dispatch(strand_, [this, id]() {
            if (auto it = active_timers_.find(id); it != active_timers_.end()) {
                it->second->cancel();
                active_timers_.erase(it);
            }
        });
    }
};
```

**CORREÇÃO - Error handling:**
```cpp
// Substituir try-catch por std::expected
auto process_handler(TimeoutHandler& handler, TimeoutId id) 
    -> std::expected<void, std::error_code> {
    try {
        handler(id);
        return {};
    } catch (const std::exception& e) {
        return std::unexpected(make_error_code(errc::handler_error));
    }
}
```

## PONTOS POSITIVOS

1. **Uso correto de unique_ptr** para RAII do timer (linha 13)
2. **Destructor defensivo** com try-catch para evitar exceptions
3. **Atomic para thread-safety** do controle de estado
4. **Stats collection** para observabilidade
5. **Proper cleanup** de recursos no destructor

## SCORE FINAL: 2/10

**Justificativa:**
- **Arquitetura (0/40%)**: Viola fundamentalmente o modelo assíncrono lazy do bidi-x com polling
- **Core Guidelines (6/30%)**: Algumas práticas corretas (RAII, unique_ptr) mas falha em error handling
- **Performance (2/20%)**: Mutex em hot path e polling degradam performance
- **Qualidade (4/10%)**: Código bem estruturado mas com decisões arquiteturais incorretas

**Recomendação**: REESCREVER completamente usando deadline timers individuais no strand, eliminando o conceito de "wheel" que introduz polling desnecessário.

Tokens: 30489

======================================================================
[54/76] lib.cpp
======================================================================
Analisando o projeto **bidi-x** baseado na documentação fornecida...

## ENTENDIMENTO DO PROJETO

Compreendi que o **bidi-x** é um cliente WebDriver BiDi minimalista em C++20/23 com foco em:

### Arquitetura Core
- **Event loop único**: `io_context` + `strand` para serializar operações WebSocket
- **Lazy by default**: operações só executam com terminal (`.finally`, `co_await`, `.sync`)
- **Timeout determinístico**: corrida operação × `steady_timer` 
- **RAII subscriptions**: `session.subscribe/unsubscribe` com refcount
- **Zero detach**: sem `std::thread().detach()`, usando thread pools quando necessário

### Performance Crítica
- **Fast-path parsing**: scan `id/method` sem DOM completo
- **PMR/Arena por frame**: `boost::json::monotonic_resource` para parse em bloco
- **Pools reutilizáveis**: buffers, timers, pending entries para reduzir alocações
- **Serialização segura**: `boost::json::serializer` (não stringify manual)
- **IDs seguros**: limite `2^53-1` para compatibilidade JavaScript

### Modelo Assíncrono
- **CompletionToken**: base Asio canônica + opcional `awaitable<T>`
- **DX funcional**: `Async<T>` lazy com `.map/.and_then/.on_error/.timeout/.retry`
- **Cancelamento cooperativo**: `steady_timer.cancel()` + `stop_token`

### Estrutura Modular
- `bidi::core`: tipos centrais, validação, build_command
- `bidi::threading`: strand, orquestração read/write
- `bidi::pools`: memory_pool, buffer_pool, timer_pool, etc.
- `bidi::commands/ids`: constantes 1:1 com spec W3C
- `SubscriptionManager`: RAII + auto-resubscribe após reconexão

---

## CODE REVIEW: src/lib.cpp

```cpp
#include "stdafx.hpp"
```

### VIOLACOES CRITICAS
Nenhuma (arquivo contém apenas include)

### PROBLEMAS ALTA SEVERIDADE
1. **Arquivo vazio funcional**: Apenas um include sem implementação concreta
2. **Include não padrão**: `stdafx.hpp` sugere padrão Visual Studio/Windows, pode quebrar portabilidade

### PROBLEMAS MEDIA SEVERIDADE  
1. **Ausência de namespace**: Deveria estar em namespace `bidi` ou similar conforme arquitetura
2. **Sem documentação**: Falta header comment explicando propósito do arquivo

### PROBLEMAS BAIXA SEVERIDADE
1. **Nome genérico**: `lib.cpp` não descreve funcionalidade específica
2. **Estrutura vazia**: Arquivo placeholder sem valor funcional atual

### SUGESTOES DE CORRECAO

**Opção 1 - Arquivo principal da biblioteca:**
```cpp
#pragma once

#include <memory>
#include <string_view>
#include <expected>
#include <boost/asio.hpp>
#include <boost/json.hpp>

namespace bidi {
    // Forward declarations
    class Client;
    class SubscriptionManager;
    
    // Library initialization
    std::expected<std::unique_ptr<Client>, std::error_code> 
    create_client(std::string_view websocket_url) noexcept;
    
    // Version info
    constexpr std::string_view version() noexcept { 
        return "1.0.0"; 
    }
}
```

**Opção 2 - Se for arquivo de configuração:**
```cpp
// BiDi-X Library Configuration and Exports
#include "WebDriverClient.hpp"
#include "bidi/core.hpp"
#include "bidi/commands.hpp"
#include "SubscriptionManager.hpp"

// Export main API for consumers
namespace bidi {
    // Re-export key types for convenience
    using Client = WebDriverClient;
    using core::id_type;
    using core::MAX_SAFE_ID;
}
```

### PONTOS POSITIVOS
1. **Estrutura limpa**: Não introduz complexidade desnecessária
2. **Include único**: Evita poluição de headers

### SCORE FINAL: 3/10

**Justificativa:**
- **Conformidade arquitetura (40%)**: 2/10 - Não implementa nenhum padrão do bidi-x
- **Core Guidelines (30%)**: 5/10 - Tecnicamente correto mas vazio
- **Performance (20%)**: N/A - Sem código para avaliar  
- **Qualidade (10%)**: 2/10 - Arquivo placeholder sem valor

**Recomendação**: Definir propósito claro do arquivo e implementar funcionalidade correspondente ou remover se desnecessário.

Tokens: 29222

======================================================================
[55/76] main.cpp
======================================================================
## VIOLACOES CRITICAS

**1. Violação de threading (linha 45-46):**
```cpp
static boost::asio::thread_pool blocking_pool{
    std::max(1U, std::thread::hardware_concurrency())};
```
Cria thread_pool estático global, mas não integra com o io_context principal. Thread_pool deve ser gerenciado pelo executor principal ou strand.

**2. Violação de modelo assíncrono (função maincode):**
A função `maincode()` usa operações síncronas bloqueantes (`browser.connect()`, `browser.get()`, `browser.waitElement()`) que violam o princípio assíncrono canônico do projeto. Deveria usar `co_await` ou handlers assíncronos.

## PROBLEMAS ALTA SEVERIDADE

**1. Uso incorreto de nlohmann/json (linha 13):**
```cpp
#include <nlohmann/json.hpp>
```
Projeto usa Boost.JSON como backend primário com PMR/arena. nlohmann_json não suporta PMR interno e vai contra a arquitetura de performance.

**2. Falta de strand na async_multi_try (linha 25-26):**
```cpp
template <class T, class Handler>
static void async_multi_try(boost::asio::io_context &ioc, /*...*/)
```
Não usa strand para serializar operações. Handler callbacks podem causar races.

**3. Captura por referência em lambda assíncrono (linha 51):**
```cpp
*attempt = [st, attempt, &ioc, func = std::move(func), max_time, handler]()
```
Captura `&ioc` por referência em lambda que pode outlive o escopo.

**4. Exceções em hot path (linha 66-67):**
```cpp
} catch (...) {
    auto now = std::chrono::steady_clock::now();
```
Usa exceções para controle de fluxo em retry logic, violando performance guidelines.

## PROBLEMAS MEDIA SEVERIDADE

**1. Função muito longa (async_multi_try, linhas 25-87):**
Função tem ~60 linhas, próxima do limite de 80 linhas, mas com lógica complexa demais para uma função.

**2. Sem early returns (linhas 100-105):**
```cpp
if (!dotenv.is_open()) {
    return;
}
std::string line;
while (std::getline(dotenv, line)) {
```
Poderia usar early return pattern mais claramente.

**3. Raw signal handlers (linha 118):**
```cpp
signal(SIGINT, interruptsignal);
```
Signal handlers não são async-safe. Deveria usar boost::asio::signal_set.

**4. Variável não utilizada (linha 129):**
```cpp
auto connect_res = browser.connect(args, "chrome");
```
Variável declarada mas não usada posteriormente.

## PROBLEMAS BAIXA SEVERIDADE

**1. Include desnecessário (linha 9):**
```cpp
#include <unistd.h>
```
Include POSIX específico, pode afetar portabilidade.

**2. Magic number (linha 57):**
```cpp
constexpr auto k_retry_delay_ms = std::chrono::milliseconds(100);
```
Deveria ser configurável ou documentado o motivo da escolha.

**3. Comentário inconsistente (linha 130):**
```cpp
WebDriver::json args = WebDriver::json::array(/*{"--headless"}*/);
```
Comentário indica código comentado, sugere incerteza.

## SUGESTOES DE CORRECAO

**1. Corrigir threading model:**
```cpp
// Em vez de thread_pool estático global
class AsyncMultiTry {
private:
    boost::asio::strand<boost::asio::io_context::executor_type> strand_;
    boost::asio::thread_pool& blocking_pool_;
    
public:
    template<typename T, typename Handler>
    void execute(std::function<T()> func, std::chrono::seconds max_time, Handler handler) {
        // Use strand_ para serializar operações
        boost::asio::dispatch(strand_, [this, func = std::move(func), max_time, handler]() mutable {
            // Implementação aqui
        });
    }
};
```

**2. Converter maincode para assíncrono:**
```cpp
boost::asio::awaitable<void> maincode_async() {
    auto browser = co_await create_webdriver();
    co_await browser.navigate("https://duckduckgo.com");
    auto search_box = co_await browser.wait_element("css", "input[name=q]", 10s);
    co_await browser.send_keys(search_box, "Hello, World!");
}

int main() {
    try {
        boost::asio::io_context ioc;
        boost::asio::co_spawn(ioc, maincode_async(), boost::asio::detached);
        ioc.run();
    } catch (const std::exception& e) {
        bidi::logging::log_error(std::string("Error: ") + e.what());
        return 1;
    }
    return 0;
}
```

**3. Usar Boost.JSON:**
```cpp
// Remover nlohmann/json, usar:
#include <boost/json.hpp>
// E definir WebDriver::json como boost::json::object ou boost::json::array
```

**4. Signal handling assíncrono:**
```cpp
void setup_signal_handling(boost::asio::io_context& ioc) {
    static boost::asio::signal_set signals(ioc, SIGINT, SIGTERM);
    signals.async_wait([&](auto, int signal) {
        bidi::logging::log_error("Interrupt signal (" + std::to_string(signal) + ") received.");
        ioc.stop();
    });
}
```

## PONTOS POSITIVOS

1. **Uso de constexpr para constantes temporais (linha 57):** Boa prática para valores constantes.
2. **RAII com smart pointers (linha 40-41):** Uso adequado de `std::shared_ptr` para gerenciar estado.
3. **[[maybe_unused]] nos parâmetros main (linha 149):** Suprime warnings apropriadamente.
4. **Carregamento de .env (load_dotenv):** Funcionalidade útil para configuração.
5. **Logging estruturado:** Usa o sistema de logging do projeto (bidi::logging).
6. **Tratamento de exceções no main:** Captura e loga exceções apropriadamente.

## SCORE FINAL: 3/10

**Justificativa:**
- **Conformidade com arquitetura bidi-x (40%): 2/10** - Viola princípios fundamentais: usa operações síncronas bloqueantes, não usa strand, usa nlohmann_json em vez de Boost.JSON
- **Adherência a Core Guidelines & P10 (30%): 4/10** - Usa RAII e smart pointers, mas viola threading guidelines e tem função muito complexa
- **Performance & memoria (20%): 2/10** - Thread_pool global estático, uso de exceções para controle de fluxo, backend JSON inadequado
- **Qualidade & testes (10%): 5/10** - Código razoavelmente limpo, mas sem testes e com alguns code smells

**Principais problemas:** Este arquivo parece ser um exemplo/demo que não segue a arquitetura assíncrona do projeto. Para um projeto focado em performance e modelo assíncrono canônico, usar operações síncronas bloqueantes é uma violação fundamental da filosofia do bidi-x.

Tokens: 31414

======================================================================
[56/76] test_new_bidi.cpp
======================================================================
## VIOLACOES CRITICAS
**Nenhuma** - O código não apresenta violações críticas que quebrariam o sistema.

## PROBLEMAS ALTA SEVERIDADE

1. **Linha 6**: Include `<iostream>` comentado mas não removido - gera noise no código
2. **Linhas 16-17**: Cliente sendo criado sem configuração de timeout ou políticas de retry - pode causar hang indefinido
3. **Linhas 19-77**: Cadeia de callbacks aninhados sem tratamento adequado de exceptions - pode gerar vazamentos de recursos se uma exception escapar
4. **Linha 77**: `ioc.run()` sem work guard - pode terminar prematuramente se não houver trabalho pendente

## PROBLEMAS MEDIA SEVERIDADE

1. **Linhas 21-29**: Tratamento de erro verbose e repetitivo - viola DRY principle
2. **Linhas 44-49**: Mesmo padrão de tratamento de erro repetido
3. **Linha 58**: String concatenation com `+` pode causar múltiplas alocações
4. **Linha 65**: Mesmo problema de concatenação de strings
5. **Linhas 30-76**: Callbacks aninhados profundamente - dificulta manutenibilidade (callback hell)

## PROBLEMAS BAIXA SEVERIDADE

1. **Linha 10**: Namespace alias `net` é desnecessário para um uso simples
2. **Linha 82**: Log de "Test completed" pode nunca executar devido ao `ioc.stop()` nas callbacks
3. **Linha 84-87**: Exception handling genérico demais - perde contexto específico

## SUGESTOES DE CORRECAO

```cpp
// test_new_bidi.cpp — Test program for new BiDi Core architecture
#include "bidi/client.hpp"
#include "bidi/logging.hpp"
#include <boost/asio.hpp>

int main() {
    try {
        boost::asio::io_context ioc;
        
        // Add work guard to prevent premature termination
        auto work_guard = boost::asio::make_work_guard(ioc);

        bidi::logging::log_info("Testing new BiDi Core architecture...");

        // Test with timeout and error handling
        auto client_task = bidi::Client::connect(ioc, "ws://localhost:9222/devtools/browser")
            .timeout(std::chrono::seconds{10});

        // Use and_then for cleaner chaining instead of nested callbacks
        auto test_flow = client_task
            .and_then([](auto client) {
                bidi::logging::log_info("Client connected successfully");
                return client->create_context(bidi::commands::browsing_context::CreateType::tab);
            })
            .and_then([](auto context_id) {
                bidi::logging::log_info("Created context: " + context_id);
                // Avoid string concatenation, use structured logging
                return std::make_pair(context_id, context_id);
            })
            .and_then([](auto ctx_pair) {
                auto [client, context_id] = ctx_pair;
                return client->navigate(context_id, "https://example.com");
            })
            .on_error([](std::error_code ec) {
                bidi::logging::log_error("Test flow failed", ec);
                return std::string{}; // Return empty for error case
            });

        test_flow.finally([&work_guard](auto result_opt, auto ec_opt, auto ep) {
            if (result_opt && !result_opt->empty()) {
                bidi::logging::log_info("Navigated to: " + *result_opt);
            }
            work_guard.reset(); // Allow io_context to stop
        });

        // Run event loop
        ioc.run();
        bidi::logging::log_info("Test completed");

    } catch (const bidi::BiDiException& e) {
        bidi::logging::log_error("BiDi Exception", e.error_code());
        return 1;
    } catch (const std::exception& e) {
        bidi::logging::log_error("Standard Exception: " + std::string{e.what()});
        return 1;
    }

    return 0;
}
```

## PONTOS POSITIVOS

1. **Arquitetura lazy correta**: Uso adequado de `.finally()` como terminal para materializar operações
2. **Tratamento de erro estruturado**: Verifica `ec_opt`, `ep` e valores opcionais consistentemente
3. **RAII implícito**: Não há vazamentos óbvios de recursos
4. **Nomes descritivos**: Variáveis como `client_task`, `create_task`, `nav_task` são claros
5. **Uso correto de io_context**: Padrão Asio/Beast seguido adequadamente
6. **Logging estruturado**: Usa sistema de logging do projeto em vez de cout/cerr
7. **Exception safety**: Try-catch no main previne crashes

## SCORE FINAL: 6.5/10

**Justificativa:**
- **Conformidade com arquitetura (40%)**: 7/10 - Segue padrões lazy e terminais, mas falta configuração de timeout e work guard
- **Adherência a Core Guidelines (30%)**: 6/10 - RAII presente, mas callback hell e tratamento repetitivo de erro
- **Performance & memória (20%)**: 6/10 - String concatenation desnecessária, mas sem vazamentos graves
- **Qualidade & testes (10%)**: 7/10 - Estrutura clara, mas poderia ser mais limpa com and_then

**Principais melhorias necessárias:**
1. Adicionar work guard para controle adequado do io_context
2. Refatorar callbacks aninhados para composição funcional com `.and_then()`
3. Configurar timeouts explícitos para operações de rede
4. Remover código comentado desnecessário
5. Evitar concatenação de strings em hot paths

Tokens: 30257

======================================================================
[57/76] bidi_builders_test.cpp
======================================================================
Analisando o arquivo `tests/bidi_builders_test.cpp` conforme as regras de code review do projeto bidi-x...

## VIOLAÇÕES CRÍTICAS
Nenhuma

## PROBLEMAS ALTA SEVERIDADE
Nenhum

## PROBLEMAS MÉDIA SEVERIDADE

1. **Linha 11-12**: Conversão desnecessária `std::string()` pode ser eliminada:
```cpp
// Atual
std::vector<std::string> events = {
    std::string(bidi::ids::events::log_entryAdded),
    std::string(bidi::ids::events::net_beforeRequestSent)};

// Sugerido
std::vector<std::string> events = {
    bidi::ids::events::log_entryAdded,
    bidi::ids::events::net_beforeRequestSent};
```

2. **Linha 97**: Alias desnecessário `BC` criado mas usado apenas uma vez:
```cpp
// Remover namespace alias e usar diretamente
EXPECT_EQ(to_string(browsing_context::CreateType::tab), "tab");
```

## PROBLEMAS BAIXA SEVERIDADE

1. **Inconsistência de formatação**: Algumas linhas têm espaçamento inconsistente entre parâmetros de função.

2. **Linha 74-76**: Headers hardcoded poderiam usar constantes:
```cpp
// Atual
boost::json::object hdrs;
hdrs["X"] = "Y";

// Sugerido
boost::json::object hdrs;
hdrs["X-Custom-Header"] = "test-value"; // nome mais descritivo
```

## SUGESTÕES DE CORREÇÃO

```cpp
// Otimização das conversões de string
TEST(BidiBuilders, SessionSubscribeUnsubscribeStatus) {
    const std::vector<std::string> events{
        bidi::ids::events::log_entryAdded,
        bidi::ids::events::net_beforeRequestSent
    };
    const std::vector<std::string> ctxs{"CTX1", "CTX2"};
    
    const auto sub = session::subscribe(events, ctxs);
    ASSERT_TRUE(sub.if_contains("events"));
    ASSERT_TRUE(sub["events"].is_array());
    EXPECT_EQ(sub["events"].as_array().size(), 2U);
    ASSERT_TRUE(sub.if_contains("contexts"));
    EXPECT_EQ(sub["contexts"].as_array().size(), 2U);

    const auto unsub = session::unsubscribe(events, {});
    ASSERT_TRUE(unsub.if_contains("events"));
    EXPECT_FALSE(unsub.if_contains("contexts"));

    const auto st = session::status();
    EXPECT_TRUE(st.empty());
}

// Remoção do alias desnecessário
TEST(BidiBuilders, EnumAndLocalValues) {
    EXPECT_EQ(to_string(browsing_context::CreateType::tab), "tab");
    EXPECT_EQ(to_string(browsing_context::CreateType::window), "window");
    // ... resto permanece igual
}
```

## PONTOS POSITIVOS

1. **Cobertura de testes excelente**: Testa todos os builders principais (session, browsing_context, script, network)
2. **Uso correto de tipos fortes**: Utiliza enums tipados (`CreateType::tab`, `ReadinessState::interactive`)  
3. **Validação completa de JSON**: Verifica tanto estrutura quanto valores dos objetos JSON construídos
4. **Nomes descritivos**: Nomes de testes são claros e explicativos
5. **Teste de edge cases**: Inclui casos como contextos vazios em `unsubscribe`
6. **Uso de constantes canônicas**: Usa `bidi::ids::events::*` em vez de strings hardcoded
7. **Verificação de tipos JSON**: Valida `is_array()`, `is_double()`, etc.
8. **Testes determinísticos**: Não dependem de I/O ou timing
9. **Estrutura organizada**: Agrupa testes por funcionalidade (Session, BrowsingContext, etc.)
10. **Validação de valores locais**: Testa adequadamente `local_value_*` functions

## SCORE FINAL: 8.5/10

**Justificativa:**
- **Conformidade arquitetura bidi-x (40%)**: 9/10 - Usa corretamente constantes canônicas, builders tipados, sem violações do modelo assíncrono
- **Adherência Core Guidelines (30%)**: 8/10 - Const-correctness pode melhorar, mas sem violações graves
- **Performance & memória (20%)**: 8/10 - Conversões desnecessárias, mas sem vazamentos ou problemas críticos
- **Qualidade & testes (10%)**: 9/10 - Excelente cobertura e estrutura de testes

O arquivo está muito bem estruturado e segue as práticas do projeto. Os problemas identificados são menores e facilmente corrigíveis. É um exemplo sólido de como escrever testes para builders do protocolo BiDi.

Tokens: 31197

======================================================================
[58/76] bidi_client_spec_test.cpp
======================================================================
Entendi perfeitamente o projeto **bidi-x**. Após ler todos os arquivos de documentação, compreendo que se trata de um cliente WebDriver BiDi minimalista em C++20/23 com foco em:

- **Modelo assíncrono canônico** (Boost.Asio/Beast) com event loop único e strand
- **Lazy evaluation** total (nada executa sem terminal)
- **Alto desempenho CPU/RAM** com PMR/arenas, fast-path parsing, pools de recursos
- **Zero busy-wait/polling** e timeout determinístico via corrida operação×timer
- **RAII para subscriptions** com refcount e auto-resubscribe
- **Conformidade estrita** à spec W3C WebDriver BiDi

Agora vou fazer o code review do arquivo `tests/bidi_client_spec_test.cpp`:

---

## VIOLAÇÕES CRÍTICAS
Nenhuma

## PROBLEMAS ALTA SEVERIDADE

1. **Linha 13**: Uso de `auto` em retorno de função sem trailing return type específico pode causar ambiguidade em alguns contextos. Deveria ser `std::string` explícito.

2. **Linha 46**: Dependência direta de `boost::json::serialize()` sem usar o mecanismo de serialização padronizado do projeto (que deveria usar `boost::json::serializer` conforme arquitetura).

## PROBLEMAS MÉDIA SEVERIDADE

1. **Linha 14**: Função `make_success_response` não é `constexpr` nem `[[nodiscard]]`, perdendo oportunidades de otimização.

2. **Linha 25**: Função `make_error_response` com parâmetros default não utiliza const-ref para strings.

3. **Linha 35**: Função `make_event` também deveria ser `[[nodiscard]]`.

4. **Linha 42**: Namespace anônimo poderia ser substituído por `static` para funções locais, seguindo convenções modernas.

5. **Linha 52**: Cast explícito `static_cast<std::int64_t>(id)` repetido em múltiplas funções - deveria ser abstraído.

## PROBLEMAS BAIXA SEVERIDADE

1. **Linha 46**: Comentário "Helper para construir JSON bruto simples" poderia ser mais específico sobre por que não usa o serializer padrão.

2. **Linha 89**: String literal R"()" poderia usar formatação mais consistente.

3. **Linha 95**: Mensagens de erro poderiam incluir mais contexto diagnóstico.

## SUGESTÕES DE CORREÇÃO

```cpp
namespace {

// Helper especializado para testes - usa serialize direto por simplicidade
// Em produção, usar boost::json::serializer conforme arquitetura
[[nodiscard]] static auto make_success_response(
    id_type id, 
    const boost::json::object& result = {}) -> std::string {
    
    boost::json::object o;
    o["id"] = static_cast<std::int64_t>(id);
    o["type"] = "success";
    o["result"] = result;
    return boost::json::serialize(o);
}

[[nodiscard]] static auto make_error_response(
    id_type id,
    const std::string& code = "invalid argument",
    const std::string& msg = "bad") -> std::string {
    
    boost::json::object o;
    o["id"] = static_cast<std::int64_t>(id);
    o["type"] = "error";
    o["error"] = code;
    o["message"] = msg;
    return boost::json::serialize(o);
}

[[nodiscard]] static auto make_event(
    const std::string& method,
    const boost::json::object& params = {}) -> std::string {
    
    boost::json::object o;
    o["type"] = "event";
    o["method"] = method;
    o["params"] = params;
    return boost::json::serialize(o);
}

} // namespace
```

## PONTOS POSITIVOS

1. **Conformidade com spec**: Testes cobrem exatamente os 4 tipos de mensagem BiDi (command, success, error, event) conforme W3C.

2. **Validação rigorosa**: Testes verificam rejeição de mensagens off-spec (sem `type`), forçando conformidade.

3. **Fast-path testing**: Teste `DetectMessageKindFastPath` valida o roteamento otimizado sem DOM completo.

4. **Uso correto de IDs**: IDs ficam dentro do range seguro (42, 7, 2) evitando problemas IEEE-754.

5. **Nomes canônicos**: Usa `bidi::ids::events::log_entryAdded` em vez de strings soltas.

6. **Error messages descritivas**: Mensagens de teste explicam por que falhas devem ocorrer.

7. **Estrutura clara**: Separação lógica entre helpers e testes efetivos.

8. **Coverage essencial**: Cobre parsing de sucesso, erro, evento e detecção de tipo.

## SCORE FINAL: 8.5/10

**Justificativa:**
- **Conformidade arquitetural (40%)**: 9/10 - Segue spec BiDi rigorosamente, usa tipos corretos, testa fast-path
- **Core Guidelines (30%)**: 8/10 - Boa estrutura geral, mas falta const-ref e [[nodiscard]] em alguns pontos
- **Performance (20%)**: 8/10 - Não introduz overhead desnecessário, testa roteamento otimizado
- **Qualidade/Testes (10%)**: 9/10 - Cobertura excelente dos casos críticos, mensagens claras

O arquivo demonstra sólido entendimento da spec BiDi e testa adequadamente a conformidade do parser. Os problemas identificados são principalmente de polish (const-correctness, atributos) sem impacto funcional crítico.

Tokens: 30791

======================================================================
[59/76] bidi_compile_test.cpp
======================================================================
Entendi perfeitamente o projeto **bidi-x**! 

## RESUMO DO ENTENDIMENTO

O **bidi-x** é um cliente WebDriver BiDi minimalista em C++20/23 com foco em:

**Arquitetura Core:**
- Event loop único (io_context + strand) com fila serializada de writes
- Operações lazy (materializam apenas no terminal: .finally, co_await)
- Timeout determinístico via corrida operação × steady_timer
- Zero busy-wait, zero detach(), cancelamento cooperativo
- RAII para subscriptions com refcount e auto-resubscribe

**Performance Agressiva:**
- Fast-path no roteamento (scan id/method sem DOM)
- PMR/arena por frame para parsing
- Pools de buffers/timers/pending para minimizar alocações
- Serialização via boost::json::serializer (não stringify manual)
- IDs seguros (≤ 2^53-1) para compatibilidade JS

**DX Moderna:**
- API funcional/monádica (map, and_then, timeout, retry)
- Suporte opcional a corrotinas C++20
- Preparação para Senders/Receivers C++26
- Erros tipados (std::error_code + ErrorDetail)

Agora vou proceder com o code review do arquivo `tests/bidi_compile_test.cpp`:

---

## VIOLACOES CRITICAS
Nenhuma

## PROBLEMAS ALTA SEVERIDADE
Nenhum

## PROBLEMAS MEDIA SEVERIDADE

**Linha 6-18: Falta de validação de estado e cleanup explícito**
- O teste não verifica se os componentes foram construídos em estado válido
- Não há cleanup explícito do io_context, podendo deixar handlers pendentes

**Linha 9-15: Construção sem validação de dependências**
- Não verifica se o WebSocketClient foi inicializado corretamente
- Não testa se a cadeia de dependências (ws_client → session → client) está íntegra

## PROBLEMAS BAIXA SEVERIDADE

**Linha 8: Variável poderia ser const**
- `ioc` não é modificado após construção, poderia ser `const`

**Linha 19: Comentário verbose desnecessário**
- SUCCEED() já indica sucesso; comentário adicional é redundante

**Linha 5: Using namespace em header de teste**
- Embora aceitável em testes, viola boas práticas de namespace pollution

## SUGESTOES DE CORRECAO

```cpp
#include "bidi/client.hpp"
#include <gtest/gtest.h>

TEST(BidiCompileTest, ConstructCoreComponents) {
    boost::asio::io_context ioc;
    {
        // Teste construção e estado válido dos componentes
        auto ws_client = std::make_shared<bidi::core::WebSocketClient>(ioc);
        EXPECT_NE(ws_client, nullptr);
        EXPECT_TRUE(ws_client->is_valid()); // assumindo método de validação
        
        auto session = std::make_shared<bidi::core::BiDiSession>(ws_client);
        EXPECT_NE(session, nullptr);
        EXPECT_EQ(session->get_client(), ws_client); // verifica dependência
        
        auto client = std::make_shared<bidi::Client>(session);
        EXPECT_NE(client, nullptr);
        EXPECT_EQ(client->get_session(), session); // verifica cadeia
        
        // Cleanup explícito para garantir ordem de destruição
        client.reset();
        session.reset();
        ws_client.reset();
    }
    
    // Garantir que io_context está limpo
    EXPECT_EQ(ioc.poll(), 0u); // nenhum handler pendente
}
```

## PONTOS POSITIVOS

1. **Scope-based cleanup**: Uso correto de escopo para forçar destruição determinística
2. **Shared_ptr apropriado**: Uso correto de shared_ptr para gerenciamento de dependências
3. **Comentário técnico**: Explicação clara sobre prevenção de leaks sob ASan
4. **Teste focused**: Objetivo claro - verificar compilação e construção básica
5. **Prevenção de handlers pendentes**: Consciência sobre problema comum em testes Asio
6. **Estrutura simples**: Teste direto sem complexidade desnecessária

## SCORE FINAL: 7.5/10

**Justificativa:**
- **Arquitetura (40%)**: 8/10 - Respeita modelo assíncrono, mas não testa integridade da cadeia
- **Core Guidelines (30%)**: 8/10 - RAII correto, shared_ptr apropriado, mas falta const-correctness
- **Performance (20%)**: 7/10 - Não há problemas de performance, mas não testa aspectos críticos
- **Qualidade (10%)**: 6/10 - Teste funcional mas básico, poderia ser mais robusto

O teste cumpre seu propósito básico de verificação de compilação, mas poderia ser mais rigoroso na validação de estado e dependências dos componentes construídos.

Tokens: 29555

======================================================================
[60/76] bidi_core_corrections_test.cpp
======================================================================
## VIOLACOES CRITICAS
Nenhuma

## PROBLEMAS ALTA SEVERIDADE
Nenhuma

## PROBLEMAS MEDIA SEVERIDADE

**Linha 8-12**: Uso de string literal raw sem verificação de encoding
```cpp
std::string response_json =
    R"({"id": -1, "type": "success", "result": {}})";
```
- **Problema**: Strings JSON hardcoded podem ter problemas de encoding ou caracteres especiais
- **Impacto**: Potencial falha de parsing em cenários edge case

**Linha 16-21**: ID como string não valida se é numérico válido
```cpp
std::string response_json = R"({
    "id": "9007199254740992",
    "type": "success", 
    "result": {}
})";
```
- **Problema**: Aceita qualquer string como ID, não valida se representa número válido
- **Impacto**: Pode aceitar IDs inválidos como "abc" ou "12.34"

## PROBLEMAS BAIXA SEVERIDADE

**Linha 45**: Hardcoded string em teste pode ser constexpr
```cpp
std::string response_with_event_text = R"({...})";
```
- **Problema**: String poderia ser `constexpr` para melhor performance
- **Impacto**: Alocação desnecessária em runtime

**Linha 67**: Comentário poderia ser mais específico
```cpp
// Teste: Resposta de sucesso sem result deve ter result vazio
```
- **Problema**: Não explica por que este comportamento é esperado segundo a spec BiDi
- **Impacto**: Documentação incompleta para futuros mantenedores

## SUGESTOES DE CORRECAO

**1. Usar constexpr para strings de teste:**
```cpp
constexpr std::string_view response_json = 
    R"({"id": -1, "type": "success", "result": {}})";
auto parsed = parse_response(std::string{response_json});
```

**2. Adicionar validação de ID string numérico:**
```cpp
TEST(BidiCoreCorrections, ParseInvalidStringID) {
    std::string response_json = R"({
        "id": "not_a_number",
        "type": "success", 
        "result": {}
    })";
    auto parsed = parse_response(response_json);
    EXPECT_FALSE(parsed.has_value()) << "Invalid string ID should be rejected";
}
```

**3. Melhorar comentários com referência à spec:**
```cpp
// Teste: Resposta de sucesso sem result deve ter result vazio (W3C BiDi spec)
// Conforme seção 2.3.2: result é opcional em success responses
```

**4. Adicionar teste para edge case de encoding:**
```cpp
TEST(BidiCoreCorrections, ParseResponseWithUnicodeContent) {
    std::string response_json = R"({
        "id": 1,
        "type": "success", 
        "result": {"message": "测试 unicode content"}
    })";
    auto parsed = parse_response(response_json);
    ASSERT_TRUE(parsed.has_value());
    // Validar que unicode foi preservado corretamente
}
```

## PONTOS POSITIVOS

1. **Cobertura abrangente**: Testes cobrem casos importantes como IDs negativos, IDs grandes, stacktrace e detecção de falsos positivos
2. **Nomes descritivos**: Nomes de testes seguem convenção clara `ParseXxxWithYyy`
3. **Uso correto de ASSERT/EXPECT**: Diferencia corretamente entre falhas fatais (ASSERT) e verificações (EXPECT)
4. **Teste de edge cases**: Inclui cenários como result inválido e ausente
5. **Validação de comportamento spec**: Testa conformidade com protocolo BiDi (IDs negativos rejeitados)
6. **Estrutura limpa**: Cada teste foca em um aspecto específico
7. **Uso adequado de raw strings**: Facilita leitura do JSON de teste
8. **Verificação de stacktrace**: Importante para debugging de erros do browser

## SCORE FINAL: 8.5/10

**Justificativa:**
- **Conformidade arquitetura (40%)**: 9/10 - Testes validam corretamente o parsing e detecção de mensagens BiDi
- **Core Guidelines (30%)**: 8/10 - Código limpo mas pode usar constexpr e validação mais rigorosa  
- **Performance (20%)**: 8/10 - Strings poderiam ser constexpr, mas impacto é mínimo em testes
- **Qualidade testes (10%)**: 9/10 - Cobertura excelente de casos edge e comportamento esperado

**Resumo**: Arquivo de teste bem estruturado que valida aspectos críticos do parsing BiDi. Principais melhorias seriam usar constexpr para strings, adicionar validação mais rigorosa de IDs string e melhorar documentação dos comentários. Nenhuma violação crítica ou problema de alta severidade identificado.

Tokens: 30161

======================================================================
[61/76] bidi_message_test.cpp
======================================================================
Analisando o arquivo `tests/bidi_message_test.cpp` seguindo as regras de code review para bidi-x...

## VIOLACOES CRITICAS
Nenhuma

## PROBLEMAS ALTA SEVERIDADE
**1. Inconsistência de includes (linha 3)**
- O include `"bidi_methods.hpp"` não está no diretório `bidi/` como os outros
- Deveria ser `"bidi/bidi_methods.hpp"` ou verificar se está correto conforme estrutura

**2. Uso de string concatenação desnecessária (linhas 28-31)**
- Concatenação de strings em tempo de execução quando poderia ser compile-time
- Impacta performance em testes que podem rodar milhares de vezes

## PROBLEMAS MEDIA SEVERIDADE
**3. Falta de validação de edge cases**
- Não testa IDs no limite (0, valores negativos se aplicável)
- Não testa mensagens malformadas ou JSON inválido
- Não testa eventos sem parâmetros obrigatórios

**4. Nomes de testes poderiam ser mais descritivos**
- `BuildAndDetect` → `BuildCommandAndDetectMessageKind`
- `ParseResponse` → `ParseSuccessResponse`

**5. Falta de testes para cenários de erro**
- Não testa `parse_response` com JSON malformado
- Não testa `parse_event` com campos ausentes
- Não testa `build_command` com parâmetros inválidos

## PROBLEMAS BAIXA SEVERIDADE
**6. Formatação inconsistente**
- Linha 19: espaçamento inconsistente ao redor do operador
- Poderia usar formatação mais consistente para JSON strings

**7. Comentários poderiam ser mais informativos**
- Comentário da linha 26 repete o que o código já expressa
- Faltam comentários explicando *por que* 9007199254740991 é o limite

## SUGESTOES DE CORRECAO

```cpp
#include "bidi/commands.hpp"
#include "bidi/core.hpp"
#include "bidi/bidi_methods.hpp" // Corrigir path se necessário
#include <gtest/gtest.h>

using namespace bidi::core;

TEST(BidiMessage, IsIdSafeValidatesJavaScriptSafeIntegers) {
    // JavaScript safe integer range: -(2^53-1) to 2^53-1
    EXPECT_TRUE(is_id_safe(0));
    EXPECT_TRUE(is_id_safe(1));
    EXPECT_TRUE(is_id_safe(9007199254740991ULL)); // 2^53-1 (MAX_SAFE_INTEGER)
    EXPECT_FALSE(is_id_safe(9007199254740992ULL)); // 2^53 (beyond safe range)
}

TEST(BidiMessage, BuildCommandAndDetectMessageKind) {
    auto command_msg = build_command(42, "session.new",
                                     {{"capabilities", boost::json::object{}}});
    auto kind = detect_message_kind(command_msg);
    EXPECT_EQ(kind, MessageKind::Command);
}

TEST(BidiMessage, ParseSuccessResponse) {
    constexpr std::string_view response_json =
        R"({"id":42,"type":"success","result":{"sessionId":"test-session"}})";
    
    auto parsed = parse_response(response_json);
    EXPECT_TRUE(parsed.has_value());
    ASSERT_TRUE(parsed->is_success);
    EXPECT_EQ(parsed->id, 42);
    ASSERT_TRUE(parsed->result.if_contains("sessionId"));
    EXPECT_EQ(parsed->result["sessionId"].as_string(), "test-session");
}

TEST(BidiMessage, ParseEventWithLogEntry) {
    constexpr std::string_view event_template = 
        R"({"type":"event","method":"log.entryAdded","params":{"level":"info","text":"test"}})";
    
    auto parsed = parse_event(event_template);
    EXPECT_TRUE(parsed.has_value());
    EXPECT_EQ(parsed->method, bidi::ids::events::log_entryAdded);
    EXPECT_TRUE(parsed->params.if_contains("level"));
    EXPECT_TRUE(parsed->params.if_contains("text"));
}

TEST(BidiMessage, ParseErrorResponseWithDetails) {
    constexpr std::string_view error_json =
        R"({"id":7,"type":"error","error":"invalid argument","message":"bad param"})";
    
    auto parsed = parse_response(error_json);
    EXPECT_TRUE(parsed.has_value());
    EXPECT_FALSE(parsed->is_success);
    EXPECT_EQ(parsed->id, 7);
    EXPECT_EQ(parsed->error_code, "invalid argument");
    EXPECT_EQ(parsed->error_message, "bad param");
}

// Testes de robustez adicionais recomendados
TEST(BidiMessage, ParseMalformedJsonReturnsNullopt) {
    constexpr std::string_view malformed_json = R"({"id":42,"type":})";
    auto parsed = parse_response(malformed_json);
    EXPECT_FALSE(parsed.has_value());
}

TEST(BidiMessage, BuildCommandWithEmptyParams) {
    auto command = build_command(1, "session.status", boost::json::object{});
    auto kind = detect_message_kind(command);
    EXPECT_EQ(kind, MessageKind::Command);
}
```

## PONTOS POSITIVOS

1. **Uso correto de constantes canônicas**: Utiliza `bidi::ids::events::log_entryAdded` em vez de string literal
2. **Testes focados**: Cada teste tem responsabilidade única e clara
3. **Validação de ID seguro**: Testa corretamente o limite JavaScript (2^53-1)
4. **Uso de ASSERT_TRUE/EXPECT_TRUE**: Diferencia adequadamente falhas fatais de não-fatais
5. **Cobertura de cenários principais**: Testa comando, resposta de sucesso, evento e resposta de erro
6. **Uso de raw string literals**: Evita escaping manual de JSON
7. **Namespace usage**: Uso apropriado de `using namespace` em escopo de teste

## SCORE FINAL: 7.5/10

**Justificativa:**
- **Conformidade com arquitetura bidi-x (40%)**: 8/10 - Usa constantes canônicas, testa ID seguro, mas falta robustez em edge cases
- **Aderência a Core Guidelines & P10 (30%)**: 8/10 - Código limpo, RAII implícito, mas poderia melhorar eficiência de strings
- **Performance & memória (20%)**: 6/10 - Concatenação de string desnecessária, mas em contexto de teste é aceitável
- **Qualidade & testes (10%)**: 7/10 - Testes focados mas faltam edge cases e cenários de erro

O código está bem estruturado e segue as práticas principais do projeto, mas precisa de melhorias em robustez de testes e pequenos ajustes de performance/consistência.

Tokens: 30541

======================================================================
[62/76] bidi_parsing_negative_test.cpp
======================================================================
## VIOLACOES CRITICAS
Nenhuma

## PROBLEMAS ALTA SEVERIDADE
Nenhum identificado

## PROBLEMAS MEDIA SEVERIDADE

**Linha 8**: Uso direto de `using namespace bidi::core` em escopo global
- Pode causar poluição do namespace em testes mais complexos
- Melhor prática seria usar declarations específicas ou qualificação completa

**Linhas 12-22**: Strings JSON hardcoded sem validação de formato
- Embora seja um teste, strings malformadas poderiam mascarar bugs na função `detect_message_kind`
- Falta teste com JSON completamente inválido (syntax error)

## PROBLEMAS BAIXA SEVERIDADE

**Linha 25**: Comentário "Unknown (missing id for command semantics)" poderia ser mais claro
- Sugere documentar melhor o comportamento esperado para casos edge

**Linha 27**: Teste com JSON vazio "{}" poderia incluir mais variações
- Adicionar testes com strings completamente inválidas, null, arrays, etc.

**Linha 31**: Comentário "allowed but we check fields empty" indica comportamento não óbvio
- Sugere que a especificação BiDi permite campos opcionais, mas merece documentação

## SUGESTOES DE CORRECAO

```cpp
#include "bidi/core.hpp"
#include <gtest/gtest.h>

// Uso mais específico do namespace
using bidi::core::detect_message_kind;
using bidi::core::parse_response; 
using bidi::core::parse_event;
using bidi::core::MessageKind;

TEST(BidiParsingNegative, DetectMessageKindVariants) {
    // Response success
    EXPECT_EQ(detect_message_kind(R"({"id":1,"type":"success"})"),
              MessageKind::Response);
    // Response error  
    EXPECT_EQ(detect_message_kind(R"({"id":2,"type":"error"})"),
              MessageKind::Response);
    // Event
    EXPECT_EQ(detect_message_kind(R"({"type":"event","method":"log.entryAdded"})"),
              MessageKind::Event);
    // Command
    EXPECT_EQ(detect_message_kind(R"({"id":3,"method":"browsingContext.create"})"),
              MessageKind::Command);
    // Unknown - method without id (invalid command)
    EXPECT_EQ(detect_message_kind(R"({"method":"test"})"), MessageKind::Unknown);
    // Unknown - empty object
    EXPECT_EQ(detect_message_kind("{}"), MessageKind::Unknown);
    
    // Adicionar testes com JSON inválido
    EXPECT_EQ(detect_message_kind("invalid json"), MessageKind::Unknown);
    EXPECT_EQ(detect_message_kind("null"), MessageKind::Unknown);
    EXPECT_EQ(detect_message_kind("[]"), MessageKind::Unknown);
}

TEST(BidiParsingNegative, ParseResponseInvalidCases) {
    // Missing id - violates BiDi spec requirement
    EXPECT_FALSE(parse_response(R"({"type":"success","result":{}})"));
    
    // Missing type - cannot determine success/error
    EXPECT_FALSE(parse_response(R"({"id":1,"result":{}})"));
    
    // Unknown type - not "success" or "error" 
    EXPECT_FALSE(parse_response(R"({"id":1,"type":"unknown"})"));
    
    // Error response with missing error fields (spec allows optional fields)
    auto err = parse_response(R"({"id":2,"type":"error"})");
    ASSERT_TRUE(err.has_value());
    EXPECT_FALSE(err->is_success);
    EXPECT_TRUE(err->error_code.empty());
    EXPECT_TRUE(err->error_message.empty());
    
    // Success response with missing result (spec allows empty result)
    auto ok = parse_response(R"({"id":3,"type":"success"})");
    ASSERT_TRUE(ok.has_value()); 
    EXPECT_TRUE(ok->is_success);
    EXPECT_TRUE(ok->result.empty());
}

TEST(BidiParsingNegative, ParseEventInvalidCases) {
    // Missing type field - cannot identify as event
    EXPECT_FALSE(parse_event(R"({"method":"log.entryAdded"})"));
    
    // Wrong type value - not "event"
    EXPECT_FALSE(parse_event(R"({"type":"success","method":"log.entryAdded"})"));
    
    // Missing method - event must have method name
    EXPECT_FALSE(parse_event(R"({"type":"event"})"));
    
    // Invalid JSON syntax
    EXPECT_FALSE(parse_event("invalid json"));
}
```

## PONTOS POSITIVOS

1. **Cobertura abrangente**: Testa todos os casos principais de `MessageKind` (Response, Event, Command, Unknown)

2. **Casos edge apropriados**: Incluí cenários como campos ausentes, tipos incorretos, objetos vazios

3. **Uso correto de gtest**: Aplica `EXPECT_EQ`, `EXPECT_FALSE`, `ASSERT_TRUE` apropriadamente

4. **Validação de comportamento opcional**: Testa campos opcionais da spec BiDi corretamente

5. **Estrutura clara**: Testes bem organizados por funcionalidade (DetectMessageKind, ParseResponse, ParseEvent)

6. **Aderência ao protocolo BiDi**: Valida shape correto das mensagens conforme especificação W3C

7. **Teste de parsing robusto**: Verifica que funções falham graciosamente com entrada inválida

8. **Comentários explicativos**: Documenta comportamentos não óbvios (campos opcionais)

## SCORE FINAL: 8.5/10

**Justificativa:**
- **Conformidade arquitetura bidi-x (40%)**: 9/10 - Testa corretamente as funções de parsing core, valida protocolo BiDi
- **Core Guidelines & P10 (30%)**: 8/10 - Boa estrutura, poderia melhorar namespace usage
- **Performance & memoria (20%)**: 8/10 - Testes são leves, não identificados problemas de performance
- **Qualidade & testes (10%)**: 9/10 - Cobertura excelente de casos edge e negativos

O arquivo demonstra bom entendimento do protocolo BiDi e testa apropriadamente casos de falha. As sugestões são principalmente melhorias incrementais de estilo e robustez, não correções de bugs críticos.

Tokens: 30334

======================================================================
[63/76] bidi_session_routing_test.cpp
======================================================================
## VIOLACOES CRITICAS
1. **LINHA 44**: `std::thread ioc_thread([&ioc]() { ioc.run(); });` - Uso direto de std::thread sem RAII, violando regra #13 (proibir detach implícito e uso inadequado de threads)

## PROBLEMAS ALTA SEVERIDADE

1. **LINHAS 44-46**: Thread manual sem RAII adequado - deveria usar `std::jthread` ou melhor ainda, evitar thread separada usando apenas o strand/executor
2. **LINHA 89**: `ioc_thread.join()` - Join manual indica design problemático de threading
3. **LINHAS 27-30**: `#ifdef BIDI_TESTING` com `test_inject_message` sugere que o design não permite testes adequados sem mock intrusivo
4. **LINHA 19**: Callback lambda captura `[&]` sem lifetime safety - se `session` for destruída, haverá UB

## PROBLEMAS MEDIA SEVERIDADE

1. **LINHAS 9-12**: Variáveis `called1`, `called2` não são atômicas mas podem ser acessadas de contextos diferentes
2. **LINHA 58**: `boost::asio::detached` - perdemos controle sobre o ciclo de vida da corrotina
3. **LINHAS 102-109**: Teste `OnErrorClearsPending` depende excessivamente de macros de teste interno
4. **LINHA 67**: Timer com delay fixo (100ms) torna teste não-determinístico

## PROBLEMAS BAIXA SEVERIDADE

1. **LINHA 3**: Include desnecessário de `<future>` 
2. **LINHAS 15-16**: Nomes de comando genéricos ("cmd.one", "cmd.two") ao invés de nomes canônicos da spec
3. **LINHA 104**: Callback sem verificação de `r.error_details` para diagnóstico completo
4. **LINHA 35**: Hardcoded JSON string ao invés de usar builder

## SUGESTOES DE CORRECAO

```cpp
// Substituir todo o teste EventDispatchAndUnsubscribe por:
TEST(BidiSessionRouting, EventDispatchAndUnsubscribe) {
    boost::asio::io_context ioc;
    auto ws = std::make_shared<WebSocketClient>(ioc);
    auto session = std::make_shared<BiDiSession>(ws);
    
    // Usar executor diretamente sem thread separada
    std::promise<void> test_done;
    auto future = test_done.get_future();
    
    boost::asio::co_spawn(
        ioc.get_executor(),
        [session, &test_done]() -> boost::asio::awaitable<void> {
            std::atomic<int> event_calls{0};
            
            {
                auto sub = session->subscribe_event_scoped(
                    std::string(bidi::ids::events::log_entryAdded), {},
                    [&event_calls](const ParsedEvent &event) {
                        EXPECT_EQ(event.method, bidi::ids::events::log_entryAdded);
                        event_calls.fetch_add(1);
                    });

                // Usar timer determinístico baseado em completion
                auto subscription_ready = co_await session->wait_for_subscription_ready();
                
                // Usar builder ao invés de JSON hardcoded
                auto event_json = bidi::core::build_event(
                    bidi::ids::events::log_entryAdded, {});
                session->test_inject_message(event_json);
                
                EXPECT_EQ(event_calls.load(), 1);
                
                co_await sub.async_cancel();
                
                // Verificar que evento não é mais processado
                session->test_inject_message(event_json);
                EXPECT_EQ(event_calls.load(), 1);
            }
            
            test_done.set_value();
            co_return;
        },
        boost::asio::detached);
    
    // Run apenas até completion
    ioc.run_until(future.wait_for(std::chrono::seconds(5)) == std::future_status::ready);
}

// Para o primeiro teste, usar nomes canônicos:
TEST(BidiSessionRouting, PendingResponsesReordered) {
    boost::asio::io_context ioc;
    auto ws = std::make_shared<WebSocketClient>(ioc);
    auto session = std::make_shared<BiDiSession>(ws);

    std::atomic<int> called1{0}, called2{0};
    
    session->send_command(bidi::ids::methods::bc_create, {}, 
        [&called1](const ParsedResponse &r) {
            EXPECT_TRUE(r.is_success);
            called1.fetch_add(1);
        });
    
    session->send_command(bidi::ids::methods::script_evaluate, {}, 
        [&called2](const ParsedResponse &r) {
            EXPECT_TRUE(r.is_success);
            called2.fetch_add(1);
        });

    // Usar builders para responses
    auto response1 = bidi::core::build_success_response(1, {});
    auto response2 = bidi::core::build_success_response(2, {});
    
    session->test_inject_message(response2);
    session->test_inject_message(response1);
    
    EXPECT_EQ(called1.load(), 1);
    EXPECT_EQ(called2.load(), 1);
}
```

## PONTOS POSITIVOS

1. **Cobertura de cenários importantes**: testa reordenação de respostas, dispatch de eventos, e limpeza de pending
2. **Uso de RAII para subscriptions**: demonstra o padrão correto de auto-unsubscribe
3. **Verificação de estado após erro**: valida que pending é limpo corretamente
4. **Uso de corrotinas**: mostra integração com o modelo assíncrono moderno
5. **Testes de edge cases**: cenários de erro e reordenação são críticos

## SCORE FINAL: 4/10

**Justificativa:**
- **Arquitetura (-6pts)**: Viola modelo de threading, usa thread manual ao invés de strand, testes não-determinísticos
- **Core Guidelines (-2pts)**: Thread sem RAII, captures inseguros, falta atomicidade
- **Performance (-1pt)**: Thread extra desnecessária, delays fixos
- **Qualidade (+3pts)**: Boa cobertura de casos, uso de RAII, estrutura clara dos testes

O código tem boa intenção e cobre cenários importantes, mas viola princípios fundamentais do projeto, especialmente o modelo de threading canônico. Com as correções sugeridas, poderia facilmente alcançar 8-9/10.

Tokens: 31065

======================================================================
[64/76] execute_script_integration_test.cpp
======================================================================
Compreendi o projeto **bidi-x** após analisar todos os documentos. É um cliente WebDriver BiDi em C++20/23 focado em:

- **Arquitetura assíncrona canônica** (Boost.Asio/Beast) com event loop único
- **Avaliação lazy** - operações só executam com terminal (.finally, co_await)
- **Performance agressiva** - PMR/arena, fast-path parsing, zero polling
- **RAII para subscriptions** com refcount automático
- **Timeout determinístico** via corrida operação×timer
- **Compatibilidade estrita** com spec W3C BiDi

Agora analisando o arquivo de teste:

## VIOLAÇÕES CRÍTICAS

**1. std::thread().detach() - LINHA 120**
```cpp
std::thread(&SimpleHttpServer::handleClient, fd).detach();
```
**VIOLAÇÃO CRÍTICA**: Uso de `detach()` é explicitamente proibido pelas diretrizes do projeto.

**2. Busy-wait implícito - LINHA 133-143**
```cpp
while (true) {
    bytes_read = ::read(client_fd, buf.data(), buf.size());
    if (bytes_read <= 0) {
        break;
    }
    // continue reading
}
```
**VIOLAÇÃO CRÍTICA**: Loop de leitura pode ser bloqueante sem timeout, violando princípio "sem busy-wait".

## PROBLEMAS ALTA SEVERIDADE

**1. Não usa modelo assíncrono do projeto (LINHAS 120, 133-143)**
- Server usa threads síncronas em vez de Asio/Beast
- Contradiz arquitetura assíncrona canônica do bidi-x

**2. Gerenciamento de recursos inadequado (LINHAS 45-60)**
- Socket não usa RAII adequado
- Falta tratamento de exceções em destrutor

**3. Ausência de timeout determinístico (LINHA 133)**
- read() pode bloquear indefinidamente
- Viola princípio de timeout por corrida

## PROBLEMAS MÉDIA SEVERIDADE

**1. Não usa std::expected para erros (LINHAS 45-60)**
```cpp
if (listen_fd_ < 0) {
    throw std::runtime_error("socket failed");  // Deveria usar expected
}
```

**2. Parsing JSON sem arena/PMR (LINHA 191)**
- Usa nlohmann::json em vez de boost::json com monotonic_resource
- Perde eficiência de parsing do projeto

**3. Falta const-correctness (LINHA 191)**
```cpp
static auto make_response_body_from(const std::string &body, const std::string &path) -> std::string
// Parâmetros deveriam ser std::string_view
```

## PROBLEMAS BAIXA SEVERIDADE

**1. Magic numbers não nomeados (LINHAS 44, 133)**
```cpp
constexpr size_t kBufSize = 1024;  // OK
// Mas:
listen(listen_fd_, 8);  // Magic number
```

**2. Nomes não seguem convenção (LINHA 133)**
- `bytes_read` deveria ser `bytes_read_count`
- `client_fd` deveria ser `client_file_descriptor`

## SUGESTÕES DE CORREÇÃO

**1. Substituir detach() por RAII + strand:**
```cpp
// Em vez de:
std::thread(&SimpleHttpServer::handleClient, fd).detach();

// Use:
boost::asio::post(strand_, [fd, this]() {
    handleClient(fd);
});
```

**2. Usar boost::json com arena:**
```cpp
#include <boost/json.hpp>
#include <boost/json/monotonic_resource.hpp>

static auto make_response_body_from(std::string_view body, std::string_view path) -> std::string {
    boost::json::monotonic_resource mr;
    boost::json::parse_options opts;
    opts.storage = &mr;
    
    auto resp_body = boost::json::parse(body, {}, opts);
    // ... resto da lógica
}
```

**3. Timeout com steady_timer:**
```cpp
void handleClientAsync(int client_fd) {
    auto timer = std::make_shared<boost::asio::steady_timer>(strand_);
    timer->expires_after(std::chrono::seconds(30));
    
    // Setup corrida read vs timeout
    timer->async_wait([client_fd](auto ec) {
        if (!ec) {
            close(client_fd);  // timeout
        }
    });
}
```

**4. std::expected para erros:**
```cpp
auto start() -> std::expected<uint16_t, std::string> {
    listen_fd_ = socket(AF_INET, SOCK_STREAM, 0);
    if (listen_fd_ < 0) {
        return std::unexpected("socket creation failed");
    }
    // ...
    return port_;
}
```

## PONTOS POSITIVOS

1. **Estrutura de teste clara** - Setup/teardown bem definidos
2. **Uso de RAII no destrutor** - `~SimpleHttpServer()` chama `stop()`
3. **Atomic para sincronização** - `std::atomic<bool> running_` 
4. **Early returns** - Evita nesting desnecessário
5. **Testes de integração** - Cobre fluxo end-to-end real

## SCORE FINAL: 3/10

**Justificativa:**
- **Arquitetura bidi-x (40% peso): 1/10** - Viola princípios fundamentais (detach, busy-wait, modelo síncrono)
- **Core Guidelines & P10 (30% peso): 4/10** - Tem RAII básico mas falta const-correctness, expected
- **Performance & memoria (20% peso): 3/10** - Não usa PMR/arena, parsing ineficiente  
- **Qualidade & testes (10% peso): 7/10** - Testes funcionais, mas estrutura pode melhorar

**Score = (1×0.4) + (4×0.3) + (3×0.2) + (7×0.1) = 0.4 + 1.2 + 0.6 + 0.7 = 2.9 ≈ 3**

O código precisa de refatoração completa para alinhar com a arquitetura assíncrona do bidi-x, eliminar violações críticas e usar os primitivos corretos do projeto.

Tokens: 32621

======================================================================
[65/76] id_serialization_test.cpp
======================================================================
Após analisar os documentos do projeto bidi-x, entendi que se trata de um **cliente WebDriver BiDi minimalista e de alto desempenho** em C++20/23 com foco em:

**Arquitetura Principal:**
- Transport WebSocket via Boost.Beast/Asio com event loop único
- Modelo assíncrono canônico (CompletionToken + awaitable opcional)
- Operações lazy (só executam com terminal: .finally, co_await, .sync)
- Timeout determinístico via corrida operação×timer
- RAII para subscriptions com refcount e auto-resubscribe
- Zero polling/detach, tudo baseado em primitivas assíncronas

**Estrutura Modular:**
- `bidi::core`: tipos centrais, validação IDs, build_command
- `bidi::threading`: strand, orquestração read/write sem concorrência  
- `bidi::pools`: arenas PMR, buffer/timer/pending pools para performance
- `bidi::commands/ids`: constantes 1:1 com spec W3C
- `asyncx`: composição funcional lazy (map, and_then, timeout, retry)
- `WebDriverClient`: fachada high-level HTTP→webSocketUrl→BiDi

**Otimizações Performance:**
- Fast-path parsing (scan id/method sem DOM)
- Arena PMR por frame (libera em bloco)
- Serialização via serializer (não stringify manual)
- Pools para amortizar alocações

---

## REVIEW: tests/id_serialization_test.cpp

## VIOLACOES CRITICAS
Nenhuma

## PROBLEMAS ALTA SEVERIDADE
**Linha 39:** Potencial problema de interoperabilidade - O teste assume que `parse_response` aceita ID como string, mas não há verificação se a implementação realmente suporta isso. Se falhar silenciosamente, pode mascarar bugs de serialização.

## PROBLEMAS MEDIA SEVERIDADE
**Linha 13:** Teste usa `build_command` com parâmetros vazios `{}` - deveria usar um objeto JSON válido para melhor representar uso real.

**Linha 25:** Construção manual de objeto JSON para resposta - inconsistente com o padrão do projeto de evitar construção manual de JSON.

**Linha 43:** Mesma inconsistência - construção manual de resposta JSON.

## PROBLEMAS BAIXA SEVERIDADE
**Linha 8:** Nome de teste `ParseResponse` é genérico demais - poderia ser `ParseResponseWithSafeId`.

**Linha 31:** Nome de teste `ParseResponse` duplicado - deveria ser `ParseResponseWithUnsafeId`.

**Linha 20:** Comentário `// id should be numeric when safe` poderia ser mais específico sobre o tipo esperado.

## SUGESTOES DE CORRECAO

```cpp
// tests/id_serialization_test.cpp
#include "bidi/core.hpp"
#include <gtest/gtest.h>

using namespace bidi::core;

TEST(IdSafety, MaxSafeId) {
    constexpr auto max = MAX_SAFE_ID;
    EXPECT_TRUE(is_id_safe(max));
    EXPECT_FALSE(is_id_safe(max + 1ULL));
}

TEST(ParseResponse, SafeIdSerialization) {
    const auto id = MAX_SAFE_ID;
    // Use valid params object instead of empty
    boost::json::object params;
    params["context"] = "test-context";
    const auto payload = build_command(id, "dummy.method", params);

    auto parsed_val = boost::json::parse(payload);
    ASSERT_TRUE(parsed_val.is_object());
    auto &obj = parsed_val.as_object();
    // id should be int64_t when safe (more specific)
    ASSERT_TRUE(obj["id"].is_int64());
    EXPECT_EQ(obj["id"].as_int64(), static_cast<std::int64_t>(id));

    // Use consistent approach for response construction
    const auto resp_payload = build_success_response(id, boost::json::object{});
    auto parsed = parse_response(resp_payload);
    ASSERT_TRUE(parsed.has_value());
    EXPECT_EQ(parsed->id, id);
    EXPECT_TRUE(is_id_safe(parsed->id));
}

TEST(ParseResponse, UnsafeIdSerialization) {
    const auto id = MAX_SAFE_ID + 1ULL;
    boost::json::object params;
    params["context"] = "test-context";
    const auto payload = build_command(id, "dummy.method", params);

    auto parsed_val = boost::json::parse(payload);
    ASSERT_TRUE(parsed_val.is_object());
    auto &obj = parsed_val.as_object();
    // id should be string when unsafe
    ASSERT_TRUE(obj["id"].is_string());
    EXPECT_EQ(std::stoull(obj["id"].as_string().c_str()), id);

    // Test that parse_response handles string-encoded IDs correctly
    const auto resp_payload = build_success_response_with_string_id(
        std::to_string(id), boost::json::object{});
    auto parsed = parse_response(resp_payload);
    
    // Add explicit verification that string parsing worked
    ASSERT_TRUE(parsed.has_value()) << "parse_response should handle string IDs";
    EXPECT_EQ(parsed->id, id);
    EXPECT_FALSE(is_id_safe(parsed->id));
}

// Helper test to verify round-trip consistency
TEST(IdSafety, RoundTripConsistency) {
    const std::vector<id_type> test_ids = {
        1ULL, 42ULL, MAX_SAFE_ID - 1ULL, MAX_SAFE_ID, MAX_SAFE_ID + 1ULL
    };
    
    for (const auto& original_id : test_ids) {
        boost::json::object params;
        params["test"] = "round-trip";
        
        const auto command_payload = build_command(original_id, "test.method", params);
        auto parsed_command = boost::json::parse(command_payload);
        
        // Extract id from serialized command and verify it can round-trip
        auto &cmd_obj = parsed_command.as_object();
        id_type extracted_id;
        
        if (cmd_obj["id"].is_int64()) {
            extracted_id = static_cast<id_type>(cmd_obj["id"].as_int64());
        } else if (cmd_obj["id"].is_string()) {
            extracted_id = std::stoull(cmd_obj["id"].as_string().c_str());
        } else {
            FAIL() << "ID serialized in unexpected format";
        }
        
        EXPECT_EQ(extracted_id, original_id) << "Round-trip failed for ID: " << original_id;
    }
}
```

## PONTOS POSITIVOS

1. **Cobertura adequada**: Testa tanto IDs seguros quanto inseguros
2. **Uso correto de constantes**: Utiliza `MAX_SAFE_ID` do core
3. **Validação dupla**: Verifica tanto serialização quanto parsing
4. **Assertions específicas**: Usa `is_int64()` e `is_string()` apropriadamente
5. **Testa interoperabilidade**: Verifica que IDs grandes são serializados como string
6. **Aderência ao padrão**: Usa namespace `bidi::core` corretamente

## SCORE FINAL: 7.5/10

**Justificativa:**
- **Conformidade arquitetura (40%)**: 8/10 - Segue padrões do core, mas falta helpers consistentes
- **Core Guidelines (30%)**: 8/10 - Bom uso de constexpr, early returns, sem UB detectado  
- **Performance (20%)**: 7/10 - Testa aspecto crítico (IDs seguros) mas poderia evitar construção manual JSON
- **Qualidade testes (10%)**: 6/10 - Cobertura boa mas nomes duplicados e falta teste round-trip

O teste cumpre seu propósito principal de validar serialização segura de IDs, aspecto crítico para interoperabilidade WebDriver BiDi. Principais melhorias: helpers consistentes para construção de respostas, nomes de teste únicos, e verificação explícita de suporte a IDs string.

Tokens: 30794

======================================================================
[66/76] metrics_test.cpp
======================================================================
Após analisar toda a documentação do projeto bidi-x, compreendi a arquitetura e agora vou proceder com o code review do arquivo `tests/metrics_test.cpp`.

## VIOLACOES CRITICAS
Nenhuma

## PROBLEMAS ALTA SEVERIDADE
Nenhum

## PROBLEMAS MEDIA SEVERIDADE

1. **Linha 9**: Uso de `auto &` sem `const` quando a referência não é modificada diretamente
2. **Linha 16**: Mesmo problema com `auto &hist`
3. **Linhas 20-21**: Valores mágicos hardcoded (`1`, `2`) sem constantes nomeadas
4. **Linha 22**: `constexpr int sample_us = 10` - valor mágico sem contexto explicativo

## PROBLEMAS BAIXA SEVERIDADE

1. **Linha 25**: Loop range-based poderia usar `const auto&` para evitar cópias desnecessárias
2. **Teste geral**: Ausência de testes de edge cases (overflow, valores negativos se aplicável)
3. **Cobertura**: Faltam testes para cenários de erro ou limites do sistema de métricas

## SUGESTOES DE CORRECAO

```cpp
#include "bidi/metrics.hpp"
#include <gtest/gtest.h>

using namespace bidi::metrics;

TEST(Metrics, CounterIncrement) {
    Registry reg;
    const auto& counter = reg.counter("test.counter");
    EXPECT_EQ(counter.value(), 0U);
    
    constexpr std::uint64_t single_increment = 1U;
    constexpr std::uint64_t batch_increment = 4U;
    
    counter.inc();
    EXPECT_EQ(counter.value(), single_increment);
    counter.inc(batch_increment);
    EXPECT_EQ(counter.value(), single_increment + batch_increment);
}

TEST(Metrics, HistogramObserve) {
    Registry reg;
    const auto& hist = reg.histogram("test.hist");
    EXPECT_EQ(hist.count(), 0U);
    
    constexpr double first_sample = 1.0;
    constexpr double second_sample = 2.0;
    constexpr int sample_us = 10;
    
    hist.observe(first_sample);
    hist.observe(second_sample);
    hist.observe(sample_us);
    
    constexpr std::uint64_t expected_count = 3U;
    EXPECT_EQ(hist.count(), expected_count);
    
    const auto snap = hist.snapshot();
    // Verify at least one bucket contains observations
    const bool has_observations = std::any_of(snap.begin(), snap.end(),
        [](const auto& value) { return value > 0; });
    EXPECT_TRUE(has_observations);
}
```

## PONTOS POSITIVOS

1. **Estrutura clara**: Testes bem organizados com nomes descritivos
2. **Uso correto do gtest**: Aplicação adequada de `EXPECT_EQ` e `EXPECT_TRUE`
3. **Cobertura básica**: Testa funcionalidades fundamentais de Counter e Histogram
4. **Simplicidade**: Código direto e fácil de entender
5. **Conformidade com namespace**: Uso correto de `using namespace bidi::metrics`
6. **Inicialização consistente**: Uso de inicialização uniforme `{}`
7. **Tipos seguros**: Uso de `0U` para unsigned integers

## SCORE FINAL: 7/10

**Justificativa:**
- **Conformidade com arquitetura bidi-x (40%)**: 8/10 - Segue padrões básicos mas poderia ter mais testes de integração
- **Adherência a Core Guidelines & P10 (30%)**: 7/10 - Boa adherência geral, pequenos problemas com const-correctness
- **Performance & memória (20%)**: 7/10 - Sem problemas críticos, mas poderia evitar cópias desnecessárias
- **Qualidade & testes (10%)**: 6/10 - Testes funcionais mas faltam edge cases e cenários de erro

O código está funcional e segue a maioria das boas práticas. Os problemas identificados são menores e facilmente corrigíveis. Para um arquivo de teste, demonstra compreensão adequada da API de métricas e fornece cobertura básica essencial.

Tokens: 29415

======================================================================
[67/76] pending_entry_tests.cpp
======================================================================
Analisando o projeto **bidi-x**, entendo que se trata de um cliente WebDriver BiDi minimalista em C++20/23 com foco em:

## COMPREENSÃO DO PROJETO

**Arquitetura Central:**
- Cliente WebSocket BiDi usando Boost.Asio/Beast com event loop único
- Modelo assíncrono canônico: strand para serialização, um async_read + um async_write por vez
- Operações lazy (só executam no terminal: `.finally`, `co_await`, `.sync`)
- Timeout determinístico via corrida operação×timer com cancelamento cooperativo
- Zero polling/busy-wait, zero `std::thread().detach()`

**Performance & Memória:**
- Fast-path para roteamento (scan id/method sem DOM completo)
- PMR/arena por mensagem para parsing eficiente
- Pools para buffers/timers/pending entries (reduzir fragmentação)
- Serialização via `boost::json::serializer` (evitar escaping manual)
- IDs seguros (≤ 2^53-1 para compatibilidade JavaScript)

**Funcionalidades BiDi:**
- Comandos essenciais: `browsingContext.*`, `script.*`, `session.*`
- Eventos tipados: `log.*`, `network.*`, `browsingContext.*`
- Subscriptions RAII com refcount global/por contexto
- Auto-resubscribe após reconexão
- Intercept de rede completo

**DX Moderno:**
- API funcional/monádica (`map`, `and_then`, `on_error`, `timeout`, `retry`)
- Opcional: corrotinas (`awaitable<T>`, `co_spawn`)
- Erros modelados com `std::error_code` + `ErrorDetail`

---

## ANÁLISE DO ARQUIVO: `tests/pending_entry_tests.cpp`

O arquivo está **VAZIO** - isso é uma **VIOLAÇÃO CRÍTICA** pois o sistema `pending_entry` é fundamental para o funcionamento do bidi-x.

## VIOLAÇÕES CRÍTICAS
1. **ARQUIVO DE TESTE VAZIO**: O sistema `pending_entry` é core da arquitetura (correlaciona id→handler+timer) mas não possui testes, violando regra #38 de cobertura obrigatória.

## PROBLEMAS ALTA SEVERIDADE
1. **Ausência total de testes para pending_entry_pool_vec**: Este componente gerencia o pool de entradas pendentes, crucial para performance e correção.
2. **Sem validação de corrida operação×timer**: Não testa se timeout vs resposta funcionam corretamente.
3. **Sem teste de cleanup após timeout**: Não verifica se entries são removidas adequadamente.
4. **Sem teste de respostas tardias**: Não valida se respostas após timeout são ignoradas.

## PROBLEMAS MÉDIA SEVERIDADE
1. **Sem testes de pool exhaustion**: Não verifica comportamento quando pool está cheio.
2. **Sem validação de thread safety**: Pending entries devem funcionar com strand.
3. **Sem teste de métricas**: Não verifica high_water_mark e contadores.

## PROBLEMAS BAIXA SEVERIDADE
1. **Ausência de documentação**: Arquivo vazio não indica intenção ou escopo.

## SUGESTÕES DE CORREÇÃO

```cpp
// tests/pending_entry_tests.cpp
#include <gtest/gtest.h>
#include <bidi/pending_entry_pool_vec.hpp>
#include <bidi/core.hpp>
#include <boost/asio.hpp>
#include <chrono>
#include <memory>

using namespace bidi;
using namespace std::chrono_literals;

class PendingEntryTest : public ::testing::Test {
protected:
    void SetUp() override {
        pool_ = std::make_unique<pending_entry_pool_vec>(10);
        ioc_ = std::make_unique<boost::asio::io_context>();
        strand_ = std::make_unique<boost::asio::strand<boost::asio::io_context::executor_type>>(
            ioc_->get_executor());
    }

    std::unique_ptr<pending_entry_pool_vec> pool_;
    std::unique_ptr<boost::asio::io_context> ioc_;
    std::unique_ptr<boost::asio::strand<boost::asio::io_context::executor_type>> strand_;
};

TEST_F(PendingEntryTest, BasicAcquireRelease) {
    auto entry = pool_->acquire();
    EXPECT_NE(entry, nullptr);
    EXPECT_GT(pool_->size(), 0);
    
    pool_->release(std::move(entry));
    EXPECT_EQ(pool_->size(), 0);
}

TEST_F(PendingEntryTest, TimeoutRace) {
    bool timeout_fired = false;
    bool response_received = false;
    
    // Simular pending entry com timer
    auto entry = pool_->acquire();
    entry->id = 1;
    entry->timer = std::make_shared<boost::asio::steady_timer>(*strand_);
    entry->timer->expires_after(100ms);
    
    // Timer callback
    entry->timer->async_wait([&](boost::system::error_code ec) {
        if (!ec) {
            timeout_fired = true;
        }
    });
    
    // Simular resposta tardia (após 200ms)
    boost::asio::steady_timer late_response(*strand_);
    late_response.expires_after(200ms);
    late_response.async_wait([&](boost::system::error_code ec) {
        if (!ec && pool_->find_by_id(1) == nullptr) {
            response_received = true; // Deveria ser ignorada
        }
    });
    
    ioc_->run_for(300ms);
    
    EXPECT_TRUE(timeout_fired);
    EXPECT_TRUE(response_received); // Confirma que response foi recebida mas ignorada
}

TEST_F(PendingEntryTest, PoolExhaustion) {
    std::vector<std::unique_ptr<PendingEntry>> entries;
    
    // Esgotar pool
    for (size_t i = 0; i < 10; ++i) {
        auto entry = pool_->acquire();
        EXPECT_NE(entry, nullptr);
        entries.push_back(std::move(entry));
    }
    
    // Próxima aquisição deve falhar ou expandir pool
    auto extra = pool_->acquire();
    // Comportamento depende da implementação - documentar expectativa
}

TEST_F(PendingEntryTest, CleanupAfterTimeout) {
    auto entry = pool_->acquire();
    core::id_type test_id = 42;
    entry->id = test_id;
    
    // Adicionar ao mapa de pendentes (mockado)
    // pending_map[test_id] = std::move(entry);
    
    // Simular timeout - entry deve ser removida do mapa
    // fail_timeout(test_id);
    
    // Verificar que entry não existe mais
    // EXPECT_EQ(pending_map.find(test_id), pending_map.end());
}

TEST_F(PendingEntryTest, SafeIdRange) {
    constexpr core::id_type MAX_SAFE_ID = (1ULL << 53) - 1;
    
    auto entry = pool_->acquire();
    entry->id = MAX_SAFE_ID;
    EXPECT_LE(entry->id, MAX_SAFE_ID);
    
    // ID acima do limite seguro deve ser tratado adequadamente
    entry->id = MAX_SAFE_ID + 1;
    // Implementação deve validar ou documentar estratégia
}

TEST_F(PendingEntryTest, MoveSemantics) {
    auto entry1 = pool_->acquire();
    entry1->id = 100;
    
    auto entry2 = std::move(entry1);
    EXPECT_EQ(entry2->id, 100);
    EXPECT_EQ(entry1, nullptr); // Após move
}

TEST_F(PendingEntryTest, ThreadSafety) {
    // Teste com múltiplas threads (se aplicável)
    // Deve ser executado no strand para garantir thread safety
    std::atomic<int> counter{0};
    
    for (int i = 0; i < 10; ++i) {
        boost::asio::post(*strand_, [&]() {
            auto entry = pool_->acquire();
            ++counter;
            pool_->release(std::move(entry));
        });
    }
    
    ioc_->run();
    EXPECT_EQ(counter.load(), 10);
}
```

## PONTOS POSITIVOS
Como o arquivo está vazio, não há pontos positivos a destacar no código atual.

## SCORE FINAL: 0/10

**Justificativa:**
- **Conformidade arquitetura bidi-x (40%)**: 0/10 - Sem testes para componente crítico
- **Core Guidelines & P10 (30%)**: 0/10 - Ausência total de implementação  
- **Performance & memória (20%)**: 0/10 - Sem validação de pools e corridas
- **Qualidade & testes (10%)**: 0/10 - Arquivo vazio

O arquivo precisa ser completamente implementado seguindo as sugestões acima, focando especialmente em:
1. Testes de corrida operação×timer
2. Validação de cleanup após timeout  
3. Comportamento com respostas tardias
4. Pool management e thread safety
5. Validação de IDs seguros

Tokens: 30448

======================================================================
[68/76] pool_injection_test.cpp
======================================================================
Entendi perfeitamente o projeto **bidi-x** após analisar todos os documentos. Trata-se de um cliente WebDriver BiDi minimalista em C++20/23 com foco em:

## **Compreensão do Projeto**

**Arquitetura Central:**
- Cliente BiDi assíncrono via WebSocket (Boost.Beast/Asio)
- Event loop único com strand para serialização de operações WS
- Modelo lazy: operações só executam com terminal (.finally, co_await, .sync)
- Timeout determinístico via corrida (operação × steady_timer)
- RAII para subscriptions com refcount e auto-resubscribe

**Pilares de Performance:**
- Fast-path no roteamento (scan id/method sem DOM)
- PMR/arena por frame para parsing eficiente
- Pools para buffers, timers, pending entries
- Serialização via boost::json::serializer (não stringify manual)
- Zero busy-wait, zero std::thread().detach()

**Estrutura Modular:**
- Core: tipos centrais, validação, pending entries
- Threading: strand, orquestração async_read/async_write únicos
- Pools: reutilização de recursos (memory, buffer, timer, promise)
- Commands/IDs: constantes 1:1 com spec W3C
- AsyncX: composição lazy com map/and_then/on_error/timeout/retry

---

## **CODE REVIEW: tests/pool_injection_test.cpp**

### **VIOLAÇÕES CRÍTICAS**
Nenhuma

### **PROBLEMAS ALTA SEVERIDADE**

1. **Linha 44-46**: Uso de `std::async(std::launch::deferred)` com thread pool externo pode causar confusão conceitual - o future deferred executa no thread que chama `get()`, mas o teste assume que será no pool thread.

2. **Linha 24-28**: Race condition potencial na captura do `pool_thread_id` - embora `ready.wait()` sincronize, não há garantia que o mesmo thread do pool executará o `from_future`.

### **PROBLEMAS MÉDIA SEVERIDADE**

1. **Linha 10**: `std::atomic<std::thread::id>` com inicialização default pode não ser determinística em todos os compiladores.

2. **Linha 35**: Thread pool com apenas 1 thread pode mascarar problemas de concorrência real.

3. **Linha 59-63**: Exception handling manual quando `std::expected` seria mais apropriado conforme diretrizes do projeto.

### **PROBLEMAS BAIXA SEVERIDADE**

1. **Linha 7**: Falta `[[maybe_unused]]` para parâmetros não usados.

2. **Linha 49**: Nome de variável `a` não é descritivo.

3. **Linha 52**: Lambda capture desnecessário de `ep` por referência.

### **SUGESTÕES DE CORREÇÃO**

```cpp
#include "asyncx.hpp"
#include <atomic>
#include <boost/asio/thread_pool.hpp>
#include <future>
#include <gtest/gtest.h>
#include <thread>

using namespace std::chrono_literals;

TEST(PoolInjection, FromFutureRunsOnInjectedPoolThread) {
    auto pool = std::make_shared<boost::asio::thread_pool>(2); // Mais threads

    std::atomic<std::thread::id> pool_thread_id{std::thread::id{}}; // Init explícita
    std::promise<void> ready;
    auto ready_f = ready.get_future();

    // Post a task to capture one of the pool thread ids and signal ready.
    boost::asio::post(*pool, [&pool_thread_id, &ready] {
        pool_thread_id.store(std::this_thread::get_id());
        ready.set_value();
    });

    // Wait for pool thread to capture its id
    ASSERT_EQ(ready_f.wait_for(1s), std::future_status::ready);

    // Use a blocking future that does real work
    std::atomic<std::thread::id> future_execution_thread_id{std::thread::id{}};
    auto blocking_future = std::async(std::launch::async, [&future_execution_thread_id]() {
        future_execution_thread_id.store(std::this_thread::get_id());
        std::this_thread::sleep_for(10ms); // Simulate work
        return 12345;
    });

    // Use Async::from_future with pool injection
    auto async_result = asyncx::Async<int>::from_future(
        boost::asio::system_executor{}, 
        std::move(blocking_future), 
        pool
    );

    std::promise<int> completion_promise;
    auto completion_future = completion_promise.get_future();

    async_result.finally([&completion_promise](
        std::optional<int> value,
        [[maybe_unused]] std::optional<asyncx::EC> error_code,
        const std::exception_ptr& exception_ptr) {
        
        if (value.has_value()) {
            completion_promise.set_value(*value);
        } else {
            completion_promise.set_exception(
                exception_ptr ? exception_ptr 
                              : std::make_exception_ptr(std::runtime_error("no value"))
            );
        }
    });

    // Wait for completion with timeout
    ASSERT_EQ(completion_future.wait_for(2s), std::future_status::ready);
    auto result = completion_future.get();
    
    EXPECT_EQ(result, 12345);
    
    // Verify thread IDs are set (but they may be different threads)
    ASSERT_NE(pool_thread_id.load(), std::thread::id{});
    ASSERT_NE(future_execution_thread_id.load(), std::thread::id{});

    pool->join();
}
```

### **PONTOS POSITIVOS**

1. **Teste conceitual correto**: Verifica injeção de thread pool no `from_future`
2. **Uso apropriado de atomics**: Para sincronização thread-safe de IDs
3. **RAII com pool**: Gerenciamento correto do ciclo de vida
4. **Verificação de resultados**: Valida tanto valor quanto execução em thread correto
5. **Cleanup adequado**: `pool->join()` no final

### **SCORE FINAL: 7.5/10**

**Justificativa:**
- **Conformidade arquitetura bidi-x (40%)**: 8/10 - Usa AsyncX corretamente, sem violações de threading
- **Core Guidelines & P10 (30%)**: 7/10 - RAII adequado, mas pode melhorar error handling
- **Performance & memória (20%)**: 7/10 - Uso eficiente de recursos, pool adequado
- **Qualidade & testes (10%)**: 8/10 - Teste bem estruturado, cobertura adequada

**Principais melhorias necessárias**: Race condition na captura de thread ID, uso de std::expected para erros, e maior robustez na sincronização entre threads.

Tokens: 30439

======================================================================
[69/76] subscription_move_test.cpp
======================================================================
Entendi o projeto **bidi-x**. Analisando todos os documentos, vejo que é um cliente WebDriver BiDi minimalista em C++20/23 com foco em:

- **Performance agressiva**: lazy evaluation, fast-path sem DOM, PMR/arenas
- **Modelo assíncrono canônico**: Boost.Asio/Beast com strand, timeout como corrida
- **Zero overhead**: sem detach, polling ou busy-wait
- **RAII robusto**: subscriptions com refcount, auto-resubscribe
- **Aderência estrita à spec W3C**: nomes 1:1, wire protocol correto

Agora faço a review do arquivo `tests/subscription_move_test.cpp`:

---

## VIOLACOES CRITICAS
Nenhuma.

## PROBLEMAS ALTA SEVERIDADE

**Linha 14-35**: Código comentado extenso com `#if 0` deve ser removido. Viola guideline de código limpo e pode confundir futuros mantenedores.

**Linha 41**: Teste `MoveAssignmentTransfersState` cria subscriptions vazias e testa move, mas não valida se o `subscription_id_` foi realmente transferido (que era o bug original). O teste passa trivialmente sem validar o fix real.

## PROBLEMAS MEDIA SEVERIDADE

**Linha 61**: Teste `MoveConstructorTransfersState` sofre do mesmo problema - não acessa membros privados para validar transferência real do estado.

**Linha 92**: Teste `ReleaseBeforeMoveWorks` testa cenário edge case mas não o comportamento crítico do move.

**Linha 98-102**: Classe `SubscriptionIntegrationTest` está vazia com TODO, indicando que a validação real do fix não foi implementada.

## PROBLEMAS BAIXA SEVERIDADE

**Linha 110-136**: Comentário extenso é útil mas poderia ser mais conciso.

**Estilo**: Falta consistent formatting em alguns lugares (espaços após `//`).

## SUGESTOES DE CORRECAO

```cpp
// tests/subscription_move_test.cpp — Valida correção do bug de move
#include "bidi/core.hpp"
#include <gtest/gtest.h>

namespace {

// Friend test class para acessar privates
class SubscriptionTestAccess {
public:
    static std::string get_subscription_id(
        const bidi::core::BiDiSession::Subscription& sub) {
        return sub.subscription_id_;
    }
    
    static void set_subscription_id(
        bidi::core::BiDiSession::Subscription& sub, 
        const std::string& id) {
        sub.subscription_id_ = id;
    }
};

TEST(SubscriptionMoveTest, MoveAssignmentTransfersSubscriptionId) {
    bidi::core::BiDiSession::Subscription source;
    bidi::core::BiDiSession::Subscription dest;
    
    // Setup source com ID específico (requer friend access)
    const std::string test_id = "test-subscription-123";
    SubscriptionTestAccess::set_subscription_id(source, test_id);
    
    // Move assignment
    dest = std::move(source);
    
    // Validar transferência do ID
    EXPECT_EQ(SubscriptionTestAccess::get_subscription_id(dest), test_id);
    EXPECT_TRUE(SubscriptionTestAccess::get_subscription_id(source).empty());
    EXPECT_FALSE(source.is_active());
}

TEST(SubscriptionMoveTest, MoveConstructorTransfersSubscriptionId) {
    bidi::core::BiDiSession::Subscription source;
    const std::string test_id = "test-constructor-456";
    SubscriptionTestAccess::set_subscription_id(source, test_id);
    
    // Move constructor
    bidi::core::BiDiSession::Subscription dest(std::move(source));
    
    EXPECT_EQ(SubscriptionTestAccess::get_subscription_id(dest), test_id);
    EXPECT_TRUE(SubscriptionTestAccess::get_subscription_id(source).empty());
    EXPECT_FALSE(source.is_active());
}

} // namespace

// Integration test com BiDiSession real
class SubscriptionIntegrationTest : public ::testing::Test {
protected:
    void SetUp() override {
        // TODO: Setup mock BiDiSession para testes reais
        // Validar que subscription.subscription_id() retorna correto após move
    }
};

/*
 * Bug fix validado: subscription_id_ = std::move(other.subscription_id_);
 * adicionado ao move assignment operator em bidi_core.cpp ~linha 1173.
 * 
 * Para validação completa:
 * 1. Implementar friend access aos privates OU
 * 2. Executar demo_integration.cpp em ambiente real
 */
```

Alternativamente, se friend access não for desejável:

```cpp
// Adicionar em bidi/core.hpp (classe Subscription):
#ifdef TESTING_ENABLED
    friend class SubscriptionTestAccess;
#endif
```

## PONTOS POSITIVOS

- **Estrutura clara**: Organização lógica dos testes (move assignment, constructor, chain)
- **Comentários informativos**: Explica bem o contexto do bug e validação
- **Casos edge**: Testa `release()` antes de move
- **Namespace anônimo**: Boa prática para evitar poluição global
- **Documentação do fix**: Comentário final explica exatamente onde foi corrigido

## SCORE FINAL: 6/10

**Justificativa:**
- **Conformidade arquitetura (40%)**: 7/10 - Estrutura correta, mas não valida o fix real
- **Core Guidelines (30%)**: 8/10 - Bom uso de RAII, const correctness adequada  
- **Performance (20%)**: 8/10 - Testes leves, sem overhead desnecessário
- **Qualidade (10%)**: 4/10 - Testes passam mas não validam o comportamento crítico

**Principais problemas**: Os testes não conseguem acessar `subscription_id_` privado, então não validam se o bug de move foi realmente corrigido. É um teste que "parece correto" mas não testa o que deveria testar.

**Recomendação**: Implementar friend access ou teste de integração real para validar que `subscription_id_` é movido corretamente.

Tokens: 30776

======================================================================
[70/76] subscription_test.cpp
======================================================================
Analisando o projeto **bidi-x** conforme descrito na documentação...

## COMPREENSÃO DO PROJETO

Entendi que o **bidi-x** é um cliente WebDriver BiDi C++20/23 minimalista focado em:

**Arquitetura Core:**
- Event loop único (io_context + strand) com **no máximo** um async_read e um async_write
- **Lazy evaluation**: operações só executam com terminais (.finally, co_await, .sync)
- **Timeout determinístico**: corrida operação × steady_timer
- **Zero polling/detach**: tudo baseado em primitivas assíncronas
- **RAII subscriptions**: refcount automático para session.subscribe/unsubscribe

**Performance:**
- Fast-path routing (scan id/method sem DOM completo)
- PMR/arena por mensagem (boost::json::monotonic_resource)
- Serialização via serializer (não stringify manual)
- Pools para buffers/timers/pending entries

**Protocolo:**
- WebSocket transport (Beast/Asio)
- Mensagens BiDi: {id,method,params} / {id,result|error} / eventos
- IDs seguros (≤ 2^53-1), nomes 1:1 com spec W3C
- Modelo de erros robusto (timeout/transport/server_error/decode/unsupported)

---

## CODE REVIEW: tests/subscription_test.cpp

### VIOLAÇÕES CRÍTICAS
**Nenhuma** - o código não apresenta violações que quebrem o sistema.

### PROBLEMAS ALTA SEVERIDADE

1. **Falta de integração com arquitetura BiDi** (Linhas gerais)
   - O teste usa `SubscriptionManager` genérico, mas não valida integração com `session.subscribe/unsubscribe`
   - Não testa o refcount de subscriptions conforme spec BiDi
   - Ausente validação de auto-resubscribe após reconexão

2. **Modelo de erro inadequado** (Linhas gerais)
   - Não usa `std::error_code + ErrorDetail` conforme arquitetura
   - Callbacks podem lançar exceções sem tratamento

### PROBLEMAS MÉDIA SEVERIDADE

3. **Falta de testes críticos** (Linhas gerais)
   - Não testa cenários de race condition
   - Ausente teste de múltiplas subscriptions no mesmo tópico
   - Não valida comportamento com payloads inválidos

4. **Cobertura limitada** (Linhas gerais)
   - Apenas 2 casos básicos (subscribe/unsubscribe)
   - Não testa edge cases (tópicos vazios, callbacks nulos)

### PROBLEMAS BAIXA SEVERIDADE

5. **Estilo menor** (Linha 7, 14)
   - Variáveis `handle1`, `handle2` poderiam ter nomes mais descritivos
   - Uso de `"x"` como payload genérico poderia ser mais semântico

### SUGESTÕES DE CORREÇÃO

```cpp
#include "SubscriptionManager.hpp"
#include "bidi/core.hpp"  // Para error_code e ErrorDetail
#include <gtest/gtest.h>
#include <system_error>

using namespace bidi::ws;

class SubscriptionManagerTest : public ::testing::Test {
protected:
    SubscriptionManager manager;
};

TEST_F(SubscriptionManagerTest, BasicSubscribeAndDispatch) {
    bool callback_invoked = false;
    std::string received_payload;
    
    auto subscription_handle = manager.subscribe("log.entryAdded", 
        [&](std::string_view payload) noexcept {  // noexcept para callbacks
            callback_invoked = true;
            received_payload = std::string{payload};
        });
    
    manager.dispatch("log.entryAdded", R"({"level":"info","text":"test"})");
    
    EXPECT_TRUE(callback_invoked);
    EXPECT_EQ(received_payload, R"({"level":"info","text":"test"})");
}

TEST_F(SubscriptionManagerTest, UnsubscribeOnDestroy) {
    bool callback_invoked = false;
    
    {
        auto subscription_handle = manager.subscribe("network.beforeRequestSent", 
            [&](std::string_view) noexcept { 
                callback_invoked = true; 
            });
        // handle destruído aqui
    }
    
    manager.dispatch("network.beforeRequestSent", R"({"request":{}})");
    EXPECT_FALSE(callback_invoked);
}

TEST_F(SubscriptionManagerTest, MultipleSubscriptionsRefcount) {
    int callback_count = 0;
    
    auto handle1 = manager.subscribe("log.entryAdded", 
        [&](std::string_view) noexcept { ++callback_count; });
    auto handle2 = manager.subscribe("log.entryAdded", 
        [&](std::string_view) noexcept { ++callback_count; });
    
    manager.dispatch("log.entryAdded", R"({"level":"error"})");
    EXPECT_EQ(callback_count, 2);
    
    // Testa refcount - primeira destruição não deve unsubscribe
    handle1.reset();
    callback_count = 0;
    manager.dispatch("log.entryAdded", R"({"level":"warn"})");
    EXPECT_EQ(callback_count, 1);
}

TEST_F(SubscriptionManagerTest, ErrorHandling) {
    // Testa callback que pode falhar sem quebrar o sistema
    auto handle = manager.subscribe("test.topic", 
        [](std::string_view payload) noexcept {
            // Simula processamento que pode falhar
            if (payload == "invalid") {
                // Log erro, mas não lança exceção
                return;
            }
        });
    
    // Não deve crashar
    EXPECT_NO_THROW(manager.dispatch("test.topic", "invalid"));
    EXPECT_NO_THROW(manager.dispatch("test.topic", "valid"));
}
```

### PONTOS POSITIVOS

1. **Estrutura básica correta** - Usa gtest adequadamente
2. **RAII testing** - Testa corretamente destruição automática de handles
3. **Semântica clara** - Testes expressam intenção de forma direta
4. **Sem violações críticas** - Não usa padrões proibidos (polling, detach, etc.)

### SCORE FINAL: 4/10

**Justificativa:**
- **Conformidade arquitetura bidi-x (40%)**: 2/10 - Não integra com modelo BiDi real, falta refcount, auto-resubscribe
- **Core Guidelines & P10 (30%)**: 7/10 - Boa estrutura RAII, mas falta tratamento de erros robusto
- **Performance & memória (20%)**: 6/10 - Testes simples, sem validação de overhead
- **Qualidade & testes (10%)**: 5/10 - Cobertura limitada, faltam edge cases críticos

O teste está funcionalmente correto mas não valida aspectos cruciais da arquitetura bidi-x como integração com session.subscribe, refcount de subscriptions, e robustez contra falhas de transporte.

Tokens: 30085

======================================================================
[71/76] test.cpp
======================================================================
Analisando os documentos fornecidos sobre o projeto **bidi-x**, entendo que se trata de um cliente WebDriver BiDi em C++ com foco em:

1. **Alto desempenho** (CPU/RAM otimizado)
2. **Modelo assíncrono canônico** (Boost.Asio/Beast)
3. **Lazy evaluation** (nada executa sem terminal)
4. **Event loop único** com strand para serialização
5. **Timeout determinístico** via corrida operação×timer
6. **Zero polling/detach**, cancelamento cooperativo
7. **RAII para subscriptions** com refcount
8. **PMR/arena por mensagem** para economia de memória
9. **Conformidade estrita com spec W3C** BiDi

Agora analisando o arquivo `tests/test.cpp`:

---

## VIOLAÇÕES CRÍTICAS

1. **LINHA GERAL**: Este arquivo implementa testes para WebDriver **clássico HTTP**, não BiDi WebSocket - **completamente fora do escopo do projeto bidi-x**
2. **LINHA 12**: `std::system(cmd.c_str())` - comando de sistema bloqueante sem thread_pool
3. **LINHA 59**: `std::system("pkill chromedriver")` - comando bloqueante (comentado, mas presente)

## PROBLEMAS ALTA SEVERIDADE

1. **LINHA 1**: `#include <WebDriverClient.hpp>` - usando cliente HTTP quando deveria ser BiDi WebSocket
2. **LINHA 21-26**: `browser.connect(args)` - padrão síncrono bloqueante, viola modelo assíncrono do bidi-x  
3. **LINHA 31, 38, 46, 55, 67**: Todos os métodos (`get()`, `getTitle()`, `findElement()`, etc.) são síncronos - viola arquitetura lazy/assíncrona
4. **LINHA 46**: `waitElement()` provavelmente usa polling interno - viola regra de zero busy-wait
5. **LINHA 52**: `EXPECT_THROW(..., std::runtime_error)` - erro como exceção viola modelo std::error_code

## PROBLEMAS MÉDIA SEVERIDADE  

1. **LINHA 5**: URL hardcoded sem configuração
2. **LINHA 31**: `.get<std::string>()` - parsing JSON sem validação de shape
3. **LINHA 65**: Comentário desatualizado sobre estrutura HTML
4. **LINHA 1-4**: Headers desnecessários para o contexto BiDi

## PROBLEMAS BAIXA SEVERIDADE

1. **LINHA 8**: Comando comentado poderia ser removido
2. **LINHA 28**: Comentário desnecessário no TearDown
3. **LINHA 33**: Comparação redundante `EXPECT_EQ(1, 1)`

## SUGESTÕES DE CORREÇÃO

O arquivo deveria ser completamente reescrito para BiDi. Exemplo:

```cpp
#include <bidi/core.hpp>
#include <bidi/commands.hpp>
#include <bidi/ids.hpp>
#include <gtest/gtest.h>
#include <boost/asio.hpp>

class BidiTests : public ::testing::Test {
protected:
    void SetUp() override {
        // Configurar io_context + strand para testes
        ctx_ = std::make_unique<boost::asio::io_context>();
        strand_ = std::make_unique<boost::asio::strand<boost::asio::io_context::executor_type>>(
            ctx_->get_executor());
        
        client_ = std::make_unique<bidi::BidiClient>(*strand_);
    }

    void TearDown() override {
        // Cleanup assíncrono cooperativo
        if (client_) {
            client_->close();
        }
    }

private:
    std::unique_ptr<boost::asio::io_context> ctx_;
    std::unique_ptr<boost::asio::strand<boost::asio::io_context::executor_type>> strand_;
    std::unique_ptr<bidi::BidiClient> client_;
};

TEST_F(BidiTests, LazyNavigationWithTerminal) {
    using namespace std::chrono_literals;
    
    auto operation = client_->send(
        bidi::ids::methods::bc_create, 
        boost::json::object{{"type", "window"}}
    ).and_then([](auto ctx_result) {
        return client_->send(
            bidi::ids::methods::bc_navigate,
            boost::json::object{
                {"context", ctx_result.at("context").as_string()},
                {"url", "http://localhost:8080"},
                {"wait", "complete"}
            }
        );
    }).timeout(5s)
    .on_error([](std::error_code ec) -> std::expected<boost::json::object, std::error_code> {
        return std::unexpected(ec);
    });

    // Terminal que materializa a operação
    std::expected<boost::json::object, std::error_code> result;
    operation.finally([&result](auto res, auto ec, auto duration) {
        if (ec) {
            result = std::unexpected(ec);
        } else {
            result = res;
        }
    });

    // Run event loop até completar
    ctx_->run();
    
    EXPECT_TRUE(result.has_value());
}
```

## PONTOS POSITIVOS

1. **Estrutura básica de testes** com SetUp/TearDown está correta
2. **Uso do gtest** é adequado para o projeto
3. **Timeouts explícitos** em alguns testes (linha 46, 52) - conceito correto, implementação errada
4. **Verificação de arrays/tamanhos** (linha 74-79) mostra preocupação com validação

## SCORE FINAL: 1/10

**Justificativa:**
- **Conformidade com arquitetura bidi-x (40%)**: 0/10 - Implementa WebDriver HTTP em vez de BiDi WebSocket
- **Aderência a Core Guidelines & P10 (30%)**: 2/10 - Usa exceções em vez de std::error_code, métodos bloqueantes
- **Performance & memória (20%)**: 1/10 - Operações síncronas violam modelo assíncrono
- **Qualidade & testes (10%)**: 5/10 - Estrutura de teste ok, mas conteúdo inadequado

O arquivo está completamente fora do escopo do projeto bidi-x e precisa ser reescrito do zero para seguir a arquitetura assíncrona WebSocket BiDi com lazy evaluation, RAII subscriptions e modelo de erros std::error_code.

Tokens: 30360

======================================================================
[72/76] test_asyncx_cancel.cpp
======================================================================
## VIOLACOES CRITICAS

**VIOLAÇÃO CRÍTICA #1 - std::thread().detach() (Linha 33)**
```cpp
std::thread([cb = std::move(cb), st, work_iters,
             cancelled_flag]() mutable {
    // ... trabalho ...
}).detach();
```
Esta é uma **VIOLAÇÃO ABSOLUTA** das diretrizes do projeto. O guia técnico é explícito: "**Sem `std::thread().detach()`**: qualquer fronteira bloqueante deve ir para *thread pool* e postar de volta no *executor*".

## PROBLEMAS ALTA SEVERIDADE

**ALTA #1 - Violação do modelo assíncrono canônico (Linhas 18-43)**
O código usa `std::thread` em vez do modelo Asio/Beast prescrito. Deveria usar `boost::asio::post` ou `co_spawn`.

**ALTA #2 - Busy-wait implícito (Linha 38)**
```cpp
std::this_thread::sleep_for(std::chrono::milliseconds(5));
```
Mesmo sendo em thread separada, vai contra o princípio "zero busy-wait" do projeto.

**ALTA #3 - Ausência de strand/executor adequado**
O código não usa `strand` para coordenação, violando a regra de serialização de operações.

## PROBLEMAS MEDIA SEVERIDADE

**MÉDIA #1 - Mixing de paradigmas (Linhas 60-70)**
Mistura `co_spawn` com `use_future` desnecessariamente, quando poderia usar apenas awaitable.

**MÉDIA #2 - Timeouts hardcoded (Linhas 90, 108, 136)**
Valores como `50ms`, `20ms` tornam testes não-determinísticos.

**MÉDIA #3 - Tratamento de erro genérico (Linhas 79-83, 118-121)**
```cpp
try {
    auto r = fut.get();
    FAIL() << "Expected timeout to fail";
} catch (...) {
    // expected
}
```
Deveria capturar tipos específicos de erro conforme `ErrorDetail` do projeto.

## PROBLEMAS BAIXA SEVERIDADE

**BAIXA #1 - Ausência de [[nodiscard]] em helpers**
A função `make_cooperative_async` deveria ter `[[nodiscard]]`.

**BAIXA #2 - Debug print desnecessário (Linha 150)**
```cpp
std::println(stderr, "DEBUG: all returned size={}", r.size());
```
Deveria usar o sistema de logging do projeto (`log_info/log_error`).

## SUGESTOES DE CORRECAO

**Correção Crítica - Substituir detach por post:**
```cpp
auto make_cooperative_async(
    net::any_io_executor ex, int work_iters,
    const std::shared_ptr<std::atomic<bool>>& cancelled_flag) -> Async<int> {
    return Async<int>::from_callback(
        std::move(ex), [work_iters, cancelled_flag](auto cb, const auto& st) {
            // Use post instead of detached thread
            boost::asio::post(ex, [cb = std::move(cb), st, work_iters, cancelled_flag]() mutable {
                // Simulate work with timer instead of sleep
                auto timer = std::make_shared<boost::asio::steady_timer>(ex);
                timer->expires_after(std::chrono::milliseconds(5 * work_iters));
                
                timer->async_wait([cb = std::move(cb), st, cancelled_flag](auto ec) mutable {
                    if (st.stop_requested()) {
                        cancelled_flag->store(true);
                        cb(boost::system::errc::make_error_code(
                            boost::system::errc::operation_canceled), 0);
                        return;
                    }
                    if (!ec) {
                        cb(boost::system::error_code{}, 42);
                    }
                });
            });
        });
}
```

**Correção para testes determinísticos:**
```cpp
TEST(AsyncxCancel, TimeoutCancelsOperation) {
    auto ex = boost::asio::system_executor{};
    auto flag = std::make_shared<std::atomic<bool>>(false);

    auto long_op = make_cooperative_async(ex, 100, flag);
    auto timed = timeout<int>(long_op, ex, std::chrono::milliseconds(1)); // muito baixo

    auto result = boost::asio::co_spawn(
        ex,
        [timed]() -> boost::asio::awaitable<std::expected<int, std::error_code>> {
            try {
                auto r = co_await asyncx::as_awaitable(timed);
                co_return std::expected<int, std::error_code>{r};
            } catch (const std::system_error& e) {
                co_return std::unexpected{e.code()};
            }
        },
        boost::asio::use_future).get();
    
    EXPECT_FALSE(result.has_value());
    EXPECT_EQ(result.error(), std::make_error_code(std::errc::timed_out));
    EXPECT_TRUE(flag->load());
}
```

## PONTOS POSITIVOS

1. **Boa cobertura de cenários**: testa race, timeout, all, cancelamento externo
2. **Uso de atomic_bool para sincronização**: correto para flags de cancelamento
3. **Testa propagação de cancelamento**: verifica se operações filhas são canceladas
4. **Estrutura de teste clara**: cada teste tem propósito bem definido
5. **Uso de shared_ptr para flags**: evita lifetime issues

## SCORE FINAL: 3/10

**Justificativa:**
- **Conformidade com arquitetura (40% = 1/10)**: ZERO - usa `detach()` que é proibido, não usa strand, não segue modelo Asio
- **Core Guidelines & P10 (30% = 4/10)**: Viola regras fundamentais de threading, mas tem boa gestão de memória
- **Performance & memoria (20% = 5/10)**: Uso correto de shared_ptr, mas sleep/busy-wait prejudica
- **Qualidade & testes (10% = 8/10)**: Boa cobertura, mas timeouts hardcoded e tratamento de erro genérico

**Score ponderado**: 1×0.4 + 4×0.3 + 5×0.2 + 8×0.1 = **3.0/10**

O arquivo precisa ser **COMPLETAMENTE REESCRITO** para aderir às diretrizes do projeto. A violação crítica do `detach()` sozinha já torna o código inaceitável para o bidi-x.

Tokens: 31672

======================================================================
[73/76] test_pending_entry_pool_vec.cpp
======================================================================
## VIOLACOES CRITICAS
Nenhuma

## PROBLEMAS ALTA SEVERIDADE
- **Linha 15**: Verificação inadequada de fallback - O teste não verifica corretamente se o segundo acquire é realmente um fallback. O método `release_fallback()` pode retornar nullptr mesmo para aquisições válidas se elas vieram do pool principal.
- **Linhas 1-23**: Ausência de testes críticos para PendingEntryPool - Falta cobertura para cenários essenciais como:
  - Release de handles pooled vs fallback
  - Comportamento thread-safe se aplicável
  - Validação de capacidade do pool
  - Teste de stress (múltiplas acquire/release)

## PROBLEMAS MEDIA SEVERIDADE
- **Linha 6**: Nome de variável não descritivo - `h1` e `h2` poderiam ser mais descritivos como `first_handle` e `second_handle`
- **Linha 16**: Comentário incorreto - "pool capacity 1" sugere que o pool tem capacidade 1, mas não há validação se isso é verdade
- **Linha 20**: Lógica de teste frágil - O teste assume que `h2` deve ser fallback, mas isso pode não ser garantido dependendo da implementação

## PROBLEMAS BAIXA SEVERIDADE
- **Linha 4**: Import desnecessário de namespace completo - Usar `using namespace` em testes pode mascarar conflitos de nomes
- **Linha 23**: Validação de campo específico sem contexto - Verificar se `fb->id == 0` pode não ser um teste significativo sem documentação do comportamento esperado

## SUGESTOES DE CORRECAO
```cpp
#include "bidi/pending_entry_pool_vec.hpp"
#include <gtest/gtest.h>

// Remove using namespace, use qualified names
// using namespace bidi::core;

TEST(PendingEntryPoolVecTest, AcquireNonBlockingAndFallback) {
    constexpr size_t pool_capacity = 1;
    bidi::core::PendingEntryPoolVec pool(pool_capacity);

    // First acquire should get a pooled slot
    auto first_handle = pool.acquire_nonblocking();
    ASSERT_TRUE(static_cast<bool>(first_handle));
    
    // Verify first handle is from pool (not fallback)
    EXPECT_FALSE(first_handle.is_fallback()); // Assume this method exists
    
    // Second acquire should fallback to heap (pool at capacity)
    auto second_handle = pool.acquire_nonblocking();
    ASSERT_TRUE(static_cast<bool>(second_handle));
    
    // Second handle should be fallback since pool is full
    EXPECT_TRUE(second_handle.is_fallback()); // More explicit test
    
    auto fallback_ptr = second_handle.release_fallback();
    if (fallback_ptr) {
        // Test meaningful fields based on PendingEntry specification
        EXPECT_NE(fallback_ptr.get(), nullptr);
        // Add more specific validations based on PendingEntry interface
    }
    
    // Test that releasing first handle returns slot to pool
    first_handle.reset(); // or appropriate release method
    
    // Third acquire should now get pooled slot again
    auto third_handle = pool.acquire_nonblocking();
    EXPECT_FALSE(third_handle.is_fallback());
}

// Add comprehensive tests
TEST(PendingEntryPoolVecTest, PoolCapacityRespected) {
    constexpr size_t capacity = 3;
    bidi::core::PendingEntryPoolVec pool(capacity);
    
    std::vector<decltype(pool.acquire_nonblocking())> handles;
    
    // Fill pool to capacity
    for (size_t i = 0; i < capacity; ++i) {
        auto handle = pool.acquire_nonblocking();
        ASSERT_TRUE(static_cast<bool>(handle));
        handles.push_back(std::move(handle));
    }
    
    // Next acquire should be fallback
    auto fallback_handle = pool.acquire_nonblocking();
    EXPECT_TRUE(fallback_handle.is_fallback());
}

TEST(PendingEntryPoolVecTest, ReleaseAndReuse) {
    bidi::core::PendingEntryPoolVec pool(1);
    
    {
        auto handle = pool.acquire_nonblocking();
        EXPECT_FALSE(handle.is_fallback());
    } // handle destroyed, slot should return to pool
    
    // Should reuse the same slot
    auto reused_handle = pool.acquire_nonblocking();
    EXPECT_FALSE(reused_handle.is_fallback());
}
```

## PONTOS POSITIVOS
- **Estrutura básica correta**: O teste segue a estrutura padrão do Google Test
- **Uso apropriado de ASSERT/EXPECT**: Diferencia corretamente entre assertions que devem parar o teste vs expectations
- **Teste de cenário real**: Testa o comportamento de fallback que é crítico para pools
- **Headers corretos**: Inclui apenas os headers necessários
- **Nome descritivo**: Nome do teste indica claramente o comportamento testado

## SCORE FINAL: 6/10

**Justificativa:**
- **Conformidade arquitetura (40% peso)**: 7/10 - Testa funcionalidade crítica dos pools mas falta cobertura abrangente
- **Core Guidelines & P10 (30% peso)**: 6/10 - Segue práticas básicas mas tem problemas de naming e namespace
- **Performance & memória (20% peso)**: 7/10 - Testa aspecto importante de fallback para heap mas falta stress testing  
- **Qualidade & testes (10% peso)**: 4/10 - Teste muito simples, falta cobertura de edge cases e validações robustas

O teste está funcional mas precisa ser expandido significativamente para cobrir adequadamente a funcionalidade crítica dos pools no contexto do bidi-x, especialmente considerando que pools são fundamentais para a performance e gestão de memória do sistema.

Tokens: 29773

======================================================================
[74/76] test_poolvec.cpp
======================================================================
Entendi perfeitamente o projeto **bidi-x**. Trata-se de um cliente WebDriver BiDi minimalista em C++20/23 com foco em:

- **Arquitetura assíncrona canônica** (Boost.Asio/Beast) com strand para serialização
- **Lazy evaluation** (nada executa sem terminal)
- **Alto desempenho** (PMR/arena, fast-path parsing, pools de recursos)
- **Zero busy-wait/detach** (timeout por corrida timer vs operação)
- **RAII para subscriptions** com refcount e auto-resubscribe
- **Conformidade estrita** com especificação W3C BiDi

Agora realizando o code review do arquivo `tests/test_poolvec.cpp`:

## VIOLACOES CRITICAS
Nenhuma

## PROBLEMAS ALTA SEVERIDADE
1. **Linha 8**: `using namespace utils;` - Viola boas práticas C++. Deveria usar using específico ou qualificação completa
2. **Linha 75**: `std::thread thr([&] {` - Captura por referência pode ser perigosa. Melhor capturar explicitamente as variáveis necessárias
3. **Linha 92**: Variável estática global `CountingPayload::constructed` pode causar problemas em testes paralelos

## PROBLEMAS MEDIA SEVERIDADE
1. **Linha 11**: Construtor `Payload(int v)` não é `explicit`, permitindo conversões implícitas indesejadas
2. **Linha 59**: Magic number `100` para timeout sem constante nomeada
3. **Linha 101**: Magic numbers `8`, `200` sem constantes nomeadas 
4. **Linha 121**: Ausência de reset do contador estático entre testes pode causar flaky tests

## PROBLEMAS BAIXA SEVERIDADE
1. **Linha 29**: Comentário poderia ser mais específico sobre o comportamento esperado do Keep mode
2. **Linha 84**: Variável `got` poderia ter nome mais descritivo como `second_borrow_succeeded`
3. **Ausência de testes**: Não testa comportamento de destruição/cleanup do pool

## SUGESTOES DE CORRECAO

```cpp
// Substituir linha 8
// using namespace utils;  // REMOVER
using utils::PoolVec;

// Linha 11 - tornar construtor explicit
struct Payload {
    int x{0};
    Payload() = default;
    explicit Payload(int v) : x(v) {}
};

// Linhas 58-59 - usar constantes nomeadas
constexpr auto kBorrowTimeout = std::chrono::milliseconds(100);
auto worker = [&](int id) {
    for (int i = 0; i < iters; ++i) {
        auto h = pool.borrow(kBorrowTimeout, id);

// Linha 75 - captura explicita
std::thread thr([&pool, &got] {
    auto handle2 = pool.borrow(kShortTimeout, 2);
    if (handle2) {
        got.store(true);
    }
});

// Linha 92 - reset contador entre testes
struct CountingPayload {
    static std::atomic<int> constructed;
    int v{0};
    CountingPayload() { constructed.fetch_add(1); }
    explicit CountingPayload(int val) : v(val) { constructed.fetch_add(1); }
    
    static void reset_counter() { constructed.store(0); }
};

// No teste, adicionar:
TEST(PoolVecTest, KeepConstructsAtMostCapacity) {
    CountingPayload::reset_counter();  // ADICIONAR
    // ... resto do teste
}
```

## PONTOS POSITIVOS
1. **Boa cobertura de cenários**: single-thread, concurrent, timeout, diferentes políticas
2. **Uso correto de RAII**: handles são resetados adequadamente
3. **Testes determinísticos**: não dependem de timing real da rede
4. **Atomic operations**: uso correto para contadores thread-safe  
5. **Constexpr appropriado**: para valores de capacidade e threads
6. **Resource cleanup**: threads são joinados adequadamente
7. **Assertions meaningful**: verificam comportamento esperado claramente

## SCORE FINAL: 7.5/10

**Justificativa:**
- **Conformidade bidi-x (40%)**: 8/10 - Pool é componente válido para economia de CPU/RAM, testes cobrem cenários principais
- **Core Guidelines & P10 (30%)**: 6/10 - Problemas com using namespace, explicit, captura lambda
- **Performance & memoria (20%)**: 8/10 - Testa adequadamente pool com diferentes políticas e concorrência  
- **Qualidade & testes (10%)**: 8/10 - Boa cobertura, cenários realistas, cleanup apropriado

O código está funcionalmente correto e testa adequadamente o componente PoolVec, mas tem algumas violações de boas práticas C++ que podem ser facilmente corrigidas.

Tokens: 30690

======================================================================
[75/76] test_retry_backoff.cpp
======================================================================
Analisando o arquivo `tests/test_retry_backoff.cpp` seguindo as regras de code review para bidi-x...

## VIOLACOES CRITICAS

**VIOLAÇÃO CRÍTICA ENCONTRADA:**
- **Linha 37**: `}).detach();` - USO PROIBIDO de `std::thread().detach()`
- **Linha 63**: `}).detach();` - USO PROIBIDO de `std::thread().detach()` 

Esta é uma violação direta da regra arquitetural fundamental do bidi-x que proíbe explicitamente `std::thread().detach()`.

## PROBLEMAS ALTA SEVERIDADE

1. **Linhas 37, 63**: Uso de `std::thread().detach()` viola as C++ Core Guidelines e a arquitetura bidi-x
2. **Linhas 31-39, 57-65**: Threads são criadas para simular operações assíncronas, mas deveriam usar primitivas Asio
3. **Linhas 34, 60**: `std::this_thread::sleep_for()` simula latência de forma não-determinística nos testes

## PROBLEMAS MEDIA SEVERIDADE

1. **Linhas 9-10**: Headers `<print>` e `<thread>` não deveriam ser necessários se seguindo o modelo assíncrono
2. **Linha 113**: `std::this_thread::sleep_for(std::chrono::milliseconds(10));` - sleep em teste pode causar flakiness
3. **Linhas 26-39**: Template helper muito complexo (>80 linhas se considerar ambas especializações)

## PROBLEMAS BAIXA SEVERIDADE

1. **Linhas 15-16**: Parâmetros `cb` e `st` poderiam ser `const` onde aplicável
2. **Linha 95**: Variável `pol` poderia ser `const` após inicialização
3. **Linhas 21, 47**: Debug prints com `std::println(stderr, ...)` deveriam usar o sistema de logging do bidi-x

## SUGESTOES DE CORRECAO

**Substituir threads detached por operações Asio:**

```cpp
// Em vez de std::thread().detach(), usar boost::asio::post:
template <class T>
auto make_fail_then_succeed(net::any_io_executor ex, int fail_times,
                            std::shared_ptr<std::atomic<int>> &counter)
    -> Async<T> {
    return Async<T>::from_callback(ex, [fail_times, counter](auto cb, const auto &) {
        // Use boost::asio::post para agendar trabalho no executor
        boost::asio::post(ex, [cb = std::move(cb), fail_times, counter]() mutable {
            int before = counter->fetch_add(1);
            if (before < fail_times) {
                cb(boost::system::errc::make_error_code(
                   boost::system::errc::timed_out), T{});
                return;
            }
            cb(boost::system::error_code{}, T{});
        });
    });
}
```

**Usar steady_timer em vez de sleep:**

```cpp
// Em vez de std::this_thread::sleep_for, usar steady_timer:
auto timer = std::make_shared<boost::asio::steady_timer>(ex);
timer->expires_after(std::chrono::milliseconds(5));
timer->async_wait([cb = std::move(cb), fail_times, counter, timer](auto ec) mutable {
    if (ec) return;
    // resto da lógica...
});
```

**Remover sleep determinístico no teste:**

```cpp
TEST(RetryBackoff, CancelsDuringWait) {
    // Em vez de sleep + cancel, usar coordenação com promise/future
    std::promise<void> first_attempt_started;
    auto first_attempt_future = first_attempt_started.get_future();
    
    // Modificar helper para sinalizar quando primeira tentativa começar
    // Então aguardar sinal antes de cancelar
}
```

## PONTOS POSITIVOS

1. **Boa cobertura de cenários**: testa sucesso após retries, cancelamento durante wait, e hooks de callback
2. **Uso adequado de RAII**: `shared_ptr` para contadores compartilhados
3. **Uso correto de corrotinas**: `co_spawn` e `awaitable` seguem o padrão Asio
4. **Template especialization**: correta especialização para `void` vs tipos com valor
5. **Atomic operations**: uso correto de `std::atomic` para thread-safety
6. **Error codes**: uso correto de `boost::system::errc` para erros padronizados

## SCORE FINAL: 3/10

**Justificativa:**
- **Conformidade com arquitetura bidi-x (40%)**: 0% - Viola regra fundamental (no detach)
- **Adherência a Core Guidelines & P10 (30%)**: 20% - Viola guidelines sobre threading
- **Performance & memoria (20%)**: 60% - Usa RAII e atomic corretamente, mas threads desnecessárias
- **Qualidade & testes (10%)**: 80% - Boa cobertura de cenários, mas com implementação problemática

O código demonstra boa compreensão dos cenários de teste necessários, mas falha criticamente na implementação ao usar `std::thread().detach()`, que é explicitamente proibido na arquitetura bidi-x. A correção dessa violação crítica elevaria significativamente a nota, pois o resto da lógica está fundamentalmente correto.

Tokens: 31298

======================================================================
[76/76] wait_helpers_test.cpp
======================================================================
## VIOLACOES CRITICAS
Nenhuma

## PROBLEMAS ALTA SEVERIDADE

**Linha 8-9**: Uso de referência desnecessária para string constante
```cpp
const std::string &script = wait_for_element_script;
```
Deveria ser:
```cpp
const auto& script = wait_for_element_script;
```
ou simplesmente usar diretamente `wait_for_element_script` nos testes.

## PROBLEMAS MEDIA SEVERIDADE

**Linha 6**: Uso de `using namespace` em escopo global de teste
```cpp
using namespace webdriver::wait;
```
Pode causar poluição de namespace. Prefira usar o namespace completo ou alias:
```cpp
namespace wait = webdriver::wait;
```

**Linhas 10-13**: Testes muito superficiais para funcionalidade crítica
Os testes apenas verificam presença de strings, mas não validam:
- Sintaxe JavaScript correta
- Estrutura da função
- Parâmetros esperados
- Comportamento de timeout

## PROBLEMAS BAIXA SEVERIDADE

**Linha 16**: Uso de `std::string::npos` repetitivo
Poderia ser extraído para uma função helper ou usar uma abordagem mais limpa:
```cpp
auto contains = [&script](const std::string& substr) {
    return script.find(substr) != std::string::npos;
};
```

**Comentário das linhas 20-23**: Comentário longo poderia ser mais conciso

## SUGESTOES DE CORRECAO

```cpp
#include "wait_helpers.hpp"
#include <gtest/gtest.h>
#include <string_view>

namespace wait = webdriver::wait;

class WaitHelpersTest : public ::testing::Test {
protected:
    static bool script_contains(std::string_view script, std::string_view substr) {
        return script.find(substr) != std::string_view::npos;
    }
};

TEST_F(WaitHelpersTest, ScriptContainsFunctionName) {
    const auto& script = wait::wait_for_element_script;
    
    // Verify core components are present
    EXPECT_TRUE(script_contains(script, "waitForElement"));
    EXPECT_TRUE(script_contains(script, "MutationObserver"));
    EXPECT_TRUE(script_contains(script, "setTimeout"));
}

TEST_F(WaitHelpersTest, ScriptHasArgumentsPlaceholders) {
    const auto& script = wait::wait_for_element_script;
    
    // Verify expected argument positions
    EXPECT_TRUE(script_contains(script, "arguments[0]"));
    EXPECT_TRUE(script_contains(script, "arguments[1]"));
    EXPECT_TRUE(script_contains(script, "arguments[2]"));
}

TEST_F(WaitHelpersTest, ScriptStructureValidation) {
    const auto& script = wait::wait_for_element_script;
    
    // More comprehensive structural checks
    EXPECT_TRUE(script_contains(script, "return new Promise"));
    EXPECT_TRUE(script_contains(script, "document.querySelector"));
    EXPECT_TRUE(script_contains(script, "observer.disconnect"));
}
```

## PONTOS POSITIVOS

1. **Foco correto**: Testa apenas a estrutura do script, sem dependências externas
2. **Separação clara**: Reconhece que testes de integração devem estar em outro lugar
3. **Testes determinísticos**: Não dependem de I/O ou timing
4. **Nomenclatura clara**: Nomes de teste descritivos
5. **Includes corretos**: Inclui apenas headers necessários
6. **Aderência ao princípio**: Valida que não há busy-wait (MutationObserver + setTimeout ao invés de polling)

## SCORE FINAL: 7/10

**Justificativa**:
- **Conformidade arquitetura (40%)**: 8/10 - Alinhado com princípios anti-polling do bidi-x
- **Core Guidelines (30%)**: 6/10 - Problemas com referências desnecessárias e namespace pollution
- **Performance (20%)**: 8/10 - Testes leves, sem overhead desnecessário
- **Qualidade & testes (10%)**: 6/10 - Testes muito básicos para funcionalidade crítica

O arquivo está fundamentalmente correto e segue os princípios do projeto (anti-polling), mas poderia ser mais robusto nos testes e seguir melhor as práticas de C++ moderno.

Tokens: 29433


======================================================================
REVIEW COMPLETO
======================================================================

ESTATISTICAS:
  Total de arquivos: 76
  Revisados com sucesso: 76
  Erros: 0

  ALERTA: 19 arquivo(s) com VIOLACOES CRITICAS:
    - build-clean-orphans/CMakeFiles/3.30.1/CompilerIdCXX/CMakeCXXCompilerId.cpp
    - demo_production.cpp
    - demoantiga.cpp
    - include/BidiMessage.hpp
    - include/CurlRAII.hpp
    - include/PocoJsonWrapper.hpp
    - include/PortFromPid.hpp
    - include/SubscriptionManager.hpp
    - include/asyncx.hpp
    - include/bidi/message_queue.hpp
    - include/bidi/session_threaded.hpp
    - include/context_guard.hpp
    - include/retry_backoff.hpp
    - src/CurlRAII.cpp
    - src/bidi_timer_pool.cpp
    - src/main.cpp
    - tests/bidi_session_routing_test.cpp
    - tests/test_asyncx_cancel.cpp
    - tests/test_retry_backoff.cpp

Resultados salvos em: bidi_x_code_review.json
