Enabled checks:
    bugprone-argument-comment
    bugprone-assert-side-effect
    bugprone-assignment-in-if-condition
    bugprone-bad-signal-to-kill-thread
    bugprone-bitwise-pointer-cast
    bugprone-bool-pointer-implicit-conversion
    bugprone-branch-clone
    bugprone-casting-through-void
    bugprone-chained-comparison
    bugprone-compare-pointer-to-member-virtual-function
    bugprone-copy-constructor-init
    bugprone-crtp-constructor-accessibility
    bugprone-dangling-handle
    bugprone-dynamic-static-initializers
    bugprone-easily-swappable-parameters
    bugprone-empty-catch
    bugprone-exception-escape
    bugprone-fold-init-type
    bugprone-forward-declaration-namespace
    bugprone-forwarding-reference-overload
    bugprone-implicit-widening-of-multiplication-result
    bugprone-inaccurate-erase
    bugprone-inc-dec-in-conditions
    bugprone-incorrect-enable-if
    bugprone-incorrect-enable-shared-from-this
    bugprone-incorrect-roundings
    bugprone-infinite-loop
    bugprone-integer-division
    bugprone-lambda-function-name
    bugprone-macro-parentheses
    bugprone-macro-repeated-side-effects
    bugprone-misplaced-operator-in-strlen-in-alloc
    bugprone-misplaced-pointer-arithmetic-in-alloc
    bugprone-misplaced-widening-cast
    bugprone-move-forwarding-reference
    bugprone-multi-level-implicit-pointer-conversion
    bugprone-multiple-new-in-one-expression
    bugprone-multiple-statement-macro
    bugprone-narrowing-conversions
    bugprone-no-escape
    bugprone-non-zero-enum-to-bool-conversion
    bugprone-nondeterministic-pointer-iteration-order
    bugprone-not-null-terminated-result
    bugprone-optional-value-conversion
    bugprone-parent-virtual-call
    bugprone-pointer-arithmetic-on-polymorphic-object
    bugprone-posix-return
    bugprone-redundant-branch-condition
    bugprone-reserved-identifier
    bugprone-return-const-ref-from-parameter
    bugprone-shared-ptr-array-mismatch
    bugprone-signal-handler
    bugprone-signed-char-misuse
    bugprone-sizeof-container
    bugprone-sizeof-expression
    bugprone-spuriously-wake-up-functions
    bugprone-standalone-empty
    bugprone-string-constructor
    bugprone-string-integer-assignment
    bugprone-string-literal-with-embedded-nul
    bugprone-stringview-nullptr
    bugprone-suspicious-enum-usage
    bugprone-suspicious-include
    bugprone-suspicious-memory-comparison
    bugprone-suspicious-memset-usage
    bugprone-suspicious-missing-comma
    bugprone-suspicious-realloc-usage
    bugprone-suspicious-semicolon
    bugprone-suspicious-string-compare
    bugprone-suspicious-stringview-data-usage
    bugprone-swapped-arguments
    bugprone-switch-missing-default-case
    bugprone-tagged-union-member-count
    bugprone-terminating-continue
    bugprone-throw-keyword-missing
    bugprone-too-small-loop-variable
    bugprone-unchecked-optional-access
    bugprone-undefined-memory-manipulation
    bugprone-undelegated-constructor
    bugprone-unhandled-exception-at-new
    bugprone-unhandled-self-assignment
    bugprone-unique-ptr-array-mismatch
    bugprone-unsafe-functions
    bugprone-unused-local-non-trivial-variable
    bugprone-unused-raii
    bugprone-unused-return-value
    bugprone-use-after-move
    bugprone-virtual-near-miss
    clang-analyzer-apiModeling.Errno
    clang-analyzer-apiModeling.TrustNonnull
    clang-analyzer-apiModeling.TrustReturnsNonnull
    clang-analyzer-apiModeling.google.GTest
    clang-analyzer-apiModeling.llvm.CastValue
    clang-analyzer-apiModeling.llvm.ReturnValue
    clang-analyzer-core.BitwiseShift
    clang-analyzer-core.CallAndMessage
    clang-analyzer-core.CallAndMessageModeling
    clang-analyzer-core.DereferenceModeling
    clang-analyzer-core.DivideZero
    clang-analyzer-core.DynamicTypePropagation
    clang-analyzer-core.NonNullParamChecker
    clang-analyzer-core.NonnilStringConstants
    clang-analyzer-core.NullDereference
    clang-analyzer-core.StackAddrEscapeBase
    clang-analyzer-core.StackAddressEscape
    clang-analyzer-core.UndefinedBinaryOperatorResult
    clang-analyzer-core.VLASize
    clang-analyzer-core.builtin.BuiltinFunctions
    clang-analyzer-core.builtin.NoReturnFunctions
    clang-analyzer-core.uninitialized.ArraySubscript
    clang-analyzer-core.uninitialized.Assign
    clang-analyzer-core.uninitialized.Branch
    clang-analyzer-core.uninitialized.CapturedBlockVariable
    clang-analyzer-core.uninitialized.NewArraySize
    clang-analyzer-core.uninitialized.UndefReturn
    clang-analyzer-cplusplus.ArrayDelete
    clang-analyzer-cplusplus.InnerPointer
    clang-analyzer-cplusplus.Move
    clang-analyzer-cplusplus.NewDelete
    clang-analyzer-cplusplus.NewDeleteLeaks
    clang-analyzer-cplusplus.PlacementNew
    clang-analyzer-cplusplus.PureVirtualCall
    clang-analyzer-cplusplus.SelfAssignment
    clang-analyzer-cplusplus.SmartPtrModeling
    clang-analyzer-cplusplus.StringChecker
    clang-analyzer-cplusplus.VirtualCallModeling
    clang-analyzer-deadcode.DeadStores
    clang-analyzer-fuchsia.HandleChecker
    clang-analyzer-nullability.NullPassedToNonnull
    clang-analyzer-nullability.NullReturnedFromNonnull
    clang-analyzer-nullability.NullabilityBase
    clang-analyzer-nullability.NullableDereferenced
    clang-analyzer-nullability.NullablePassedToNonnull
    clang-analyzer-nullability.NullableReturnedFromNonnull
    clang-analyzer-optin.core.EnumCastOutOfRange
    clang-analyzer-optin.cplusplus.UninitializedObject
    clang-analyzer-optin.cplusplus.VirtualCall
    clang-analyzer-optin.mpi.MPI-Checker
    clang-analyzer-optin.osx.OSObjectCStyleCast
    clang-analyzer-optin.osx.cocoa.localizability.EmptyLocalizationContextChecker
    clang-analyzer-optin.osx.cocoa.localizability.NonLocalizedStringChecker
    clang-analyzer-optin.performance.GCDAntipattern
    clang-analyzer-optin.performance.Padding
    clang-analyzer-optin.portability.UnixAPI
    clang-analyzer-optin.taint.GenericTaint
    clang-analyzer-optin.taint.TaintPropagation
    clang-analyzer-optin.taint.TaintedAlloc
    clang-analyzer-optin.taint.TaintedDiv
    clang-analyzer-osx.API
    clang-analyzer-osx.MIG
    clang-analyzer-osx.NSOrCFErrorDerefChecker
    clang-analyzer-osx.NumberObjectConversion
    clang-analyzer-osx.OSObjectRetainCount
    clang-analyzer-osx.ObjCProperty
    clang-analyzer-osx.SecKeychainAPI
    clang-analyzer-osx.cocoa.AtSync
    clang-analyzer-osx.cocoa.AutoreleaseWrite
    clang-analyzer-osx.cocoa.ClassRelease
    clang-analyzer-osx.cocoa.Dealloc
    clang-analyzer-osx.cocoa.IncompatibleMethodTypes
    clang-analyzer-osx.cocoa.Loops
    clang-analyzer-osx.cocoa.MissingSuperCall
    clang-analyzer-osx.cocoa.NSAutoreleasePool
    clang-analyzer-osx.cocoa.NSError
    clang-analyzer-osx.cocoa.NilArg
    clang-analyzer-osx.cocoa.NonNilReturnValue
    clang-analyzer-osx.cocoa.ObjCGenerics
    clang-analyzer-osx.cocoa.RetainCount
    clang-analyzer-osx.cocoa.RetainCountBase
    clang-analyzer-osx.cocoa.RunLoopAutoreleaseLeak
    clang-analyzer-osx.cocoa.SelfInit
    clang-analyzer-osx.cocoa.SuperDealloc
    clang-analyzer-osx.cocoa.UnusedIvars
    clang-analyzer-osx.cocoa.VariadicMethodTypes
    clang-analyzer-osx.coreFoundation.CFError
    clang-analyzer-osx.coreFoundation.CFNumber
    clang-analyzer-osx.coreFoundation.CFRetainRelease
    clang-analyzer-osx.coreFoundation.containers.OutOfBounds
    clang-analyzer-osx.coreFoundation.containers.PointerSizedValues
    clang-analyzer-security.FloatLoopCounter
    clang-analyzer-security.MmapWriteExec
    clang-analyzer-security.PointerSub
    clang-analyzer-security.PutenvStackArray
    clang-analyzer-security.SetgidSetuidOrder
    clang-analyzer-security.cert.env.InvalidPtr
    clang-analyzer-security.insecureAPI.DeprecatedOrUnsafeBufferHandling
    clang-analyzer-security.insecureAPI.SecuritySyntaxChecker
    clang-analyzer-security.insecureAPI.UncheckedReturn
    clang-analyzer-security.insecureAPI.bcmp
    clang-analyzer-security.insecureAPI.bcopy
    clang-analyzer-security.insecureAPI.bzero
    clang-analyzer-security.insecureAPI.decodeValueOfObjCType
    clang-analyzer-security.insecureAPI.getpw
    clang-analyzer-security.insecureAPI.gets
    clang-analyzer-security.insecureAPI.mkstemp
    clang-analyzer-security.insecureAPI.mktemp
    clang-analyzer-security.insecureAPI.rand
    clang-analyzer-security.insecureAPI.strcpy
    clang-analyzer-security.insecureAPI.vfork
    clang-analyzer-unix.API
    clang-analyzer-unix.BlockInCriticalSection
    clang-analyzer-unix.Chroot
    clang-analyzer-unix.DynamicMemoryModeling
    clang-analyzer-unix.Errno
    clang-analyzer-unix.Malloc
    clang-analyzer-unix.MallocSizeof
    clang-analyzer-unix.MismatchedDeallocator
    clang-analyzer-unix.StdCLibraryFunctions
    clang-analyzer-unix.Stream
    clang-analyzer-unix.Vfork
    clang-analyzer-unix.cstring.BadSizeArg
    clang-analyzer-unix.cstring.CStringModeling
    clang-analyzer-unix.cstring.NotNullTerminated
    clang-analyzer-unix.cstring.NullArg
    clang-analyzer-valist.CopyToSelf
    clang-analyzer-valist.Uninitialized
    clang-analyzer-valist.Unterminated
    clang-analyzer-valist.ValistBase
    clang-analyzer-webkit.NoUncountedMemberChecker
    clang-analyzer-webkit.RefCntblBaseVirtualDtor
    clang-analyzer-webkit.UncountedLambdaCapturesChecker
    cppcoreguidelines-avoid-c-arrays
    cppcoreguidelines-avoid-capturing-lambda-coroutines
    cppcoreguidelines-avoid-const-or-ref-data-members
    cppcoreguidelines-avoid-do-while
    cppcoreguidelines-avoid-goto
    cppcoreguidelines-avoid-magic-numbers
    cppcoreguidelines-avoid-non-const-global-variables
    cppcoreguidelines-avoid-reference-coroutine-parameters
    cppcoreguidelines-c-copy-assignment-signature
    cppcoreguidelines-explicit-virtual-functions
    cppcoreguidelines-init-variables
    cppcoreguidelines-interfaces-global-init
    cppcoreguidelines-macro-to-enum
    cppcoreguidelines-macro-usage
    cppcoreguidelines-misleading-capture-default-by-value
    cppcoreguidelines-missing-std-forward
    cppcoreguidelines-narrowing-conversions
    cppcoreguidelines-no-malloc
    cppcoreguidelines-no-suspend-with-lock
    cppcoreguidelines-noexcept-destructor
    cppcoreguidelines-noexcept-move-operations
    cppcoreguidelines-noexcept-swap
    cppcoreguidelines-non-private-member-variables-in-classes
    cppcoreguidelines-owning-memory
    cppcoreguidelines-prefer-member-initializer
    cppcoreguidelines-pro-bounds-array-to-pointer-decay
    cppcoreguidelines-pro-bounds-constant-array-index
    cppcoreguidelines-pro-bounds-pointer-arithmetic
    cppcoreguidelines-pro-type-const-cast
    cppcoreguidelines-pro-type-cstyle-cast
    cppcoreguidelines-pro-type-member-init
    cppcoreguidelines-pro-type-reinterpret-cast
    cppcoreguidelines-pro-type-static-cast-downcast
    cppcoreguidelines-pro-type-union-access
    cppcoreguidelines-pro-type-vararg
    cppcoreguidelines-rvalue-reference-param-not-moved
    cppcoreguidelines-slicing
    cppcoreguidelines-special-member-functions
    cppcoreguidelines-use-default-member-init
    cppcoreguidelines-virtual-class-destructor
    modernize-avoid-bind
    modernize-avoid-c-arrays
    modernize-concat-nested-namespaces
    modernize-deprecated-headers
    modernize-deprecated-ios-base-aliases
    modernize-loop-convert
    modernize-macro-to-enum
    modernize-make-shared
    modernize-make-unique
    modernize-min-max-use-initializer-list
    modernize-pass-by-value
    modernize-raw-string-literal
    modernize-redundant-void-arg
    modernize-replace-auto-ptr
    modernize-replace-disallow-copy-and-assign-macro
    modernize-replace-random-shuffle
    modernize-return-braced-init-list
    modernize-shrink-to-fit
    modernize-type-traits
    modernize-unary-static-assert
    modernize-use-auto
    modernize-use-bool-literals
    modernize-use-constraints
    modernize-use-default-member-init
    modernize-use-designated-initializers
    modernize-use-emplace
    modernize-use-equals-default
    modernize-use-equals-delete
    modernize-use-integer-sign-comparison
    modernize-use-nodiscard
    modernize-use-noexcept
    modernize-use-nullptr
    modernize-use-override
    modernize-use-ranges
    modernize-use-starts-ends-with
    modernize-use-std-format
    modernize-use-std-numbers
    modernize-use-std-print
    modernize-use-trailing-return-type
    modernize-use-transparent-functors
    modernize-use-uncaught-exceptions
    modernize-use-using
    performance-avoid-endl
    performance-enum-size
    performance-faster-string-find
    performance-for-range-copy
    performance-implicit-conversion-in-loop
    performance-inefficient-algorithm
    performance-inefficient-string-concatenation
    performance-inefficient-vector-operation
    performance-move-const-arg
    performance-move-constructor-init
    performance-no-automatic-move
    performance-no-int-to-ptr
    performance-noexcept-destructor
    performance-noexcept-move-constructor
    performance-noexcept-swap
    performance-trivially-destructible
    performance-type-promotion-in-math-fn
    performance-unnecessary-copy-initialization
    performance-unnecessary-value-param
    readability-avoid-const-params-in-decls
    readability-avoid-nested-conditional-operator
    readability-avoid-return-with-void-value
    readability-avoid-unconditional-preprocessor-if
    readability-braces-around-statements
    readability-const-return-type
    readability-container-contains
    readability-container-data-pointer
    readability-container-size-empty
    readability-convert-member-functions-to-static
    readability-delete-null-pointer
    readability-duplicate-include
    readability-else-after-return
    readability-enum-initial-value
    readability-function-cognitive-complexity
    readability-function-size
    readability-identifier-length
    readability-identifier-naming
    readability-implicit-bool-conversion
    readability-inconsistent-declaration-parameter-name
    readability-isolate-declaration
    readability-magic-numbers
    readability-make-member-function-const
    readability-math-missing-parentheses
    readability-misleading-indentation
    readability-misplaced-array-index
    readability-named-parameter
    readability-non-const-parameter
    readability-operators-representation
    readability-qualified-auto
    readability-redundant-access-specifiers
    readability-redundant-casting
    readability-redundant-control-flow
    readability-redundant-declaration
    readability-redundant-function-ptr-dereference
    readability-redundant-inline-specifier
    readability-redundant-member-init
    readability-redundant-preprocessor
    readability-redundant-smartptr-get
    readability-redundant-string-cstr
    readability-redundant-string-init
    readability-reference-to-constructed-temporary
    readability-simplify-boolean-expr
    readability-simplify-subscript-expr
    readability-static-accessed-through-instance
    readability-static-definition-in-anonymous-namespace
    readability-string-compare
    readability-suspicious-call-argument
    readability-uniqueptr-delete-release
    readability-uppercase-literal-suffix
    readability-use-anyofallof
    readability-use-std-min-max

Running clang-tidy for 34 files out of 34 in compilation database ...
[ 1/34][0.4s] /home/fabio/.llvm/toolchains/source-llvmorg-21-init/bin/clang-tidy -export-fixes /tmp/tmpjq3x7tnl/tmp6gg03bbt.yaml -p=/mnt/projects/Projects/chromewebdriver/build /mnt/projects/Projects/chromewebdriver/tests/pending_entry_tests.cpp
[ 2/34][12.1s] /home/fabio/.llvm/toolchains/source-llvmorg-21-init/bin/clang-tidy -export-fixes /tmp/tmpjq3x7tnl/tmp46znpy13.yaml -p=/mnt/projects/Projects/chromewebdriver/build /mnt/projects/Projects/chromewebdriver/src/CurlRAII.cpp
55833 warnings generated.
Suppressed 55833 warnings (55833 in non-user code).
Use -header-filter=.* to display errors from all non-system headers. Use -system-headers to display errors from system headers as well.

[ 3/34][16.7s] /home/fabio/.llvm/toolchains/source-llvmorg-21-init/bin/clang-tidy -export-fixes /tmp/tmpjq3x7tnl/tmpbqfgjtb5.yaml -p=/mnt/projects/Projects/chromewebdriver/build /mnt/projects/Projects/chromewebdriver/src/bidi_commands.cpp
/mnt/projects/Projects/chromewebdriver/src/bidi_commands.cpp:10:16: warning: 2 adjacent parameters of 'subscribe' of similar type ('const std::vector<std::string> &') are easily swapped by mistake [bugprone-easily-swappable-parameters]
   10 | auto subscribe(const std::vector<std::string> &events,
      |                ^~~~~~~~~~~~~~~~~~~~~~~~~~~~~~~~~~~~~~~
   11 |                const std::vector<std::string> &contexts)
      |                ~~~~~~~~~~~~~~~~~~~~~~~~~~~~~~~~~~~~~~~~
/mnt/projects/Projects/chromewebdriver/src/bidi_commands.cpp:10:48: note: the first parameter in the range is 'events'
   10 | auto subscribe(const std::vector<std::string> &events,
      |                                                ^~~~~~
/mnt/projects/Projects/chromewebdriver/src/bidi_commands.cpp:11:48: note: the last parameter in the range is 'contexts'
   11 |                const std::vector<std::string> &contexts)
      |                                                ^~~~~~~~
/mnt/projects/Projects/chromewebdriver/src/bidi_commands.cpp:63:15: warning: 2 adjacent parameters of 'navigate' of similar type ('std::string_view') are easily swapped by mistake [bugprone-easily-swappable-parameters]
   63 | auto navigate(std::string_view context, std::string_view url,
      |               ^~~~~~~~~~~~~~~~~~~~~~~~~~~~~~~~~~~~~~~~~~~~~~
/mnt/projects/Projects/chromewebdriver/src/bidi_commands.cpp:63:32: note: the first parameter in the range is 'context'
   63 | auto navigate(std::string_view context, std::string_view url,
      |                                ^~~~~~~
/mnt/projects/Projects/chromewebdriver/src/bidi_commands.cpp:63:58: note: the last parameter in the range is 'url'
   63 | auto navigate(std::string_view context, std::string_view url,
      |                                                          ^~~
/mnt/projects/Projects/chromewebdriver/src/bidi_commands.cpp:171:23: warning: 2 adjacent parameters of 'continue_request' of similar type ('std::string_view') are easily swapped by mistake [bugprone-easily-swappable-parameters]
  171 | auto continue_request(std::string_view request_id, std::string_view url,
      |                       ^~~~~~~~~~~~~~~~~~~~~~~~~~~~~~~~~~~~~~~~~~~~~~~~~
/mnt/projects/Projects/chromewebdriver/src/bidi_commands.cpp:171:40: note: the first parameter in the range is 'request_id'
  171 | auto continue_request(std::string_view request_id, std::string_view url,
      |                                        ^~~~~~~~~~
/mnt/projects/Projects/chromewebdriver/src/bidi_commands.cpp:171:69: note: the last parameter in the range is 'url'
  171 | auto continue_request(std::string_view request_id, std::string_view url,
      |                                                                     ^~~
71525 warnings generated.
Suppressed 71522 warnings (71522 in non-user code).
Use -header-filter=.* to display errors from all non-system headers. Use -system-headers to display errors from system headers as well.

[ 4/34][16.5s] /home/fabio/.llvm/toolchains/source-llvmorg-21-init/bin/clang-tidy -export-fixes /tmp/tmpjq3x7tnl/tmpwkt8gqnk.yaml -p=/mnt/projects/Projects/chromewebdriver/build /mnt/projects/Projects/chromewebdriver/src/bidi_memory_pool.cpp
74192 warnings generated.
Suppressed 74192 warnings (74192 in non-user code).
Use -header-filter=.* to display errors from all non-system headers. Use -system-headers to display errors from system headers as well.

[ 5/34][23.1s] /home/fabio/.llvm/toolchains/source-llvmorg-21-init/bin/clang-tidy -export-fixes /tmp/tmpjq3x7tnl/tmpsfo0zqpf.yaml -p=/mnt/projects/Projects/chromewebdriver/build /mnt/projects/Projects/chromewebdriver/tests/subscription_test.cpp
78711 warnings generated.
Suppressed 78749 warnings (78711 in non-user code, 38 NOLINT).
Use -header-filter=.* to display errors from all non-system headers. Use -system-headers to display errors from system headers as well.

[ 6/34][23.8s] /home/fabio/.llvm/toolchains/source-llvmorg-21-init/bin/clang-tidy -export-fixes /tmp/tmpjq3x7tnl/tmpiix2al9w.yaml -p=/mnt/projects/Projects/chromewebdriver/build /mnt/projects/Projects/chromewebdriver/tests/metrics_test.cpp
83916 warnings generated.
Suppressed 83954 warnings (83916 in non-user code, 38 NOLINT).
Use -header-filter=.* to display errors from all non-system headers. Use -system-headers to display errors from system headers as well.

[ 7/34][18.4s] /home/fabio/.llvm/toolchains/source-llvmorg-21-init/bin/clang-tidy -export-fixes /tmp/tmpjq3x7tnl/tmp0ibpht3r.yaml -p=/mnt/projects/Projects/chromewebdriver/build /mnt/projects/Projects/chromewebdriver/tests/test_poolvec.cpp
/mnt/projects/Projects/chromewebdriver/tests/test_poolvec.cpp:12:17: warning: parameter name 'v' is too short, expected at least 3 characters [readability-identifier-length]
   12 |     Payload(int v) : x(v) {}
      |                 ^
/mnt/projects/Projects/chromewebdriver/tests/test_poolvec.cpp:18:57: warning: 10 is a magic number; consider replacing it with a named constant [cppcoreguidelines-avoid-magic-numbers,readability-magic-numbers]
   18 |     auto h1 = pool.borrow(std::chrono::milliseconds(0), 10);
      |                                                         ^
/mnt/projects/Projects/chromewebdriver/tests/test_poolvec.cpp:24:57: warning: 20 is a magic number; consider replacing it with a named constant [cppcoreguidelines-avoid-magic-numbers,readability-magic-numbers]
   24 |     auto h2 = pool.borrow(std::chrono::milliseconds(0), 20);
      |                                                         ^
/mnt/projects/Projects/chromewebdriver/tests/test_poolvec.cpp:32:57: warning: 7 is a magic number; consider replacing it with a named constant [cppcoreguidelines-avoid-magic-numbers,readability-magic-numbers]
   32 |     auto h1 = pool.borrow(std::chrono::milliseconds(0), 7);
      |                                                         ^
/mnt/projects/Projects/chromewebdriver/tests/test_poolvec.cpp:48:27: warning: 16 is a magic number; consider replacing it with a named constant [cppcoreguidelines-avoid-magic-numbers,readability-magic-numbers]
   48 |     PoolVec<Payload> pool(16, PoolVec<Payload>::Policy::Recreate);
      |                           ^
/mnt/projects/Projects/chromewebdriver/tests/test_poolvec.cpp:52:27: warning: parameter name 'id' is too short, expected at least 3 characters [readability-identifier-length]
   52 |     auto worker = [&](int id) {
      |                           ^
/mnt/projects/Projects/chromewebdriver/tests/test_poolvec.cpp:54:18: warning: variable name 'h' is too short, expected at least 2 characters [readability-identifier-length]
   54 |             auto h = pool.borrow(std::chrono::milliseconds(100), id);
      |                  ^
/mnt/projects/Projects/chromewebdriver/tests/test_poolvec.cpp:54:60: warning: 100 is a magic number; consider replacing it with a named constant [cppcoreguidelines-avoid-magic-numbers,readability-magic-numbers]
   54 |             auto h = pool.borrow(std::chrono::milliseconds(100), id);
      |                                                            ^
/mnt/projects/Projects/chromewebdriver/tests/test_poolvec.cpp:67:16: warning: variable name 't' is too short, expected at least 2 characters [readability-identifier-length]
   67 |     for (auto &t : ths) {
      |                ^
84036 warnings generated.
Suppressed 84060 warnings (84022 in non-user code, 38 NOLINT).
Use -header-filter=.* to display errors from all non-system headers. Use -system-headers to display errors from system headers as well.

[ 8/34][16.2s] /home/fabio/.llvm/toolchains/source-llvmorg-21-init/bin/clang-tidy -export-fixes /tmp/tmpjq3x7tnl/tmps6wmpjvd.yaml -p=/mnt/projects/Projects/chromewebdriver/build /mnt/projects/Projects/chromewebdriver/tests/wait_helpers_test.cpp
77257 warnings generated.
Suppressed 77295 warnings (77257 in non-user code, 38 NOLINT).
Use -header-filter=.* to display errors from all non-system headers. Use -system-headers to display errors from system headers as well.

[ 9/34][40.2s] /home/fabio/.llvm/toolchains/source-llvmorg-21-init/bin/clang-tidy -export-fixes /tmp/tmpjq3x7tnl/tmpq9o113c3.yaml -p=/mnt/projects/Projects/chromewebdriver/build /mnt/projects/Projects/chromewebdriver/tests/pool_injection_test.cpp
/mnt/projects/Projects/chromewebdriver/tests/pool_injection_test.cpp:30:16: warning: 12345 is a magic number; consider replacing it with a named constant [cppcoreguidelines-avoid-magic-numbers,readability-magic-numbers]
   30 |         return 12345;
      |                ^
/mnt/projects/Projects/chromewebdriver/tests/pool_injection_test.cpp:35:10: warning: variable name 'a' is too short, expected at least 2 characters [readability-identifier-length]
   35 |     auto a = asyncx::Async<int>::from_future(boost::asio::system_executor{},
      |          ^
/mnt/projects/Projects/chromewebdriver/tests/pool_injection_test.cpp:41:38: warning: parameter name 'v' is too short, expected at least 3 characters [readability-identifier-length]
   41 |     a.finally([&](std::optional<int> v,
      |                                      ^
/mnt/projects/Projects/chromewebdriver/tests/pool_injection_test.cpp:42:62: warning: parameter name 'ec' is too short, expected at least 3 characters [readability-identifier-length]
   42 |                   [[maybe_unused]] std::optional<asyncx::EC> ec,
      |                                                              ^
/mnt/projects/Projects/chromewebdriver/tests/pool_injection_test.cpp:43:45: warning: parameter name 'ep' is too short, expected at least 3 characters [readability-identifier-length]
   43 |                   const std::exception_ptr &ep) {
      |                                             ^
134420 warnings generated.
Suppressed 134562 warnings (134414 in non-user code, 148 NOLINT).
Use -header-filter=.* to display errors from all non-system headers. Use -system-headers to display errors from system headers as well.

[10/34][40.6s] /home/fabio/.llvm/toolchains/source-llvmorg-21-init/bin/clang-tidy -export-fixes /tmp/tmpjq3x7tnl/tmp62z7zdj2.yaml -p=/mnt/projects/Projects/chromewebdriver/build /mnt/projects/Projects/chromewebdriver/tests/execute_script_integration_test.cpp
/mnt/projects/Projects/chromewebdriver/tests/execute_script_integration_test.cpp:59:7: warning: class 'SimpleHttpServer' defines a non-default destructor but does not define a copy constructor, a copy assignment operator, a move constructor or a move assignment operator [cppcoreguidelines-special-member-functions]
   59 | class SimpleHttpServer {
      |       ^
/mnt/projects/Projects/chromewebdriver/tests/execute_script_integration_test.cpp:80:30: warning: do not use reinterpret_cast [cppcoreguidelines-pro-type-reinterpret-cast]
   80 |         if (bind(listen_fd_, reinterpret_cast<sockaddr *>(&addr),
      |                              ^
/mnt/projects/Projects/chromewebdriver/tests/execute_script_integration_test.cpp:86:32: warning: 8 is a magic number; consider replacing it with a named constant [cppcoreguidelines-avoid-magic-numbers,readability-magic-numbers]
   86 |         if (listen(listen_fd_, 8) < 0) {
      |                                ^
/mnt/projects/Projects/chromewebdriver/tests/execute_script_integration_test.cpp:94:37: warning: do not use reinterpret_cast [cppcoreguidelines-pro-type-reinterpret-cast]
   94 |         if (getsockname(listen_fd_, reinterpret_cast<sockaddr *>(&bound),
      |                                     ^
/mnt/projects/Projects/chromewebdriver/tests/execute_script_integration_test.cpp:129:36: warning: do not use reinterpret_cast [cppcoreguidelines-pro-type-reinterpret-cast]
  129 |                 accept(listen_fd_, reinterpret_cast<sockaddr *>(&client_addr),
      |                                    ^
/mnt/projects/Projects/chromewebdriver/tests/execute_script_integration_test.cpp:255:37: warning: 2 adjacent parameters of 'make_response_body_from' of similar type ('const std::string &') are easily swapped by mistake [bugprone-easily-swappable-parameters]
  255 | static auto make_response_body_from(const std::string &body,
      |                                     ^~~~~~~~~~~~~~~~~~~~~~~~
  256 |                                     const std::string &path) -> std::string
      |                                     ~~~~~~~~~~~~~~~~~~~~~~~
/mnt/projects/Projects/chromewebdriver/tests/execute_script_integration_test.cpp:255:56: note: the first parameter in the range is 'body'
  255 | static auto make_response_body_from(const std::string &body,
      |                                                        ^~~~
/mnt/projects/Projects/chromewebdriver/tests/execute_script_integration_test.cpp:256:56: note: the last parameter in the range is 'path'
  256 |                                     const std::string &path) -> std::string
      |                                                        ^~~~
124786 warnings generated.
Suppressed 124836 warnings (124779 in non-user code, 57 NOLINT).
Use -header-filter=.* to display errors from all non-system headers. Use -system-headers to display errors from system headers as well.

[11/34][43.5s] /home/fabio/.llvm/toolchains/source-llvmorg-21-init/bin/clang-tidy -export-fixes /tmp/tmpjq3x7tnl/tmp90v_ntsx.yaml -p=/mnt/projects/Projects/chromewebdriver/build /mnt/projects/Projects/chromewebdriver/tests/bidi_builders_test.cpp
/mnt/projects/Projects/chromewebdriver/tests/bidi_builders_test.cpp:122:38: warning: 3.14 is a magic number; consider replacing it with a named constant [cppcoreguidelines-avoid-magic-numbers,readability-magic-numbers]
  122 |     auto lv_num = local_value_number(3.14);
      |                                      ^
87091 warnings generated.
Suppressed 87127 warnings (87089 in non-user code, 38 NOLINT).
Use -header-filter=.* to display errors from all non-system headers. Use -system-headers to display errors from system headers as well.

[12/34][45.4s] /home/fabio/.llvm/toolchains/source-llvmorg-21-init/bin/clang-tidy -export-fixes /tmp/tmpjq3x7tnl/tmpv9olerel.yaml -p=/mnt/projects/Projects/chromewebdriver/build /mnt/projects/Projects/chromewebdriver/src/bidi_threading.cpp
/mnt/projects/Projects/chromewebdriver/src/bidi_threading.cpp:8:36: warning: 2 adjacent parameters of 'ThreadingContext' of similar type ('std::size_t') are easily swapped by mistake [bugprone-easily-swappable-parameters]
    8 | ThreadingContext::ThreadingContext(std::size_t io_threads,
      |                                    ^~~~~~~~~~~~~~~~~~~~~~~
    9 |                                    std::size_t cpu_threads)
      |                                    ~~~~~~~~~~~~~~~~~~~~~~~
/mnt/projects/Projects/chromewebdriver/src/bidi_threading.cpp:8:48: note: the first parameter in the range is 'io_threads'
    8 | ThreadingContext::ThreadingContext(std::size_t io_threads,
      |                                                ^~~~~~~~~~
/mnt/projects/Projects/chromewebdriver/src/bidi_threading.cpp:9:48: note: the last parameter in the range is 'cpu_threads'
    9 |                                    std::size_t cpu_threads)
      |                                                ^~~~~~~~~~~
123169 warnings generated.
Suppressed 123168 warnings (123168 in non-user code).
Use -header-filter=.* to display errors from all non-system headers. Use -system-headers to display errors from system headers as well.

[13/34][45.6s] /home/fabio/.llvm/toolchains/source-llvmorg-21-init/bin/clang-tidy -export-fixes /tmp/tmpjq3x7tnl/tmp07kawnx2.yaml -p=/mnt/projects/Projects/chromewebdriver/build /mnt/projects/Projects/chromewebdriver/src/bidi_timer_pool.cpp
/mnt/projects/Projects/chromewebdriver/src/bidi_timer_pool.cpp:41:43: warning: parameter name 'id' is too short, expected at least 3 characters [readability-identifier-length]
   41 | void TimerWheel::cancel_timeout(TimeoutId id) {
      |                                           ^
/mnt/projects/Projects/chromewebdriver/src/bidi_timer_pool.cpp:71:62: warning: parameter name 'ec' is too short, expected at least 3 characters [readability-identifier-length]
   71 |     tick_timer_->async_wait([this](boost::system::error_code ec) {
      |                                                              ^
/mnt/projects/Projects/chromewebdriver/src/bidi_timer_pool.cpp:110:15: warning: empty catch statements hide issues; to handle exceptions appropriately, consider re-throwing, handling, or avoiding catch altogether [bugprone-empty-catch]
  110 |             } catch (...) {
      |               ^
127779 warnings generated.
Suppressed 127776 warnings (127776 in non-user code).
Use -header-filter=.* to display errors from all non-system headers. Use -system-headers to display errors from system headers as well.

[14/34][46.4s] /home/fabio/.llvm/toolchains/source-llvmorg-21-init/bin/clang-tidy -export-fixes /tmp/tmpjq3x7tnl/tmp67hkb5v6.yaml -p=/mnt/projects/Projects/chromewebdriver/build /mnt/projects/Projects/chromewebdriver/src/lib.cpp
130065 warnings generated.
Suppressed 130065 warnings (130065 in non-user code).
Use -header-filter=.* to display errors from all non-system headers. Use -system-headers to display errors from system headers as well.

[15/34][47.2s] /home/fabio/.llvm/toolchains/source-llvmorg-21-init/bin/clang-tidy -export-fixes /tmp/tmpjq3x7tnl/tmpfr8zv9ff.yaml -p=/mnt/projects/Projects/chromewebdriver/build /mnt/projects/Projects/chromewebdriver/src/bidi_buffer_pool.cpp
/mnt/projects/Projects/chromewebdriver/src/bidi_buffer_pool.cpp:22:33: warning: do not use pointer arithmetic [cppcoreguidelines-pro-bounds-pointer-arithmetic]
   22 |         const auto *last = data + length; // pointer arithmetic in-bounds
      |                                 ^
148135 warnings generated.
Suppressed 148134 warnings (148134 in non-user code).
Use -header-filter=.* to display errors from all non-system headers. Use -system-headers to display errors from system headers as well.

[16/34][54.2s] /home/fabio/.llvm/toolchains/source-llvmorg-21-init/bin/clang-tidy -export-fixes /tmp/tmpjq3x7tnl/tmpaj24l688.yaml -p=/mnt/projects/Projects/chromewebdriver/build /mnt/projects/Projects/chromewebdriver/tests/test_asyncx_cancel.cpp
/mnt/projects/Projects/chromewebdriver/tests/test_asyncx_cancel.cpp:14:26: warning: parameter name 'ex' is too short, expected at least 3 characters [readability-identifier-length]
   14 |     net::any_io_executor ex, int work_iters,
      |                          ^
/mnt/projects/Projects/chromewebdriver/tests/test_asyncx_cancel.cpp:17:58: warning: parameter name 'cb' is too short, expected at least 3 characters [readability-identifier-length]
   17 |         std::move(ex), [work_iters, cancelled_flag](auto cb, const auto &st) {
      |                                                          ^
/mnt/projects/Projects/chromewebdriver/tests/test_asyncx_cancel.cpp:17:74: warning: parameter name 'st' is too short, expected at least 3 characters [readability-identifier-length]
   17 |         std::move(ex), [work_iters, cancelled_flag](auto cb, const auto &st) {
      |                                                                          ^
/mnt/projects/Projects/chromewebdriver/tests/test_asyncx_cancel.cpp:26:75: warning: 5 is a magic number; consider replacing it with a named constant [cppcoreguidelines-avoid-magic-numbers,readability-magic-numbers]
   26 |                     std::this_thread::sleep_for(std::chrono::milliseconds(5));
      |                                                                           ^
/mnt/projects/Projects/chromewebdriver/tests/test_asyncx_cancel.cpp:29:49: warning: 42 is a magic number; consider replacing it with a named constant [cppcoreguidelines-avoid-magic-numbers,readability-magic-numbers]
   29 |                 cb(boost::system::error_code{}, 42);
      |                                                 ^
/mnt/projects/Projects/chromewebdriver/tests/test_asyncx_cancel.cpp:40:42: warning: 100 is a magic number; consider replacing it with a named constant [cppcoreguidelines-avoid-magic-numbers,readability-magic-numbers]
   40 |     auto a1 = make_cooperative_async(ex, 100, flag1);
      |                                          ^
/mnt/projects/Projects/chromewebdriver/tests/test_asyncx_cancel.cpp:48:9: warning: coroutine lambda may cause use-after-free, avoid captures or ensure lambda closure object has guaranteed lifetime [cppcoreguidelines-avoid-capturing-lambda-coroutines]
   48 |         [composed]() -> boost::asio::awaitable<int> {
      |         ^
/mnt/projects/Projects/chromewebdriver/tests/test_asyncx_cancel.cpp:57:59: warning: 50 is a magic number; consider replacing it with a named constant [cppcoreguidelines-avoid-magic-numbers,readability-magic-numbers]
   57 |     std::this_thread::sleep_for(std::chrono::milliseconds(50));
      |                                                           ^
/mnt/projects/Projects/chromewebdriver/tests/test_asyncx_cancel.cpp:65:47: warning: 100 is a magic number; consider replacing it with a named constant [cppcoreguidelines-avoid-magic-numbers,readability-magic-numbers]
   65 |     auto long_op = make_cooperative_async(ex, 100, flag);
      |                                               ^
/mnt/projects/Projects/chromewebdriver/tests/test_asyncx_cancel.cpp:67:70: warning: 20 is a magic number; consider replacing it with a named constant [cppcoreguidelines-avoid-magic-numbers,readability-magic-numbers]
   67 |     auto timed = timeout<int>(long_op, ex, std::chrono::milliseconds(20));
      |                                                                      ^
/mnt/projects/Projects/chromewebdriver/tests/test_asyncx_cancel.cpp:71:9: warning: coroutine lambda may cause use-after-free, avoid captures or ensure lambda closure object has guaranteed lifetime [cppcoreguidelines-avoid-capturing-lambda-coroutines]
   71 |         [timed]() -> boost::asio::awaitable<int> {
      |         ^
/mnt/projects/Projects/chromewebdriver/tests/test_asyncx_cancel.cpp:78:14: warning: variable name 'r' is too short, expected at least 2 characters [readability-identifier-length]
   78 |         auto r = fut.get();
      |              ^
/mnt/projects/Projects/chromewebdriver/tests/test_asyncx_cancel.cpp:82:7: warning: empty catch statements hide issues; to handle exceptions appropriately, consider re-throwing, handling, or avoiding catch altogether [bugprone-empty-catch]
   82 |     } catch (...) {
      |       ^
/mnt/projects/Projects/chromewebdriver/tests/test_asyncx_cancel.cpp:86:59: warning: 50 is a magic number; consider replacing it with a named constant [cppcoreguidelines-avoid-magic-numbers,readability-magic-numbers]
   86 |     std::this_thread::sleep_for(std::chrono::milliseconds(50));
      |                                                           ^
/mnt/projects/Projects/chromewebdriver/tests/test_asyncx_cancel.cpp:96:60: warning: parameter name 'cb' is too short, expected at least 3 characters [readability-identifier-length]
   96 |     auto a1 = Async<int>::from_callback(ex, [](const auto &cb, const auto &) {
      |                                                            ^
/mnt/projects/Projects/chromewebdriver/tests/test_asyncx_cancel.cpp:102:42: warning: 100 is a magic number; consider replacing it with a named constant [cppcoreguidelines-avoid-magic-numbers,readability-magic-numbers]
  102 |     auto a2 = make_cooperative_async(ex, 100, flag2);
      |                                          ^
/mnt/projects/Projects/chromewebdriver/tests/test_asyncx_cancel.cpp:108:9: warning: coroutine lambda may cause use-after-free, avoid captures or ensure lambda closure object has guaranteed lifetime [cppcoreguidelines-avoid-capturing-lambda-coroutines]
  108 |         [composed]() -> boost::asio::awaitable<std::vector<int>> {
      |         ^
/mnt/projects/Projects/chromewebdriver/tests/test_asyncx_cancel.cpp:114:14: warning: variable name 'r' is too short, expected at least 2 characters [readability-identifier-length]
  114 |         auto r = fut.get();
      |              ^
/mnt/projects/Projects/chromewebdriver/tests/test_asyncx_cancel.cpp:118:7: warning: empty catch statements hide issues; to handle exceptions appropriately, consider re-throwing, handling, or avoiding catch altogether [bugprone-empty-catch]
  118 |     } catch (...) {
      |       ^
/mnt/projects/Projects/chromewebdriver/tests/test_asyncx_cancel.cpp:122:59: warning: 50 is a magic number; consider replacing it with a named constant [cppcoreguidelines-avoid-magic-numbers,readability-magic-numbers]
  122 |     std::this_thread::sleep_for(std::chrono::milliseconds(50));
      |                                                           ^
/mnt/projects/Projects/chromewebdriver/tests/test_asyncx_cancel.cpp:131:42: warning: 100 is a magic number; consider replacing it with a named constant [cppcoreguidelines-avoid-magic-numbers,readability-magic-numbers]
  131 |     auto a1 = make_cooperative_async(ex, 100, flag1);
      |                                          ^
/mnt/projects/Projects/chromewebdriver/tests/test_asyncx_cancel.cpp:132:42: warning: 100 is a magic number; consider replacing it with a named constant [cppcoreguidelines-avoid-magic-numbers,readability-magic-numbers]
  132 |     auto a2 = make_cooperative_async(ex, 100, flag2);
      |                                          ^
/mnt/projects/Projects/chromewebdriver/tests/test_asyncx_cancel.cpp:139:9: warning: coroutine lambda may cause use-after-free, avoid captures or ensure lambda closure object has guaranteed lifetime [cppcoreguidelines-avoid-capturing-lambda-coroutines]
  139 |         [composed]() -> boost::asio::awaitable<int> {
      |         ^
/mnt/projects/Projects/chromewebdriver/tests/test_asyncx_cancel.cpp:145:59: warning: 10 is a magic number; consider replacing it with a named constant [cppcoreguidelines-avoid-magic-numbers,readability-magic-numbers]
  145 |     std::this_thread::sleep_for(std::chrono::milliseconds(10));
      |                                                           ^
/mnt/projects/Projects/chromewebdriver/tests/test_asyncx_cancel.cpp:151:14: warning: variable name 'r' is too short, expected at least 2 characters [readability-identifier-length]
  151 |         auto r = fut.get();
      |              ^
/mnt/projects/Projects/chromewebdriver/tests/test_asyncx_cancel.cpp:153:7: warning: empty catch statements hide issues; to handle exceptions appropriately, consider re-throwing, handling, or avoiding catch altogether [bugprone-empty-catch]
  153 |     } catch (...) {
      |       ^
/mnt/projects/Projects/chromewebdriver/tests/test_asyncx_cancel.cpp:157:59: warning: 50 is a magic number; consider replacing it with a named constant [cppcoreguidelines-avoid-magic-numbers,readability-magic-numbers]
  157 |     std::this_thread::sleep_for(std::chrono::milliseconds(50));
      |                                                           ^
/mnt/projects/Projects/chromewebdriver/tests/test_asyncx_cancel.cpp:164:60: warning: parameter name 'cb' is too short, expected at least 3 characters [readability-identifier-length]
  164 |     auto a1 = Async<int>::from_callback(ex, [](const auto &cb, const auto &) {
      |                                                            ^
/mnt/projects/Projects/chromewebdriver/tests/test_asyncx_cancel.cpp:167:60: warning: parameter name 'cb' is too short, expected at least 3 characters [readability-identifier-length]
  167 |     auto a2 = Async<int>::from_callback(ex, [](const auto &cb, const auto &) {
      |                                                            ^
/mnt/projects/Projects/chromewebdriver/tests/test_asyncx_cancel.cpp:175:9: warning: coroutine lambda may cause use-after-free, avoid captures or ensure lambda closure object has guaranteed lifetime [cppcoreguidelines-avoid-capturing-lambda-coroutines]
  175 |         [composed]() -> boost::asio::awaitable<std::vector<int>> {
      |         ^
/mnt/projects/Projects/chromewebdriver/tests/test_asyncx_cancel.cpp:180:10: warning: variable name 'r' is too short, expected at least 2 characters [readability-identifier-length]
  180 |     auto r = fut.get();
      |          ^
139857 warnings generated.
Suppressed 139943 warnings (139795 in non-user code, 148 NOLINT).
Use -header-filter=.* to display errors from all non-system headers. Use -system-headers to display errors from system headers as well.

[17/34][55.6s] /home/fabio/.llvm/toolchains/source-llvmorg-21-init/bin/clang-tidy -export-fixes /tmp/tmpjq3x7tnl/tmplum28r9y.yaml -p=/mnt/projects/Projects/chromewebdriver/build /mnt/projects/Projects/chromewebdriver/src/main.cpp
/mnt/projects/Projects/chromewebdriver/src/main.cpp:31:12: warning: avoid repeating the return type from the declaration; use a braced initializer list instead [modernize-return-braced-init-list]
   31 |     return std::string(env);
      |            ^
162565 warnings generated.
Suppressed 162583 warnings (162564 in non-user code, 19 NOLINT).
Use -header-filter=.* to display errors from all non-system headers. Use -system-headers to display errors from system headers as well.

[18/34][55.6s] /home/fabio/.llvm/toolchains/source-llvmorg-21-init/bin/clang-tidy -export-fixes /tmp/tmpjq3x7tnl/tmpb2h96ds1.yaml -p=/mnt/projects/Projects/chromewebdriver/build /mnt/projects/Projects/chromewebdriver/tests/bidi_compile_test.cpp
181325 warnings generated.
Suppressed 181473 warnings (181325 in non-user code, 148 NOLINT).
Use -header-filter=.* to display errors from all non-system headers. Use -system-headers to display errors from system headers as well.

[19/34][56.2s] /home/fabio/.llvm/toolchains/source-llvmorg-21-init/bin/clang-tidy -export-fixes /tmp/tmpjq3x7tnl/tmpzbsnhu7e.yaml -p=/mnt/projects/Projects/chromewebdriver/build /mnt/projects/Projects/chromewebdriver/tests/bidi_core_corrections_test.cpp
/mnt/projects/Projects/chromewebdriver/tests/bidi_core_corrections_test.cpp:23:15: warning: unchecked access to optional value [bugprone-unchecked-optional-access]
   23 |     EXPECT_EQ(parsed->id, 9007199254740992ULL);
      |               ^
/mnt/projects/Projects/chromewebdriver/tests/bidi_core_corrections_test.cpp:37:18: warning: unchecked access to optional value [bugprone-unchecked-optional-access]
   37 |     EXPECT_FALSE(parsed->is_success);
      |                  ^
/mnt/projects/Projects/chromewebdriver/tests/bidi_core_corrections_test.cpp:38:15: warning: unchecked access to optional value [bugprone-unchecked-optional-access]
   38 |     EXPECT_EQ(parsed->stacktrace, "at function1\nat function2");
      |               ^
/mnt/projects/Projects/chromewebdriver/tests/bidi_core_corrections_test.cpp:65:17: warning: unchecked access to optional value [bugprone-unchecked-optional-access]
   65 |     EXPECT_TRUE(parsed->is_success);
      |                 ^
/mnt/projects/Projects/chromewebdriver/tests/bidi_core_corrections_test.cpp:66:17: warning: unchecked access to optional value [bugprone-unchecked-optional-access]
   66 |     EXPECT_TRUE(parsed->result.empty());
      |                 ^
/mnt/projects/Projects/chromewebdriver/tests/bidi_core_corrections_test.cpp:75:17: warning: unchecked access to optional value [bugprone-unchecked-optional-access]
   75 |     EXPECT_TRUE(parsed->is_success);
      |                 ^
/mnt/projects/Projects/chromewebdriver/tests/bidi_core_corrections_test.cpp:76:17: warning: unchecked access to optional value [bugprone-unchecked-optional-access]
   76 |     EXPECT_TRUE(parsed->result.empty());
      |                 ^
176573 warnings generated.
Suppressed 176714 warnings (176566 in non-user code, 148 NOLINT).
Use -header-filter=.* to display errors from all non-system headers. Use -system-headers to display errors from system headers as well.

[20/34][56.4s] /home/fabio/.llvm/toolchains/source-llvmorg-21-init/bin/clang-tidy -export-fixes /tmp/tmpjq3x7tnl/tmpd535igii.yaml -p=/mnt/projects/Projects/chromewebdriver/build /mnt/projects/Projects/chromewebdriver/demo_threaded_bidi.cpp
/mnt/projects/Projects/chromewebdriver/demo_threaded_bidi.cpp:57:75: warning: 5 is a magic number; consider replacing it with a named constant [cppcoreguidelines-avoid-magic-numbers,readability-magic-numbers]
   57 |             boost::json::object{{"type", "window"}}, std::chrono::seconds(5));
      |                                                                           ^
/mnt/projects/Projects/chromewebdriver/demo_threaded_bidi.cpp:70:34: warning: 10 is a magic number; consider replacing it with a named constant [cppcoreguidelines-avoid-magic-numbers,readability-magic-numbers]
   70 |             std::chrono::seconds(10));
      |                                  ^
/mnt/projects/Projects/chromewebdriver/demo_threaded_bidi.cpp:94:34: warning: 5 is a magic number; consider replacing it with a named constant [cppcoreguidelines-avoid-magic-numbers,readability-magic-numbers]
   94 |             std::chrono::seconds(5));
      |                                  ^
174811 warnings generated.
Suppressed 174915 warnings (174805 in non-user code, 110 NOLINT).
Use -header-filter=.* to display errors from all non-system headers. Use -system-headers to display errors from system headers as well.

[21/34][57.0s] /home/fabio/.llvm/toolchains/source-llvmorg-21-init/bin/clang-tidy -export-fixes /tmp/tmpjq3x7tnl/tmpl37e4ry2.yaml -p=/mnt/projects/Projects/chromewebdriver/build /mnt/projects/Projects/chromewebdriver/tests/id_serialization_test.cpp
/mnt/projects/Projects/chromewebdriver/tests/id_serialization_test.cpp:33:15: warning: unchecked access to optional value [bugprone-unchecked-optional-access]
   33 |     EXPECT_EQ(parsed->id, id);
      |               ^
/mnt/projects/Projects/chromewebdriver/tests/id_serialization_test.cpp:34:28: warning: unchecked access to optional value [bugprone-unchecked-optional-access]
   34 |     EXPECT_TRUE(is_id_safe(parsed->id));
      |                            ^
/mnt/projects/Projects/chromewebdriver/tests/id_serialization_test.cpp:57:15: warning: unchecked access to optional value [bugprone-unchecked-optional-access]
   57 |     EXPECT_EQ(parsed->id, id);
      |               ^
/mnt/projects/Projects/chromewebdriver/tests/id_serialization_test.cpp:58:29: warning: unchecked access to optional value [bugprone-unchecked-optional-access]
   58 |     EXPECT_FALSE(is_id_safe(parsed->id));
      |                             ^
176532 warnings generated.
Suppressed 176676 warnings (176528 in non-user code, 148 NOLINT).
Use -header-filter=.* to display errors from all non-system headers. Use -system-headers to display errors from system headers as well.

[22/34][58.4s] /home/fabio/.llvm/toolchains/source-llvmorg-21-init/bin/clang-tidy -export-fixes /tmp/tmpjq3x7tnl/tmp9ohhue0n.yaml -p=/mnt/projects/Projects/chromewebdriver/build /mnt/projects/Projects/chromewebdriver/tests/bidi_message_test.cpp
/mnt/projects/Projects/chromewebdriver/tests/bidi_message_test.cpp:17:38: warning: 42 is a magic number; consider replacing it with a named constant [cppcoreguidelines-avoid-magic-numbers,readability-magic-numbers]
   17 |     auto command_msg = build_command(42, "session.new",
      |                                      ^
/mnt/projects/Projects/chromewebdriver/tests/bidi_message_test.cpp:31:17: warning: unchecked access to optional value [bugprone-unchecked-optional-access]
   31 |     ASSERT_TRUE(parsed->is_success);
      |                 ^
/mnt/projects/Projects/chromewebdriver/tests/bidi_message_test.cpp:32:15: warning: unchecked access to optional value [bugprone-unchecked-optional-access]
   32 |     EXPECT_EQ(parsed->id, 42);
      |               ^
/mnt/projects/Projects/chromewebdriver/tests/bidi_message_test.cpp:33:17: warning: unchecked access to optional value [bugprone-unchecked-optional-access]
   33 |     ASSERT_TRUE(parsed->result.if_contains("sessionId"));
      |                 ^
/mnt/projects/Projects/chromewebdriver/tests/bidi_message_test.cpp:34:15: warning: unchecked access to optional value [bugprone-unchecked-optional-access]
   34 |     EXPECT_EQ(parsed->result["sessionId"].as_string(), "test-session");
      |               ^
/mnt/projects/Projects/chromewebdriver/tests/bidi_message_test.cpp:45:15: warning: unchecked access to optional value [bugprone-unchecked-optional-access]
   45 |     EXPECT_EQ(parsed->method, bidi::ids::events::log_entryAdded);
      |               ^
/mnt/projects/Projects/chromewebdriver/tests/bidi_message_test.cpp:54:18: warning: unchecked access to optional value [bugprone-unchecked-optional-access]
   54 |     EXPECT_FALSE(parsed->is_success);
      |                  ^
/mnt/projects/Projects/chromewebdriver/tests/bidi_message_test.cpp:55:15: warning: unchecked access to optional value [bugprone-unchecked-optional-access]
   55 |     EXPECT_EQ(parsed->id, 7);
      |               ^
/mnt/projects/Projects/chromewebdriver/tests/bidi_message_test.cpp:56:15: warning: unchecked access to optional value [bugprone-unchecked-optional-access]
   56 |     EXPECT_EQ(parsed->error_code, "invalid argument");
      |               ^
/mnt/projects/Projects/chromewebdriver/tests/bidi_message_test.cpp:57:15: warning: unchecked access to optional value [bugprone-unchecked-optional-access]
   57 |     EXPECT_EQ(parsed->error_message, "bad param");
      |               ^
176757 warnings generated.
Suppressed 176894 warnings (176746 in non-user code, 148 NOLINT).
Use -header-filter=.* to display errors from all non-system headers. Use -system-headers to display errors from system headers as well.

[23/34][60.3s] /home/fabio/.llvm/toolchains/source-llvmorg-21-init/bin/clang-tidy -export-fixes /tmp/tmpjq3x7tnl/tmpvduw_g84.yaml -p=/mnt/projects/Projects/chromewebdriver/build /mnt/projects/Projects/chromewebdriver/tests/bidi_session_routing_test.cpp
/mnt/projects/Projects/chromewebdriver/tests/bidi_session_routing_test.cpp:18:68: warning: parameter name 'r' is too short, expected at least 3 characters [readability-identifier-length]
   18 |     session->send_command("cmd.one", {}, [&](const ParsedResponse &r) {
      |                                                                    ^
/mnt/projects/Projects/chromewebdriver/tests/bidi_session_routing_test.cpp:22:68: warning: parameter name 'r' is too short, expected at least 3 characters [readability-identifier-length]
   22 |     session->send_command("cmd.two", {}, [&](const ParsedResponse &r) {
      |                                                                    ^
/mnt/projects/Projects/chromewebdriver/tests/bidi_session_routing_test.cpp:50:9: warning: coroutine lambda may cause use-after-free, avoid captures or ensure lambda closure object has guaranteed lifetime [cppcoreguidelines-avoid-capturing-lambda-coroutines]
   50 |         [session, &test_done]() -> boost::asio::awaitable<void> {
      |         ^
/mnt/projects/Projects/chromewebdriver/tests/bidi_session_routing_test.cpp:65:63: warning: 100 is a magic number; consider replacing it with a named constant [cppcoreguidelines-avoid-magic-numbers,readability-magic-numbers]
   65 |                 timer.expires_after(std::chrono::milliseconds(100));
      |                                                               ^
/mnt/projects/Projects/chromewebdriver/tests/bidi_session_routing_test.cpp:87:63: warning: 50 is a magic number; consider replacing it with a named constant [cppcoreguidelines-avoid-magic-numbers,readability-magic-numbers]
   87 |                 timer.expires_after(std::chrono::milliseconds(50));
      |                                                               ^
/mnt/projects/Projects/chromewebdriver/tests/bidi_session_routing_test.cpp:114:68: warning: parameter name 'r' is too short, expected at least 3 characters [readability-identifier-length]
  114 |     session->send_command("cmd.err", {}, [&](const ParsedResponse &r) {
      |                                                                    ^
179141 warnings generated.
Suppressed 179281 warnings (179133 in non-user code, 148 NOLINT).
Use -header-filter=.* to display errors from all non-system headers. Use -system-headers to display errors from system headers as well.

[24/34][60.3s] /home/fabio/.llvm/toolchains/source-llvmorg-21-init/bin/clang-tidy -export-fixes /tmp/tmpjq3x7tnl/tmpj7vm6xgq.yaml -p=/mnt/projects/Projects/chromewebdriver/build /mnt/projects/Projects/chromewebdriver/tests/bidi_client_spec_test.cpp
/mnt/projects/Projects/chromewebdriver/tests/bidi_client_spec_test.cpp:16:36: warning: parameter name 'id' is too short, expected at least 3 characters [readability-identifier-length]
   16 | auto make_success_response(id_type id, const boost::json::object &result = {})
      |                                    ^
/mnt/projects/Projects/chromewebdriver/tests/bidi_client_spec_test.cpp:18:25: warning: variable name 'o' is too short, expected at least 2 characters [readability-identifier-length]
   18 |     boost::json::object o;
      |                         ^
/mnt/projects/Projects/chromewebdriver/tests/bidi_client_spec_test.cpp:22:10: warning: variable name 's' is too short, expected at least 2 characters [readability-identifier-length]
   22 |     auto s = boost::json::serialize(o);
      |          ^
/mnt/projects/Projects/chromewebdriver/tests/bidi_client_spec_test.cpp:26:34: warning: parameter name 'id' is too short, expected at least 3 characters [readability-identifier-length]
   26 | auto make_error_response(id_type id,
      |                                  ^
/mnt/projects/Projects/chromewebdriver/tests/bidi_client_spec_test.cpp:27:26: warning: 2 adjacent parameters of 'make_error_response' of similar type ('const std::string &') are easily swapped by mistake [bugprone-easily-swappable-parameters]
   27 |                          const std::string &code = "invalid argument",
      |                          ^~~~~~~~~~~~~~~~~~~~~~~~~~~~~~~~~~~~~~~~~~~~~
   28 |                          const std::string &msg = "bad") -> std::string {
      |                          ~~~~~~~~~~~~~~~~~~~~~~~~~~~~~~
/mnt/projects/Projects/chromewebdriver/tests/bidi_client_spec_test.cpp:27:45: note: the first parameter in the range is 'code'
   27 |                          const std::string &code = "invalid argument",
      |                                             ^~~~
/mnt/projects/Projects/chromewebdriver/tests/bidi_client_spec_test.cpp:28:45: note: the last parameter in the range is 'msg'
   28 |                          const std::string &msg = "bad") -> std::string {
      |                                             ^~~
/mnt/projects/Projects/chromewebdriver/tests/bidi_client_spec_test.cpp:29:25: warning: variable name 'o' is too short, expected at least 2 characters [readability-identifier-length]
   29 |     boost::json::object o;
      |                         ^
/mnt/projects/Projects/chromewebdriver/tests/bidi_client_spec_test.cpp:39:25: warning: variable name 'o' is too short, expected at least 2 characters [readability-identifier-length]
   39 |     boost::json::object o;
      |                         ^
/mnt/projects/Projects/chromewebdriver/tests/bidi_client_spec_test.cpp:49:42: warning: 123 is a magic number; consider replacing it with a named constant [cppcoreguidelines-avoid-magic-numbers,readability-magic-numbers]
   49 |     boost::json::object result{{"value", 123}};
      |                                          ^
/mnt/projects/Projects/chromewebdriver/tests/bidi_client_spec_test.cpp:50:42: warning: 42 is a magic number; consider replacing it with a named constant [cppcoreguidelines-avoid-magic-numbers,readability-magic-numbers]
   50 |     auto payload = make_success_response(42, result);
      |                                          ^
/mnt/projects/Projects/chromewebdriver/tests/bidi_client_spec_test.cpp:53:15: warning: unchecked access to optional value [bugprone-unchecked-optional-access]
   53 |     EXPECT_EQ(resp->id, 42U);
      |               ^
/mnt/projects/Projects/chromewebdriver/tests/bidi_client_spec_test.cpp:54:17: warning: unchecked access to optional value [bugprone-unchecked-optional-access]
   54 |     EXPECT_TRUE(resp->is_success) << "type=success deve marcar is_success=true";
      |                 ^
/mnt/projects/Projects/chromewebdriver/tests/bidi_client_spec_test.cpp:55:17: warning: unchecked access to optional value [bugprone-unchecked-optional-access]
   55 |     ASSERT_TRUE(resp->result.contains("value"));
      |                 ^
/mnt/projects/Projects/chromewebdriver/tests/bidi_client_spec_test.cpp:56:15: warning: unchecked access to optional value [bugprone-unchecked-optional-access]
   56 |     EXPECT_EQ(resp->result["value"].as_int64(), 123);
      |               ^
/mnt/projects/Projects/chromewebdriver/tests/bidi_client_spec_test.cpp:57:17: warning: unchecked access to optional value [bugprone-unchecked-optional-access]
   57 |     EXPECT_TRUE(resp->error_code.empty());
      |                 ^
/mnt/projects/Projects/chromewebdriver/tests/bidi_client_spec_test.cpp:61:40: warning: 7 is a magic number; consider replacing it with a named constant [cppcoreguidelines-avoid-magic-numbers,readability-magic-numbers]
   61 |     auto payload = make_error_response(7, "no such node", "not found");
      |                                        ^
/mnt/projects/Projects/chromewebdriver/tests/bidi_client_spec_test.cpp:64:15: warning: unchecked access to optional value [bugprone-unchecked-optional-access]
   64 |     EXPECT_EQ(resp->id, 7U);
      |               ^
/mnt/projects/Projects/chromewebdriver/tests/bidi_client_spec_test.cpp:65:18: warning: unchecked access to optional value [bugprone-unchecked-optional-access]
   65 |     EXPECT_FALSE(resp->is_success) << "type=error deve marcar is_success=false";
      |                  ^
/mnt/projects/Projects/chromewebdriver/tests/bidi_client_spec_test.cpp:66:15: warning: unchecked access to optional value [bugprone-unchecked-optional-access]
   66 |     EXPECT_EQ(resp->error_code, "no such node");
      |               ^
/mnt/projects/Projects/chromewebdriver/tests/bidi_client_spec_test.cpp:67:15: warning: unchecked access to optional value [bugprone-unchecked-optional-access]
   67 |     EXPECT_EQ(resp->error_message, "not found");
      |               ^
/mnt/projects/Projects/chromewebdriver/tests/bidi_client_spec_test.cpp:76:15: warning: unchecked access to optional value [bugprone-unchecked-optional-access]
   76 |     EXPECT_EQ(evt->method, bidi::ids::events::log_entryAdded);
      |               ^
/mnt/projects/Projects/chromewebdriver/tests/bidi_client_spec_test.cpp:77:17: warning: unchecked access to optional value [bugprone-unchecked-optional-access]
   77 |     ASSERT_TRUE(evt->params.contains("text"));
      |                 ^
/mnt/projects/Projects/chromewebdriver/tests/bidi_client_spec_test.cpp:78:15: warning: unchecked access to optional value [bugprone-unchecked-optional-access]
   78 |     EXPECT_EQ(evt->params["text"].as_string(), "hi");
      |               ^
176796 warnings generated.
Suppressed 176917 warnings (176769 in non-user code, 148 NOLINT).
Use -header-filter=.* to display errors from all non-system headers. Use -system-headers to display errors from system headers as well.

[25/34][47.4s] /home/fabio/.llvm/toolchains/source-llvmorg-21-init/bin/clang-tidy -export-fixes /tmp/tmpjq3x7tnl/tmpt1kejutu.yaml -p=/mnt/projects/Projects/chromewebdriver/build /mnt/projects/Projects/chromewebdriver/tests/test_pending_entry_pool_vec.cpp
177158 warnings generated.
Suppressed 177306 warnings (177158 in non-user code, 148 NOLINT).
Use -header-filter=.* to display errors from all non-system headers. Use -system-headers to display errors from system headers as well.

[26/34][26.3s] /home/fabio/.llvm/toolchains/source-llvmorg-21-init/bin/clang-tidy -export-fixes /tmp/tmpjq3x7tnl/tmph1lbvj38.yaml -p=/mnt/projects/Projects/chromewebdriver/build /mnt/projects/Projects/chromewebdriver/tests/test.cpp
/mnt/projects/Projects/chromewebdriver/tests/test.cpp:5:20: warning: variable 'serverUrl' is non-const and globally accessible, consider making it const [cppcoreguidelines-avoid-non-const-global-variables]
    5 | static const char *serverUrl = "http://localhost:8080";
      |                    ^
/mnt/projects/Projects/chromewebdriver/tests/test.cpp:22:9: warning: the value returned by this function should not be disregarded; neglecting it may lead to errors [bugprone-unused-return-value]
   22 |         browser.connect(args);
      |         ^~~~~~~~~~~~~~~~~~~~~
/mnt/projects/Projects/chromewebdriver/tests/test.cpp:28:15: warning: member variable 'browser' has protected visibility [cppcoreguidelines-non-private-member-variables-in-classes]
   28 |     WebDriver browser;
      |               ^
123356 warnings generated.
Suppressed 123410 warnings (123353 in non-user code, 57 NOLINT).
Use -header-filter=.* to display errors from all non-system headers. Use -system-headers to display errors from system headers as well.

[27/34][68.1s] /home/fabio/.llvm/toolchains/source-llvmorg-21-init/bin/clang-tidy -export-fixes /tmp/tmpjq3x7tnl/tmp9sg06gtj.yaml -p=/mnt/projects/Projects/chromewebdriver/build /mnt/projects/Projects/chromewebdriver/demo_optimized_threading.cpp
/mnt/projects/Projects/chromewebdriver/demo_optimized_threading.cpp:91:24: warning: 512 is a magic number; consider replacing it with a named constant [cppcoreguidelines-avoid-magic-numbers,readability-magic-numbers]
   91 |     MessageQueue queue{512};
      |                        ^
/mnt/projects/Projects/chromewebdriver/demo_optimized_threading.cpp:115:44: warning: 1000 is a magic number; consider replacing it with a named constant [cppcoreguidelines-avoid-magic-numbers,readability-magic-numbers]
  115 |         while (messages_processed.load() < 1000) {
      |                                            ^
/mnt/projects/Projects/chromewebdriver/demo_optimized_threading.cpp:124:71: warning: 10 is a magic number; consider replacing it with a named constant [cppcoreguidelines-avoid-magic-numbers,readability-magic-numbers]
  124 |                 std::this_thread::sleep_for(std::chrono::microseconds{10});
      |                                                                       ^
/mnt/projects/Projects/chromewebdriver/demo_optimized_threading.cpp:140:59: warning: 5 is a magic number; consider replacing it with a named constant [cppcoreguidelines-avoid-magic-numbers,readability-magic-numbers]
  140 |     TimerWheel timer_wheel{ioc, std::chrono::milliseconds{5}}; // 5ms tick
      |                                                           ^
/mnt/projects/Projects/chromewebdriver/demo_optimized_threading.cpp:154:39: warning: 10 is a magic number; consider replacing it with a named constant [cppcoreguidelines-avoid-magic-numbers,readability-magic-numbers]
  154 |             std::chrono::milliseconds{10 + (i % 100)}; // Spread timeouts
      |                                       ^
/mnt/projects/Projects/chromewebdriver/demo_optimized_threading.cpp:154:49: warning: 100 is a magic number; consider replacing it with a named constant [cppcoreguidelines-avoid-magic-numbers,readability-magic-numbers]
  154 |             std::chrono::milliseconds{10 + (i % 100)}; // Spread timeouts
      |                                                 ^
/mnt/projects/Projects/chromewebdriver/demo_optimized_threading.cpp:166:58: warning: 200 is a magic number; consider replacing it with a named constant [cppcoreguidelines-avoid-magic-numbers,readability-magic-numbers]
  166 |         [&ioc]() { ioc.run_for(std::chrono::milliseconds{200}); });
      |                                                          ^
195068 warnings generated.
Suppressed 195164 warnings (195054 in non-user code, 110 NOLINT).
Use -header-filter=.* to display errors from all non-system headers. Use -system-headers to display errors from system headers as well.

[28/34][62.9s] /home/fabio/.llvm/toolchains/source-llvmorg-21-init/bin/clang-tidy -export-fixes /tmp/tmpjq3x7tnl/tmpiuf3e46m.yaml -p=/mnt/projects/Projects/chromewebdriver/build /mnt/projects/Projects/chromewebdriver/src/bidi_client.cpp
/mnt/projects/Projects/chromewebdriver/src/bidi_client.cpp:23:68: warning: parameter name 'ec' is too short, expected at least 3 characters [readability-identifier-length]
   23 |         websocket_url, [result, session](boost::system::error_code ec) mutable {
      |                                                                    ^
/mnt/projects/Projects/chromewebdriver/src/bidi_client.cpp:133:23: warning: 2 adjacent parameters of 'evaluate' of similar type ('std::string_view') are easily swapped by mistake [bugprone-easily-swappable-parameters]
  133 | auto Client::evaluate(std::string_view expression, std::string_view context,
      |                       ^~~~~~~~~~~~~~~~~~~~~~~~~~~~~~~~~~~~~~~~~~~~~~~~~~~~~
/mnt/projects/Projects/chromewebdriver/src/bidi_client.cpp:133:40: note: the first parameter in the range is 'expression'
  133 | auto Client::evaluate(std::string_view expression, std::string_view context,
      |                                        ^~~~~~~~~~
/mnt/projects/Projects/chromewebdriver/src/bidi_client.cpp:133:69: note: the last parameter in the range is 'context'
  133 | auto Client::evaluate(std::string_view expression, std::string_view context,
      |                                                                     ^~~~~~~
/mnt/projects/Projects/chromewebdriver/src/bidi_client.cpp:153:28: warning: 2 adjacent parameters of 'call_function' of similar type ('std::string_view') are easily swapped by mistake [bugprone-easily-swappable-parameters]
  153 | auto Client::call_function(std::string_view function_declaration,
      |                            ^~~~~~~~~~~~~~~~~~~~~~~~~~~~~~~~~~~~~~
  154 |                            std::string_view context,
      |                            ~~~~~~~~~~~~~~~~~~~~~~~~
/mnt/projects/Projects/chromewebdriver/src/bidi_client.cpp:153:45: note: the first parameter in the range is 'function_declaration'
  153 | auto Client::call_function(std::string_view function_declaration,
      |                                             ^~~~~~~~~~~~~~~~~~~~
/mnt/projects/Projects/chromewebdriver/src/bidi_client.cpp:154:45: note: the last parameter in the range is 'context'
  154 |                            std::string_view context,
      |                                             ^~~~~~~
183290 warnings generated.
Suppressed 183397 warnings (183287 in non-user code, 110 NOLINT).
Use -header-filter=.* to display errors from all non-system headers. Use -system-headers to display errors from system headers as well.

[29/34][75.6s] /home/fabio/.llvm/toolchains/source-llvmorg-21-init/bin/clang-tidy -export-fixes /tmp/tmpjq3x7tnl/tmp8fjoab2w.yaml -p=/mnt/projects/Projects/chromewebdriver/build /mnt/projects/Projects/chromewebdriver/demo_integration.cpp
/mnt/projects/Projects/chromewebdriver/demo_integration.cpp:59:7: warning: class 'IntegratedWebDriverDemo' defines a non-default destructor but does not define a copy constructor, a copy assignment operator, a move constructor or a move assignment operator [cppcoreguidelines-special-member-functions]
   59 | class IntegratedWebDriverDemo {
      |       ^
/usr/include/boost/asio/impl/awaitable.hpp:508:40: warning: Access to field 'after_suspend_fn_' results in a dereference of an undefined pointer value (loaded from field 'resume_context_') [clang-analyzer-core.NullDereference]
  508 |     resume_context_->after_suspend_fn_ = fn;
      |                                        ^
/mnt/projects/Projects/chromewebdriver/demo_integration.cpp:53:14: note: Calling 'Async::operator()'
   53 |     co_await asyncOp();
      |              ^~~~~~~~~
/mnt/projects/Projects/chromewebdriver/include/asyncx.hpp:782:18: note: Calling 'async_initiate<const boost::asio::use_awaitable_t<>, void (boost::system::error_code), (lambda at /mnt/projects/Projects/chromewebdriver/include/asyncx.hpp:785:13), >'
  782 |         co_await boost::asio::async_initiate<
      |                  ^~~~~~~~~~~~~~~~~~~~~~~~~~~~
  783 |             decltype(boost::asio::use_awaitable),
      |             ~~~~~~~~~~~~~~~~~~~~~~~~~~~~~~~~~~~~~
  784 |             void(boost::system::error_code)>(
      |             ~~~~~~~~~~~~~~~~~~~~~~~~~~~~~~~~~
  785 |             [this](auto &&handler) mutable {
      |             ~~~~~~~~~~~~~~~~~~~~~~~~~~~~~~~~
  786 |                 using handler_t = std::decay_t<decltype(handler)>;
      |                 ~~~~~~~~~~~~~~~~~~~~~~~~~~~~~~~~~~~~~~~~~~~~~~~~~~
  787 |                 auto sp = std::make_shared<handler_t>(
      |                 ~~~~~~~~~~~~~~~~~~~~~~~~~~~~~~~~~~~~~~
  788 |                     std::forward<decltype(handler)>(handler));
      |                     ~~~~~~~~~~~~~~~~~~~~~~~~~~~~~~~~~~~~~~~~~~
  789 |                 this->finally([sp](std::optional<asyncx::EC> ec,
      |                 ~~~~~~~~~~~~~~~~~~~~~~~~~~~~~~~~~~~~~~~~~~~~~~~~
  790 |                                    const std::exception_ptr & /*ep*/) mutable {
      |                                    ~~~~~~~~~~~~~~~~~~~~~~~~~~~~~~~~~~~~~~~~~~~~
  791 |                     if (!ec) {
      |                     ~~~~~~~~~~
  792 |                         (*sp)(boost::system::error_code{});
      |                         ~~~~~~~~~~~~~~~~~~~~~~~~~~~~~~~~~~~
  793 |                     } else {
      |                     ~~~~~~~~
  794 |                         (*sp)(*ec);
      |                         ~~~~~~~~~~~
  795 |                     }
      |                     ~
  796 |                 });
      |                 ~~~
  797 |             },
      |             ~~
/usr/include/boost/asio/async_result.hpp:895:10: note: Calling 'async_result::initiate'
  895 |   return async_result<typename decay<CompletionToken>::type,
      |          ^~~~~~~~~~~~~~~~~~~~~~~~~~~~~~~~~~~~~~~~~~~~~~~~~~~
  896 |     Signatures...>::initiate(BOOST_ASIO_MOVE_CAST(Initiation)(initiation),
      |     ~~~~~~~~~~~~~~~~~~~~~~~~~~~~~~~~~~~~~~~~~~~~~~~~~~~~~~~~~~~~~~~~~~~~~~
  897 |       BOOST_ASIO_MOVE_CAST(CompletionToken)(token),
      |       ~~~~~~~~~~~~~~~~~~~~~~~~~~~~~~~~~~~~~~~~~~~~~
  898 |       BOOST_ASIO_MOVE_CAST(Args)(args)...);
      |       ~~~~~~~~~~~~~~~~~~~~~~~~~~~~~~~~~~~~
/usr/include/boost/asio/impl/use_awaitable.hpp:284:5: note: Calling 'result::await_suspend'
  284 |     co_await [&] (auto* frame)
      |     ^~~~~~~~
/usr/include/boost/asio/impl/awaitable.hpp:422:9: note: Calling 'awaitable_frame_base::after_suspend'
  422 |         this_->after_suspend(
      |         ^~~~~~~~~~~~~~~~~~~~~
  423 |             [](void* arg)
      |             ~~~~~~~~~~~~~
  424 |             {
      |             ~
  425 |               result* r = static_cast<result*>(arg);
      |               ~~~~~~~~~~~~~~~~~~~~~~~~~~~~~~~~~~~~~~
  426 |               r->function_(r->this_);
      |               ~~~~~~~~~~~~~~~~~~~~~~~
  427 |             }, this);
      |             ~~~~~~~~
/usr/include/boost/asio/impl/awaitable.hpp:508:40: note: Access to field 'after_suspend_fn_' results in a dereference of an undefined pointer value (loaded from field 'resume_context_')
  508 |     resume_context_->after_suspend_fn_ = fn;
      |     ~~~~~~~~~~~~~~~                    ^
206593 warnings generated.
Suppressed 206720 warnings (206591 in non-user code, 129 NOLINT).
Use -header-filter=.* to display errors from all non-system headers. Use -system-headers to display errors from system headers as well.

[30/34][43.7s] /home/fabio/.llvm/toolchains/source-llvmorg-21-init/bin/clang-tidy -export-fixes /tmp/tmpjq3x7tnl/tmp0vq0bqlj.yaml -p=/mnt/projects/Projects/chromewebdriver/build /mnt/projects/Projects/chromewebdriver/tests/test_retry_backoff.cpp
/mnt/projects/Projects/chromewebdriver/tests/test_retry_backoff.cpp:14:50: warning: parameter name 'ex' is too short, expected at least 3 characters [readability-identifier-length]
   14 | auto make_fail_then_succeed(net::any_io_executor ex, int fail_times,
      |                                                  ^
/mnt/projects/Projects/chromewebdriver/tests/test_retry_backoff.cpp:17:67: warning: parameter name 'cb' is too short, expected at least 3 characters [readability-identifier-length]
   17 |     return Async<T>::from_callback(ex, [fail_times, counter](auto cb,
      |                                                                   ^
/mnt/projects/Projects/chromewebdriver/tests/test_retry_backoff.cpp:18:74: warning: parameter name 'st' is too short, expected at least 3 characters [readability-identifier-length]
   18 |                                                              const auto &st) {
      |                                                                          ^
/mnt/projects/Projects/chromewebdriver/tests/test_retry_backoff.cpp:22:67: warning: 5 is a magic number; consider replacing it with a named constant [cppcoreguidelines-avoid-magic-numbers,readability-magic-numbers]
   22 |             std::this_thread::sleep_for(std::chrono::milliseconds(5));
      |                                                                   ^
/mnt/projects/Projects/chromewebdriver/tests/test_retry_backoff.cpp:44:56: warning: the parameter 'ex' is copied for each invocation but only used as a const reference; consider making it a const reference [performance-unnecessary-value-param]
   44 | auto make_fail_then_succeed<void>(net::any_io_executor ex, int fail_times,
      |                                                        ^
/mnt/projects/Projects/chromewebdriver/tests/test_retry_backoff.cpp:44:56: warning: parameter name 'ex' is too short, expected at least 3 characters [readability-identifier-length]
/mnt/projects/Projects/chromewebdriver/tests/test_retry_backoff.cpp:47:39: warning: passing result of std::move() as a const reference argument; no move will actually happen [performance-move-const-arg]
   47 |     return Async<void>::from_callback(std::move(ex), [fail_times,
      |                                       ^~~~~~~~~~  ~
/mnt/projects/Projects/chromewebdriver/tests/test_retry_backoff.cpp:48:69: warning: parameter name 'cb' is too short, expected at least 3 characters [readability-identifier-length]
   48 |                                                       counter](auto cb,
      |                                                                     ^
/mnt/projects/Projects/chromewebdriver/tests/test_retry_backoff.cpp:49:76: warning: parameter name 'st' is too short, expected at least 3 characters [readability-identifier-length]
   49 |                                                                const auto &st) {
      |                                                                            ^
/mnt/projects/Projects/chromewebdriver/tests/test_retry_backoff.cpp:54:67: warning: 5 is a magic number; consider replacing it with a named constant [cppcoreguidelines-avoid-magic-numbers,readability-magic-numbers]
   54 |             std::this_thread::sleep_for(std::chrono::milliseconds(5));
      |                                                                   ^
/mnt/projects/Projects/chromewebdriver/tests/test_retry_backoff.cpp:77:21: warning: 5 is a magic number; consider replacing it with a named constant [cppcoreguidelines-avoid-magic-numbers,readability-magic-numbers]
   77 |     pol.max_tries = 5;
      |                     ^
/mnt/projects/Projects/chromewebdriver/tests/test_retry_backoff.cpp:79:22: warning: 2.0 is a magic number; consider replacing it with a named constant [cppcoreguidelines-avoid-magic-numbers,readability-magic-numbers]
   79 |     pol.multiplier = 2.0;
      |                      ^
/mnt/projects/Projects/chromewebdriver/tests/test_retry_backoff.cpp:88:9: warning: coroutine lambda may cause use-after-free, avoid captures or ensure lambda closure object has guaranteed lifetime [cppcoreguidelines-avoid-capturing-lambda-coroutines]
   88 |         [composed]() -> boost::asio::awaitable<void> {
      |         ^
/mnt/projects/Projects/chromewebdriver/tests/test_retry_backoff.cpp:104:21: warning: 10 is a magic number; consider replacing it with a named constant [cppcoreguidelines-avoid-magic-numbers,readability-magic-numbers]
  104 |     pol.max_tries = 10;
      |                     ^
/mnt/projects/Projects/chromewebdriver/tests/test_retry_backoff.cpp:105:49: warning: 50 is a magic number; consider replacing it with a named constant [cppcoreguidelines-avoid-magic-numbers,readability-magic-numbers]
  105 |     pol.first_delay = std::chrono::milliseconds(50); // give time to cancel
      |                                                 ^
/mnt/projects/Projects/chromewebdriver/tests/test_retry_backoff.cpp:106:22: warning: 2.0 is a magic number; consider replacing it with a named constant [cppcoreguidelines-avoid-magic-numbers,readability-magic-numbers]
  106 |     pol.multiplier = 2.0;
      |                      ^
/mnt/projects/Projects/chromewebdriver/tests/test_retry_backoff.cpp:110:55: warning: 1000 is a magic number; consider replacing it with a named constant [cppcoreguidelines-avoid-magic-numbers,readability-magic-numbers]
  110 |         [&] { return make_fail_then_succeed<void>(ex, 1000, counter); }, ex,
      |                                                       ^
/mnt/projects/Projects/chromewebdriver/tests/test_retry_backoff.cpp:117:9: warning: coroutine lambda may cause use-after-free, avoid captures or ensure lambda closure object has guaranteed lifetime [cppcoreguidelines-avoid-capturing-lambda-coroutines]
  117 |         [composed]() -> boost::asio::awaitable<void> {
      |         ^
/mnt/projects/Projects/chromewebdriver/tests/test_retry_backoff.cpp:127:59: warning: 10 is a magic number; consider replacing it with a named constant [cppcoreguidelines-avoid-magic-numbers,readability-magic-numbers]
  127 |     std::this_thread::sleep_for(std::chrono::milliseconds(10));
      |                                                           ^
/mnt/projects/Projects/chromewebdriver/tests/test_retry_backoff.cpp:145:21: warning: 5 is a magic number; consider replacing it with a named constant [cppcoreguidelines-avoid-magic-numbers,readability-magic-numbers]
  145 |     pol.max_tries = 5;
      |                     ^
/mnt/projects/Projects/chromewebdriver/tests/test_retry_backoff.cpp:147:22: warning: 2.0 is a magic number; consider replacing it with a named constant [cppcoreguidelines-avoid-magic-numbers,readability-magic-numbers]
  147 |     pol.multiplier = 2.0;
      |                      ^
/mnt/projects/Projects/chromewebdriver/tests/test_retry_backoff.cpp:151:71: warning: parameter name 'ms' is too short, expected at least 3 characters [readability-identifier-length]
  151 |     pol.on_retry = [&hook_calls](int tries, std::chrono::milliseconds ms,
      |                                                                       ^
/mnt/projects/Projects/chromewebdriver/tests/test_retry_backoff.cpp:152:52: warning: parameter name 'ec' is too short, expected at least 3 characters [readability-identifier-length]
  152 |                                  const asyncx::EC &ec) {
      |                                                    ^
/mnt/projects/Projects/chromewebdriver/tests/test_retry_backoff.cpp:166:9: warning: coroutine lambda may cause use-after-free, avoid captures or ensure lambda closure object has guaranteed lifetime [cppcoreguidelines-avoid-capturing-lambda-coroutines]
  166 |         [composed]() -> boost::asio::awaitable<void> {
      |         ^
142123 warnings generated.
Suppressed 142232 warnings (142084 in non-user code, 148 NOLINT).
Use -header-filter=.* to display errors from all non-system headers. Use -system-headers to display errors from system headers as well.

[31/34][39.2s] /home/fabio/.llvm/toolchains/source-llvmorg-21-init/bin/clang-tidy -export-fixes /tmp/tmpjq3x7tnl/tmpfrzxb024.yaml -p=/mnt/projects/Projects/chromewebdriver/build /mnt/projects/Projects/chromewebdriver/tests/subscription_move_test.cpp
/mnt/projects/Projects/chromewebdriver/tests/subscription_move_test.cpp:11:2: warning: preprocessor condition is always 'false', consider removing both the condition and its contents [readability-avoid-unconditional-preprocessor-if]
   11 | #if 0
      |  ^
/mnt/projects/Projects/chromewebdriver/tests/subscription_move_test.cpp:43:18: warning: 'source' used after it was moved [bugprone-use-after-move]
   43 |     EXPECT_FALSE(source.is_active());
      |                  ^
/mnt/projects/Projects/chromewebdriver/tests/subscription_move_test.cpp:40:10: note: move occurred here
   40 |     dest = std::move(source);
      |          ^
/mnt/projects/Projects/chromewebdriver/tests/subscription_move_test.cpp:43:18: warning: Method called on moved-from object 'source' [clang-analyzer-cplusplus.Move]
   43 |     EXPECT_FALSE(source.is_active());
      |                  ^
/usr/include/gtest/gtest.h:1811:52: note: expanded from macro 'EXPECT_FALSE'
 1811 | #define EXPECT_FALSE(condition) GTEST_EXPECT_FALSE(condition)
      |                                                    ^~~~~~~~~
/usr/include/gtest/gtest.h:1795:25: note: expanded from macro 'GTEST_EXPECT_FALSE'
 1795 |   GTEST_TEST_BOOLEAN_(!(condition), #condition, true, false, \
      |                         ^~~~~~~~~
/usr/include/gtest/internal/gtest-internal.h:1493:38: note: expanded from macro 'GTEST_TEST_BOOLEAN_'
 1493 |           ::testing::AssertionResult(expression))                     \
      |                                      ^~~~~~~~~~
/mnt/projects/Projects/chromewebdriver/tests/subscription_move_test.cpp:40:5: note: Object 'source' is moved
   40 |     dest = std::move(source);
      |     ^~~~~~~~~~~~~~~~~~~~~~~~
/mnt/projects/Projects/chromewebdriver/tests/subscription_move_test.cpp:43:5: note: Control jumps to 'case 0:'  at line 43
   43 |     EXPECT_FALSE(source.is_active());
      |     ^
/usr/include/gtest/gtest.h:1811:33: note: expanded from macro 'EXPECT_FALSE'
 1811 | #define EXPECT_FALSE(condition) GTEST_EXPECT_FALSE(condition)
      |                                 ^
/usr/include/gtest/gtest.h:1795:3: note: expanded from macro 'GTEST_EXPECT_FALSE'
 1795 |   GTEST_TEST_BOOLEAN_(!(condition), #condition, true, false, \
      |   ^
/usr/include/gtest/internal/gtest-internal.h:1491:3: note: expanded from macro 'GTEST_TEST_BOOLEAN_'
 1491 |   GTEST_AMBIGUOUS_ELSE_BLOCKER_                                       \
      |   ^
/usr/include/gtest/internal/gtest-port.h:712:3: note: expanded from macro 'GTEST_AMBIGUOUS_ELSE_BLOCKER_'
  712 |   switch (0)                          \
      |   ^
/mnt/projects/Projects/chromewebdriver/tests/subscription_move_test.cpp:43:18: note: Method called on moved-from object 'source'
   43 |     EXPECT_FALSE(source.is_active());
      |                  ^
/usr/include/gtest/gtest.h:1811:52: note: expanded from macro 'EXPECT_FALSE'
 1811 | #define EXPECT_FALSE(condition) GTEST_EXPECT_FALSE(condition)
      |                                                    ^~~~~~~~~
/usr/include/gtest/gtest.h:1795:25: note: expanded from macro 'GTEST_EXPECT_FALSE'
 1795 |   GTEST_TEST_BOOLEAN_(!(condition), #condition, true, false, \
      |                         ^~~~~~~~~
/usr/include/gtest/internal/gtest-internal.h:1493:38: note: expanded from macro 'GTEST_TEST_BOOLEAN_'
 1493 |           ::testing::AssertionResult(expression))                     \
      |                                      ^~~~~~~~~~
/mnt/projects/Projects/chromewebdriver/tests/subscription_move_test.cpp:57:18: warning: 'source' used after it was moved [bugprone-use-after-move]
   57 |     EXPECT_FALSE(source.is_active());
      |                  ^
/mnt/projects/Projects/chromewebdriver/tests/subscription_move_test.cpp:54:43: note: move occurred here
   54 |     bidi::core::BiDiSession::Subscription dest(std::move(source));
      |                                           ^
/mnt/projects/Projects/chromewebdriver/tests/subscription_move_test.cpp:57:18: warning: Method called on moved-from object 'source' [clang-analyzer-cplusplus.Move]
   57 |     EXPECT_FALSE(source.is_active());
      |                  ^
/usr/include/gtest/gtest.h:1811:52: note: expanded from macro 'EXPECT_FALSE'
 1811 | #define EXPECT_FALSE(condition) GTEST_EXPECT_FALSE(condition)
      |                                                    ^~~~~~~~~
/usr/include/gtest/gtest.h:1795:25: note: expanded from macro 'GTEST_EXPECT_FALSE'
 1795 |   GTEST_TEST_BOOLEAN_(!(condition), #condition, true, false, \
      |                         ^~~~~~~~~
/usr/include/gtest/internal/gtest-internal.h:1493:38: note: expanded from macro 'GTEST_TEST_BOOLEAN_'
 1493 |           ::testing::AssertionResult(expression))                     \
      |                                      ^~~~~~~~~~
/mnt/projects/Projects/chromewebdriver/tests/subscription_move_test.cpp:54:43: note: Object 'source' is moved
   54 |     bidi::core::BiDiSession::Subscription dest(std::move(source));
      |                                           ^~~~~~~~~~~~~~~~~~~~~~~
/mnt/projects/Projects/chromewebdriver/tests/subscription_move_test.cpp:57:5: note: Control jumps to 'case 0:'  at line 57
   57 |     EXPECT_FALSE(source.is_active());
      |     ^
/usr/include/gtest/gtest.h:1811:33: note: expanded from macro 'EXPECT_FALSE'
 1811 | #define EXPECT_FALSE(condition) GTEST_EXPECT_FALSE(condition)
      |                                 ^
/usr/include/gtest/gtest.h:1795:3: note: expanded from macro 'GTEST_EXPECT_FALSE'
 1795 |   GTEST_TEST_BOOLEAN_(!(condition), #condition, true, false, \
      |   ^
/usr/include/gtest/internal/gtest-internal.h:1491:3: note: expanded from macro 'GTEST_TEST_BOOLEAN_'
 1491 |   GTEST_AMBIGUOUS_ELSE_BLOCKER_                                       \
      |   ^
/usr/include/gtest/internal/gtest-port.h:712:3: note: expanded from macro 'GTEST_AMBIGUOUS_ELSE_BLOCKER_'
  712 |   switch (0)                          \
      |   ^
/mnt/projects/Projects/chromewebdriver/tests/subscription_move_test.cpp:57:18: note: Method called on moved-from object 'source'
   57 |     EXPECT_FALSE(source.is_active());
      |                  ^
/usr/include/gtest/gtest.h:1811:52: note: expanded from macro 'EXPECT_FALSE'
 1811 | #define EXPECT_FALSE(condition) GTEST_EXPECT_FALSE(condition)
      |                                                    ^~~~~~~~~
/usr/include/gtest/gtest.h:1795:25: note: expanded from macro 'GTEST_EXPECT_FALSE'
 1795 |   GTEST_TEST_BOOLEAN_(!(condition), #condition, true, false, \
      |                         ^~~~~~~~~
/usr/include/gtest/internal/gtest-internal.h:1493:38: note: expanded from macro 'GTEST_TEST_BOOLEAN_'
 1493 |           ::testing::AssertionResult(expression))                     \
      |                                      ^~~~~~~~~~
/mnt/projects/Projects/chromewebdriver/tests/subscription_move_test.cpp:70:18: warning: 'sub1' used after it was moved [bugprone-use-after-move]
   70 |     EXPECT_FALSE(sub1.is_active());
      |                  ^
/mnt/projects/Projects/chromewebdriver/tests/subscription_move_test.cpp:67:10: note: move occurred here
   67 |     sub2 = std::move(sub1);
      |          ^
/mnt/projects/Projects/chromewebdriver/tests/subscription_move_test.cpp:70:18: warning: Method called on moved-from object 'sub1' [clang-analyzer-cplusplus.Move]
   70 |     EXPECT_FALSE(sub1.is_active());
      |                  ^
/usr/include/gtest/gtest.h:1811:52: note: expanded from macro 'EXPECT_FALSE'
 1811 | #define EXPECT_FALSE(condition) GTEST_EXPECT_FALSE(condition)
      |                                                    ^~~~~~~~~
/usr/include/gtest/gtest.h:1795:25: note: expanded from macro 'GTEST_EXPECT_FALSE'
 1795 |   GTEST_TEST_BOOLEAN_(!(condition), #condition, true, false, \
      |                         ^~~~~~~~~
/usr/include/gtest/internal/gtest-internal.h:1493:38: note: expanded from macro 'GTEST_TEST_BOOLEAN_'
 1493 |           ::testing::AssertionResult(expression))                     \
      |                                      ^~~~~~~~~~
/mnt/projects/Projects/chromewebdriver/tests/subscription_move_test.cpp:67:5: note: Object 'sub1' is moved
   67 |     sub2 = std::move(sub1);
      |     ^~~~~~~~~~~~~~~~~~~~~~
/mnt/projects/Projects/chromewebdriver/tests/subscription_move_test.cpp:70:5: note: Control jumps to 'case 0:'  at line 70
   70 |     EXPECT_FALSE(sub1.is_active());
      |     ^
/usr/include/gtest/gtest.h:1811:33: note: expanded from macro 'EXPECT_FALSE'
 1811 | #define EXPECT_FALSE(condition) GTEST_EXPECT_FALSE(condition)
      |                                 ^
/usr/include/gtest/gtest.h:1795:3: note: expanded from macro 'GTEST_EXPECT_FALSE'
 1795 |   GTEST_TEST_BOOLEAN_(!(condition), #condition, true, false, \
      |   ^
/usr/include/gtest/internal/gtest-internal.h:1491:3: note: expanded from macro 'GTEST_TEST_BOOLEAN_'
 1491 |   GTEST_AMBIGUOUS_ELSE_BLOCKER_                                       \
      |   ^
/usr/include/gtest/internal/gtest-port.h:712:3: note: expanded from macro 'GTEST_AMBIGUOUS_ELSE_BLOCKER_'
  712 |   switch (0)                          \
      |   ^
/mnt/projects/Projects/chromewebdriver/tests/subscription_move_test.cpp:70:18: note: Method called on moved-from object 'sub1'
   70 |     EXPECT_FALSE(sub1.is_active());
      |                  ^
/usr/include/gtest/gtest.h:1811:52: note: expanded from macro 'EXPECT_FALSE'
 1811 | #define EXPECT_FALSE(condition) GTEST_EXPECT_FALSE(condition)
      |                                                    ^~~~~~~~~
/usr/include/gtest/gtest.h:1795:25: note: expanded from macro 'GTEST_EXPECT_FALSE'
 1795 |   GTEST_TEST_BOOLEAN_(!(condition), #condition, true, false, \
      |                         ^~~~~~~~~
/usr/include/gtest/internal/gtest-internal.h:1493:38: note: expanded from macro 'GTEST_TEST_BOOLEAN_'
 1493 |           ::testing::AssertionResult(expression))                     \
      |                                      ^~~~~~~~~~
/mnt/projects/Projects/chromewebdriver/tests/subscription_move_test.cpp:71:18: warning: 'sub2' used after it was moved [bugprone-use-after-move]
   71 |     EXPECT_FALSE(sub2.is_active());
      |                  ^
/mnt/projects/Projects/chromewebdriver/tests/subscription_move_test.cpp:68:10: note: move occurred here
   68 |     sub3 = std::move(sub2);
      |          ^
/mnt/projects/Projects/chromewebdriver/tests/subscription_move_test.cpp:71:18: warning: Method called on moved-from object 'sub2' [clang-analyzer-cplusplus.Move]
   71 |     EXPECT_FALSE(sub2.is_active());
      |                  ^
/usr/include/gtest/gtest.h:1811:52: note: expanded from macro 'EXPECT_FALSE'
 1811 | #define EXPECT_FALSE(condition) GTEST_EXPECT_FALSE(condition)
      |                                                    ^~~~~~~~~
/usr/include/gtest/gtest.h:1795:25: note: expanded from macro 'GTEST_EXPECT_FALSE'
 1795 |   GTEST_TEST_BOOLEAN_(!(condition), #condition, true, false, \
      |                         ^~~~~~~~~
/usr/include/gtest/internal/gtest-internal.h:1493:38: note: expanded from macro 'GTEST_TEST_BOOLEAN_'
 1493 |           ::testing::AssertionResult(expression))                     \
      |                                      ^~~~~~~~~~
/mnt/projects/Projects/chromewebdriver/tests/subscription_move_test.cpp:68:5: note: Object 'sub2' is moved
   68 |     sub3 = std::move(sub2);
      |     ^~~~~~~~~~~~~~~~~~~~~~
/mnt/projects/Projects/chromewebdriver/tests/subscription_move_test.cpp:70:5: note: Control jumps to 'case 0:'  at line 70
   70 |     EXPECT_FALSE(sub1.is_active());
      |     ^
/usr/include/gtest/gtest.h:1811:33: note: expanded from macro 'EXPECT_FALSE'
 1811 | #define EXPECT_FALSE(condition) GTEST_EXPECT_FALSE(condition)
      |                                 ^
/usr/include/gtest/gtest.h:1795:3: note: expanded from macro 'GTEST_EXPECT_FALSE'
 1795 |   GTEST_TEST_BOOLEAN_(!(condition), #condition, true, false, \
      |   ^
/usr/include/gtest/internal/gtest-internal.h:1491:3: note: expanded from macro 'GTEST_TEST_BOOLEAN_'
 1491 |   GTEST_AMBIGUOUS_ELSE_BLOCKER_                                       \
      |   ^
/usr/include/gtest/internal/gtest-port.h:712:3: note: expanded from macro 'GTEST_AMBIGUOUS_ELSE_BLOCKER_'
  712 |   switch (0)                          \
      |   ^
/mnt/projects/Projects/chromewebdriver/tests/subscription_move_test.cpp:70:5: note: Assuming the condition is true
   70 |     EXPECT_FALSE(sub1.is_active());
      |     ^
/usr/include/gtest/gtest.h:1811:33: note: expanded from macro 'EXPECT_FALSE'
 1811 | #define EXPECT_FALSE(condition) GTEST_EXPECT_FALSE(condition)
      |                                 ^~~~~~~~~~~~~~~~~~~~~~~~~~~~~
/usr/include/gtest/gtest.h:1795:23: note: expanded from macro 'GTEST_EXPECT_FALSE'
 1795 |   GTEST_TEST_BOOLEAN_(!(condition), #condition, true, false, \
      |   ~~~~~~~~~~~~~~~~~~~~^~~~~~~~~~~~~~~~~~~~~~~~~~~~~~~~~~~~~~~~
 1796 |                       GTEST_NONFATAL_FAILURE_)
      |                       ~~~~~~~~~~~~~~~~~~~~~~~~
/usr/include/gtest/internal/gtest-internal.h:1493:38: note: expanded from macro 'GTEST_TEST_BOOLEAN_'
 1493 |           ::testing::AssertionResult(expression))                     \
      |                                      ^~~~~~~~~~
/mnt/projects/Projects/chromewebdriver/tests/subscription_move_test.cpp:70:5: note: Taking true branch
   70 |     EXPECT_FALSE(sub1.is_active());
      |     ^
/usr/include/gtest/gtest.h:1811:33: note: expanded from macro 'EXPECT_FALSE'
 1811 | #define EXPECT_FALSE(condition) GTEST_EXPECT_FALSE(condition)
      |                                 ^
/usr/include/gtest/gtest.h:1795:3: note: expanded from macro 'GTEST_EXPECT_FALSE'
 1795 |   GTEST_TEST_BOOLEAN_(!(condition), #condition, true, false, \
      |   ^
/usr/include/gtest/internal/gtest-internal.h:1492:3: note: expanded from macro 'GTEST_TEST_BOOLEAN_'
 1492 |   if (const ::testing::AssertionResult gtest_ar_ =                    \
      |   ^
/mnt/projects/Projects/chromewebdriver/tests/subscription_move_test.cpp:71:5: note: Control jumps to 'case 0:'  at line 71
   71 |     EXPECT_FALSE(sub2.is_active());
      |     ^
/usr/include/gtest/gtest.h:1811:33: note: expanded from macro 'EXPECT_FALSE'
 1811 | #define EXPECT_FALSE(condition) GTEST_EXPECT_FALSE(condition)
      |                                 ^
/usr/include/gtest/gtest.h:1795:3: note: expanded from macro 'GTEST_EXPECT_FALSE'
 1795 |   GTEST_TEST_BOOLEAN_(!(condition), #condition, true, false, \
      |   ^
/usr/include/gtest/internal/gtest-internal.h:1491:3: note: expanded from macro 'GTEST_TEST_BOOLEAN_'
 1491 |   GTEST_AMBIGUOUS_ELSE_BLOCKER_                                       \
      |   ^
/usr/include/gtest/internal/gtest-port.h:712:3: note: expanded from macro 'GTEST_AMBIGUOUS_ELSE_BLOCKER_'
  712 |   switch (0)                          \
      |   ^
/mnt/projects/Projects/chromewebdriver/tests/subscription_move_test.cpp:71:18: note: Method called on moved-from object 'sub2'
   71 |     EXPECT_FALSE(sub2.is_active());
      |                  ^
/usr/include/gtest/gtest.h:1811:52: note: expanded from macro 'EXPECT_FALSE'
 1811 | #define EXPECT_FALSE(condition) GTEST_EXPECT_FALSE(condition)
      |                                                    ^~~~~~~~~
/usr/include/gtest/gtest.h:1795:25: note: expanded from macro 'GTEST_EXPECT_FALSE'
 1795 |   GTEST_TEST_BOOLEAN_(!(condition), #condition, true, false, \
      |                         ^~~~~~~~~
/usr/include/gtest/internal/gtest-internal.h:1493:38: note: expanded from macro 'GTEST_TEST_BOOLEAN_'
 1493 |           ::testing::AssertionResult(expression))                     \
      |                                      ^~~~~~~~~~
176450 warnings generated.
Suppressed 176589 warnings (176441 in non-user code, 148 NOLINT).
Use -header-filter=.* to display errors from all non-system headers. Use -system-headers to display errors from system headers as well.

[32/34][40.5s] /home/fabio/.llvm/toolchains/source-llvmorg-21-init/bin/clang-tidy -export-fixes /tmp/tmpjq3x7tnl/tmp0yw5ds1s.yaml -p=/mnt/projects/Projects/chromewebdriver/build /mnt/projects/Projects/chromewebdriver/tests/bidi_parsing_negative_test.cpp
/mnt/projects/Projects/chromewebdriver/tests/bidi_parsing_negative_test.cpp:35:18: warning: unchecked access to optional value [bugprone-unchecked-optional-access]
   35 |     EXPECT_FALSE(err->is_success);
      |                  ^
/mnt/projects/Projects/chromewebdriver/tests/bidi_parsing_negative_test.cpp:36:17: warning: unchecked access to optional value [bugprone-unchecked-optional-access]
   36 |     EXPECT_TRUE(err->error_code.empty());
      |                 ^
/mnt/projects/Projects/chromewebdriver/tests/bidi_parsing_negative_test.cpp:37:17: warning: unchecked access to optional value [bugprone-unchecked-optional-access]
   37 |     EXPECT_TRUE(err->error_message.empty());
      |                 ^
/mnt/projects/Projects/chromewebdriver/tests/bidi_parsing_negative_test.cpp:41:17: warning: unchecked access to optional value [bugprone-unchecked-optional-access]
   41 |     EXPECT_TRUE(ok->is_success);
      |                 ^
/mnt/projects/Projects/chromewebdriver/tests/bidi_parsing_negative_test.cpp:42:17: warning: unchecked access to optional value [bugprone-unchecked-optional-access]
   42 |     EXPECT_TRUE(ok->result.empty());
      |                 ^
176562 warnings generated.
Suppressed 176705 warnings (176557 in non-user code, 148 NOLINT).
Use -header-filter=.* to display errors from all non-system headers. Use -system-headers to display errors from system headers as well.

[33/34][141.8s] /home/fabio/.llvm/toolchains/source-llvmorg-21-init/bin/clang-tidy -export-fixes /tmp/tmpjq3x7tnl/tmpqeql6smp.yaml -p=/mnt/projects/Projects/chromewebdriver/build /mnt/projects/Projects/chromewebdriver/src/bidi_core.cpp
/mnt/projects/Projects/chromewebdriver/src/bidi_core.cpp:1073:25: warning: use a ranges version of this algorithm [modernize-use-ranges]
 1073 |                         std::remove_if(
      |                         ^~~~~~~~~~~~~~
      |                         std::ranges::remove_if
 1074 |                             vec.begin(), vec.end(),
      |                             ~~~~~~~~~~~  ~~~~~~~~~
      |                             vec
/mnt/projects/Projects/chromewebdriver/src/bidi_core.cpp:1246:19: warning: use a ranges version of this algorithm [modernize-use-ranges]
 1246 |         vec.erase(std::remove(vec.begin(), vec.end(), handler_ptr), vec.end());
      |                   ^~~~~~~~~~~ ~~~~~~~~~~~  ~~~~~~~~~
      |                   std::ranges::remove vec
202141 warnings generated.
Suppressed 202249 warnings (202139 in non-user code, 110 NOLINT).
Use -header-filter=.* to display errors from all non-system headers. Use -system-headers to display errors from system headers as well.

[34/34][126.4s] /home/fabio/.llvm/toolchains/source-llvmorg-21-init/bin/clang-tidy -export-fixes /tmp/tmpjq3x7tnl/tmpoax5aar9.yaml -p=/mnt/projects/Projects/chromewebdriver/build /mnt/projects/Projects/chromewebdriver/src/bidi_session_threaded.cpp
/mnt/projects/Projects/chromewebdriver/src/bidi_session_threaded.cpp:21:14: warning: variable name 'e' is too short, expected at least 2 characters [readability-identifier-length]
   21 |         auto e = pending_entry_pool_.back();
      |              ^
/mnt/projects/Projects/chromewebdriver/src/bidi_session_threaded.cpp:87:53: warning: 5 is a magic number; consider replacing it with a named constant [cppcoreguidelines-avoid-magic-numbers,readability-magic-numbers]
   87 |         ws_url.starts_with("ws://") ? ws_url.substr(5) : ws_url;
      |                                                     ^
/mnt/projects/Projects/chromewebdriver/src/bidi_session_threaded.cpp:346:11: warning: empty catch statements hide issues; to handle exceptions appropriately, consider re-throwing, handling, or avoiding catch altogether [bugprone-empty-catch]
  346 |         } catch (...) {
      |           ^
/mnt/projects/Projects/chromewebdriver/src/bidi_session_threaded.cpp:467:26: warning: variable name 'm' is too short, expected at least 2 characters [readability-identifier-length]
  467 |         for (const auto &m : methods) {
      |                          ^
/mnt/projects/Projects/chromewebdriver/src/bidi_session_threaded.cpp:476:26: warning: variable name 'm' is too short, expected at least 2 characters [readability-identifier-length]
  476 |         for (const auto &m : methods) {
      |                          ^
/mnt/projects/Projects/chromewebdriver/src/bidi_session_threaded.cpp:679:5: warning: 2 adjacent parameters of 'revert_context_refcounts_on_strand' of similar type ('const std::vector<std::string> &') are easily swapped by mistake [bugprone-easily-swappable-parameters]
  679 |     const std::vector<std::string> &methods,
      |     ^~~~~~~~~~~~~~~~~~~~~~~~~~~~~~~~~~~~~~~~
  680 |     const std::vector<std::string> &captured_contexts) {
      |     ~~~~~~~~~~~~~~~~~~~~~~~~~~~~~~~~~~~~~~~~~~~~~~~~~
/mnt/projects/Projects/chromewebdriver/src/bidi_session_threaded.cpp:679:37: note: the first parameter in the range is 'methods'
  679 |     const std::vector<std::string> &methods,
      |                                     ^~~~~~~
/mnt/projects/Projects/chromewebdriver/src/bidi_session_threaded.cpp:680:37: note: the last parameter in the range is 'captured_contexts'
  680 |     const std::vector<std::string> &captured_contexts) {
      |                                     ^~~~~~~~~~~~~~~~~
201216 warnings generated.
Suppressed 201320 warnings (201209 in non-user code, 111 NOLINT).
Use -header-filter=.* to display errors from all non-system headers. Use -system-headers to display errors from system headers as well.

Applying fixes ...
